Entity Name,Column Name,Column Type,Derivation Option,Display Derivation Expression,Effective Start Date,Status,Data Type,Decision Table Json,Conditional Json
FCT_NPA_PRODUCT,RESTRUCTURE_MONITORING_PERIOD,Temporary,Formula Expression,"IF(AND(ISNOTEMPTY(""FCT_NPA_PRODUCT"".""FK_FPM"".""MONITORING_PERIOD_END_DATE""),""FCT_NPA_PRODUCT"".""RESTRUCTURED_IND""==""Y""))THEN(DATEDIFF(""FCT_NPA_PRODUCT"".""FK_FPM"".""MONITORING_PERIOD_END_DATE"",""FCT_NPA_PRODUCT"".""var"".""BUSINESS_DATE"",""d""))ELSEIF(AND(ISEMPTY(""FCT_NPA_PRODUCT"".""FK_FPM"".""MONITORING_PERIOD_END_DATE""),""FCT_NPA_PRODUCT"".""RESTRUCTURED_IND""==""Y""))THEN(DATEDIFF(""FCT_NPA_PRODUCT"".""var"".""BUSINESS_DATE"",""FCT_NPA_PRODUCT"".""var"".""BUSINESS_DATE"",""d""))ELSE(0)",20-07-2026,ACTIVE,number,,
FCT_NPA_PRODUCT,COLLATERAL_AMT_CHECK,Temporary,Formula Expression,"IF(ISNOTEMPTY(""FCT_NPA_PRODUCT"".""COLLATERAL_AMT""))THEN(""TRUE"")ELSE(""FALSE"")",20-07-2026,ACTIVE,string,,
FCT_NPA_PRODUCT,BUSINESS_DATE,Temporary,Formula Expression,"TODATE(""FCT_NPA_PRODUCT"".""PERIOD_ID"")",20-07-2026,ACTIVE,datetime,,
FCT_NPA_PRODUCT,PREV_DAY_ASSET_CLASS_ID,Temporary,Formula Expression,"IF(AND(ISNOTEMPTY(""FCT_NPA_PRODUCT"".""FK_SPN"".""CROSS_NPA_DATE""),ISNOTEMPTY(""FCT_NPA_PRODUCT"".""FK_SPN"".""FREE_DATE_1"")))THEN(""FCT_NPA_PRODUCT"".""FK_SPN"".""RECLASS_ASSET_ID"")ELSE(1)",20-07-2026,ACTIVE,number,,
FCT_NPA_PRODUCT,ASSET_CLASS_DAYS,Temporary,Formula Expression,"IF(ISNOTEMPTY(""FCT_NPA_PRODUCT"".""FK_SPN"".""CLASSIFICATION_DATE""))THEN(DATEDIFF(""FCT_NPA_PRODUCT"".""var"".""BUSINESS_DATE"",""FCT_NPA_PRODUCT"".""FK_SPN"".""CLASSIFICATION_DATE"",""d"")+1)ELSEIF(ISNOTEMPTY(""FCT_NPA_PRODUCT"".""CLASSIFICATION_DATE""))THEN(DATEDIFF(""FCT_NPA_PRODUCT"".""var"".""BUSINESS_DATE"",""FCT_NPA_PRODUCT"".""CLASSIFICATION_DATE"",""d"")+1)ELSE(0)",20-07-2026,ACTIVE,number,,
FCT_PRODUCT_MASTER,BUSINESS_DATE,Temporary,Formula Expression,"TODATE(""FCT_PRODUCT_MASTER"".""PERIOD_ID"")",20-07-2026,ACTIVE,datetime,,
FCT_SMA_EVALUATION,SMA_GROUPING_ID,Physical,Decision Table,"IF((""FCT_SMA_EVALUATION"".""fK_FPM_AGG_SMA"".""MAX_DPD"") == 0) THEN(""1#@@#Standard"") ELSEIF((""FCT_SMA_EVALUATION"".""fK_FPM_AGG_SMA"".""MAX_DPD"") BETWEEN [1,30]) THEN(""2#@@#SMA 0"") ELSEIF((""FCT_SMA_EVALUATION"".""fK_FPM_AGG_SMA"".""MAX_DPD"") BETWEEN [31,60]) THEN(""3#@@#SMA 1"") ELSEIF((""FCT_SMA_EVALUATION"".""fK_FPM_AGG_SMA"".""MAX_DPD"") BETWEEN [61,90]) THEN(""4#@@#SMA 2"") ELSE(""1#@@#Default"")",20-07-2026,ACTIVE,number,"{""decisionTableDetails"":[{""derivedValue"":""STANDARD            "",""sequenceNumber"":1,""conditionName"":""Standard"",""conditionalLinksInfo"":[{""columnName"":""MAX_DPD"",""operator"":""=="",""rangeFrom"":"""",""rangeTo"":"""",""value"":""0"",""name"":""fK_FPM_AGG_SMA"",""type"":""REL"",""isFilterSet"":""""}]},{""derivedValue"":""SMA 0               "",""sequenceNumber"":2,""conditionName"":""SMA 0"",""conditionalLinksInfo"":[{""columnName"":""MAX_DPD"",""operator"":""BETWEEN"",""rangeFrom"":""1"",""rangeTo"":""30"",""value"":"""",""name"":""fK_FPM_AGG_SMA"",""type"":""REL"",""isFilterSet"":""""}]},{""derivedValue"":""SMA 1               "",""sequenceNumber"":3,""conditionName"":""SMA 1"",""conditionalLinksInfo"":[{""columnName"":""MAX_DPD"",""operator"":""BETWEEN"",""rangeFrom"":""31"",""rangeTo"":""60"",""value"":"""",""name"":""fK_FPM_AGG_SMA"",""type"":""REL"",""isFilterSet"":""""}]},{""derivedValue"":""SMA 2               "",""sequenceNumber"":4,""conditionName"":""SMA 2"",""conditionalLinksInfo"":[{""columnName"":""MAX_DPD"",""operator"":""BETWEEN"",""rangeFrom"":""61"",""rangeTo"":""90"",""value"":"""",""name"":""fK_FPM_AGG_SMA"",""type"":""REL"",""isFilterSet"":""""}]},{""derivedValue"":""STANDARD            "",""sequenceNumber"":5,""conditionName"":""Default"",""conditionalLinksInfo"":[]}],""decisionTableSelectedColumns"":[{""columnName"":""VERSION_NO"",""sequenceNumber"":46,""name"":""VERSION_NO"",""type"":""ENT""},{""columnName"":""DEPARTMENT_ID"",""sequenceNumber"":47,""name"":""DEPARTMENT_ID"",""type"":""ENT""},{""columnName"":""STD_PRODUCT_TYPE_ID"",""sequenceNumber"":48,""name"":""STD_PRODUCT_TYPE_ID"",""type"":""ENT""},{""columnName"":""CURRENCY_ID"",""sequenceNumber"":49,""name"":""CURRENCY_ID"",""type"":""ENT""},{""columnName"":""UNIFIED_CUSTOMER_ID"",""sequenceNumber"":50,""name"":""UNIFIED_CUSTOMER_ID"",""type"":""ENT""},{""columnName"":""UNIFIED_DATA_SOURCE_ID"",""sequenceNumber"":51,""name"":""UNIFIED_DATA_SOURCE_ID"",""type"":""ENT""},{""columnName"":""UNIFIED_CUSTOMER_DETAIL"",""sequenceNumber"":52,""name"":""UNIFIED_CUSTOMER_DETAIL"",""type"":""ENT""},{""columnName"":""PRODUCT_INSTANCE_BKEY"",""sequenceNumber"":53,""name"":""PRODUCT_INSTANCE_BKEY"",""type"":""ENT""},{""columnName"":""PRODUCT_SYSTEM"",""sequenceNumber"":54,""name"":""PRODUCT_SYSTEM"",""type"":""ENT""},{""columnName"":""SMA_ID"",""sequenceNumber"":55,""name"":""FK_SMA_GROUPING"",""type"":""REL""},{""columnName"":""SMA_TYPE"",""sequenceNumber"":56,""name"":""FK_SMA_GROUPING"",""type"":""REL""},{""columnName"":""SMA_CODE"",""sequenceNumber"":57,""name"":""FK_SMA_GROUPING"",""type"":""REL""},{""columnName"":""SMA_DESC"",""sequenceNumber"":58,""name"":""FK_SMA_GROUPING"",""type"":""REL""},{""columnName"":""SYSTEM_ENTRY_TIME"",""sequenceNumber"":59,""name"":""FK_SMA_GROUPING"",""type"":""REL""},{""columnName"":""SMA_PRIORITY"",""sequenceNumber"":60,""name"":""FK_SMA_GROUPING"",""type"":""REL""},{""columnName"":""PERIOD_ID"",""sequenceNumber"":61,""name"":""fK_SMA_PERSISTENCY"",""type"":""REL""},{""columnName"":""PRODUCT_INSTANCE_ID"",""sequenceNumber"":62,""name"":""fK_SMA_PERSISTENCY"",""type"":""REL""},{""columnName"":""IS_PERSIST"",""sequenceNumber"":63,""name"":""fK_SMA_PERSISTENCY"",""type"":""REL""},{""columnName"":""SYSTEM_IDENTIFIER"",""sequenceNumber"":64,""name"":""fK_SMA_PERSISTENCY"",""type"":""REL""},{""columnName"":""OLD_SMA_STATUS"",""sequenceNumber"":65,""name"":""fK_SMA_PERSISTENCY"",""type"":""REL""},{""columnName"":""MODIFIED_SMA_STATUS"",""sequenceNumber"":66,""name"":""fK_SMA_PERSISTENCY"",""type"":""REL""},{""columnName"":""PERSISTENCY_END_DATE"",""sequenceNumber"":67,""name"":""fK_SMA_PERSISTENCY"",""type"":""REL""},{""columnName"":""CUSTOMER_ID"",""sequenceNumber"":68,""name"":""fK_FPM_AGG"",""type"":""REL""},{""columnName"":""PERIOD_ID"",""sequenceNumber"":69,""name"":""fK_FPM_AGG"",""type"":""REL""},{""columnName"":""UNIFIED_CUSTOMER_ID"",""sequenceNumber"":70,""name"":""fK_FPM_AGG"",""type"":""REL""},{""columnName"":""LIMIT_DPD"",""sequenceNumber"":71,""name"":""fK_FPM_AGG"",""type"":""REL""},{""columnName"":""OVERDRAWN_DPD"",""sequenceNumber"":72,""name"":""fK_FPM_AGG"",""type"":""REL""},{""columnName"":""PRINCIPAL_DPD"",""sequenceNumber"":73,""name"":""fK_FPM_AGG"",""type"":""REL""},{""columnName"":""BILL_DPD"",""sequenceNumber"":74,""name"":""fK_FPM_AGG"",""type"":""REL""},{""columnName"":""DP_DPD"",""sequenceNumber"":75,""name"":""fK_FPM_AGG"",""type"":""REL""},{""columnName"":""INTEREST_DPD"",""sequenceNumber"":76,""name"":""fK_FPM_AGG"",""type"":""REL""},{""columnName"":""PAYLATER_DPD"",""sequenceNumber"":77,""name"":""fK_FPM_AGG"",""type"":""REL""},{""columnName"":""OUT_OF_ORDER_DPD"",""sequenceNumber"":78,""name"":""fK_FPM_AGG"",""type"":""REL""},{""columnName"":""DFS_DPD"",""sequenceNumber"":79,""name"":""fK_FPM_AGG"",""type"":""REL""},{""columnName"":""FREE_DPD_1"",""sequenceNumber"":80,""name"":""fK_FPM_AGG"",""type"":""REL""},{""columnName"":""FREE_DPD_2"",""sequenceNumber"":81,""name"":""fK_FPM_AGG"",""type"":""REL""},{""columnName"":""FREE_DPD_3"",""sequenceNumber"":82,""name"":""fK_FPM_AGG"",""type"":""REL""},{""columnName"":""FREE_DPD_4"",""sequenceNumber"":83,""name"":""fK_FPM_AGG"",""type"":""REL""},{""columnName"":""FREE_DPD_5"",""sequenceNumber"":84,""name"":""fK_FPM_AGG"",""type"":""REL""},{""columnName"":""FREE_DPD_6"",""sequenceNumber"":85,""name"":""fK_FPM_AGG"",""type"":""REL""},{""columnName"":""FREE_DPD_7"",""sequenceNumber"":86,""name"":""fK_FPM_AGG"",""type"":""REL""},{""columnName"":""FREE_DPD_8"",""sequenceNumber"":87,""name"":""fK_FPM_AGG"",""type"":""REL""},{""columnName"":""FREE_DPD_9"",""sequenceNumber"":88,""name"":""fK_FPM_AGG"",""type"":""REL""},{""columnName"":""FREE_DPD_10"",""sequenceNumber"":89,""name"":""fK_FPM_AGG"",""type"":""REL""},{""columnName"":""MAX_DPD"",""sequenceNumber"":90,""name"":""fK_FPM_AGG"",""type"":""REL""},{""columnName"":""TOTAL_OUTSTANDING_AMT"",""sequenceNumber"":91,""name"":""fK_FPM_AGG"",""type"":""REL""},{""columnName"":""MAX_MIS_DPD_1"",""sequenceNumber"":92,""name"":""fK_FPM_AGG"",""type"":""REL""},{""columnName"":""MAX_MIS_DPD_10"",""sequenceNumber"":93,""name"":""fK_FPM_AGG"",""type"":""REL""},{""columnName"":""MAX_MIS_DPD_2"",""sequenceNumber"":94,""name"":""fK_FPM_AGG"",""type"":""REL""},{""columnName"":""MAX_MIS_DPD_3"",""sequenceNumber"":95,""name"":""fK_FPM_AGG"",""type"":""REL""},{""columnName"":""MAX_MIS_DPD_4"",""sequenceNumber"":96,""name"":""fK_FPM_AGG"",""type"":""REL""},{""columnName"":""MAX_MIS_DPD_5"",""sequenceNumber"":97,""name"":""fK_FPM_AGG"",""type"":""REL""},{""columnName"":""MAX_MIS_DPD_6"",""sequenceNumber"":98,""name"":""fK_FPM_AGG"",""type"":""REL""},{""columnName"":""MAX_MIS_DPD_7"",""sequenceNumber"":99,""name"":""fK_FPM_AGG"",""type"":""REL""},{""columnName"":""MAX_MIS_DPD_8"",""sequenceNumber"":100,""name"":""fK_FPM_AGG"",""type"":""REL""},{""columnName"":""MAX_MIS_DPD_9"",""sequenceNumber"":101,""name"":""fK_FPM_AGG"",""type"":""REL""},{""columnName"":""COLLATERAL_AMOUNT"",""sequenceNumber"":102,""name"":""fK_FPM_AGG"",""type"":""REL""},{""columnName"":""COLLATERAL_TO_OUTSTNDING_RATIO"",""sequenceNumber"":103,""name"":""fK_FPM_AGG"",""type"":""REL""},{""columnName"":""CUSTOMER_ID"",""sequenceNumber"":104,""name"":""fK_FPM_AGG_SMA"",""type"":""REL""},{""columnName"":""PERIOD_ID"",""sequenceNumber"":105,""name"":""fK_FPM_AGG_SMA"",""type"":""REL""},{""columnName"":""FINAL_UNIFIED_CUSTOMER_ID"",""sequenceNumber"":106,""name"":""fK_FPM_AGG_SMA"",""type"":""REL""},{""columnName"":""LIMIT_DPD"",""sequenceNumber"":107,""name"":""fK_FPM_AGG_SMA"",""type"":""REL""},{""columnName"":""OVERDRAWN_DPD"",""sequenceNumber"":108,""name"":""fK_FPM_AGG_SMA"",""type"":""REL""},{""columnName"":""PRINCIPAL_DPD"",""sequenceNumber"":109,""name"":""fK_FPM_AGG_SMA"",""type"":""REL""},{""columnName"":""BILL_DPD"",""sequenceNumber"":110,""name"":""fK_FPM_AGG_SMA"",""type"":""REL""},{""columnName"":""STOCK_STATEMENT_DPD"",""sequenceNumber"":111,""name"":""fK_FPM_AGG_SMA"",""type"":""REL""},{""columnName"":""INTEREST_DPD"",""sequenceNumber"":112,""name"":""fK_FPM_AGG_SMA"",""type"":""REL""},{""columnName"":""PAYLATER_DPD"",""sequenceNumber"":113,""name"":""fK_FPM_AGG_SMA"",""type"":""REL""},{""columnName"":""OUT_OF_ORDER_DPD"",""sequenceNumber"":114,""name"":""fK_FPM_AGG_SMA"",""type"":""REL""},{""columnName"":""MAX_DPD"",""sequenceNumber"":115,""name"":""fK_FPM_AGG_SMA"",""type"":""REL""},{""columnName"":""DPD"",""sequenceNumber"":1,""name"":""DPD"",""type"":""ENT""},{""columnName"":""FREE_TEXT_1"",""sequenceNumber"":2,""name"":""FREE_TEXT_1"",""type"":""ENT""},{""columnName"":""FREE_TEXT_2"",""sequenceNumber"":3,""name"":""FREE_TEXT_2"",""type"":""ENT""},{""columnName"":""FREE_TEXT_3"",""sequenceNumber"":4,""name"":""FREE_TEXT_3"",""type"":""ENT""},{""columnName"":""FREE_TEXT_4"",""sequenceNumber"":5,""name"":""FREE_TEXT_4"",""type"":""ENT""},{""columnName"":""FREE_TEXT_5"",""sequenceNumber"":6,""name"":""FREE_TEXT_5"",""type"":""ENT""},{""columnName"":""FREE_TEXT_6"",""sequenceNumber"":7,""name"":""FREE_TEXT_6"",""type"":""ENT""},{""columnName"":""FREE_TEXT_7"",""sequenceNumber"":8,""name"":""FREE_TEXT_7"",""type"":""ENT""},{""columnName"":""FREE_TEXT_8"",""sequenceNumber"":9,""name"":""FREE_TEXT_8"",""type"":""ENT""},{""columnName"":""FREE_TEXT_9"",""sequenceNumber"":10,""name"":""FREE_TEXT_9"",""type"":""ENT""},{""columnName"":""FREE_TEXT_10"",""sequenceNumber"":11,""name"":""FREE_TEXT_10"",""type"":""ENT""},{""columnName"":""SMA_DATE"",""sequenceNumber"":12,""name"":""SMA_DATE"",""type"":""ENT""},{""columnName"":""CROSS_SMA_DATE"",""sequenceNumber"":13,""name"":""CROSS_SMA_DATE"",""type"":""ENT""},{""columnName"":""RECLASS_SMA_GROUPING_ID"",""sequenceNumber"":14,""name"":""RECLASS_SMA_GROUPING_ID"",""type"":""ENT""},{""columnName"":""OUTSTANDING_PRINCIPAL_AMT"",""sequenceNumber"":15,""name"":""OUTSTANDING_PRINCIPAL_AMT"",""type"":""ENT""},{""columnName"":""OUTSTANDING_INTEREST_AMT"",""sequenceNumber"":16,""name"":""OUTSTANDING_INTEREST_AMT"",""type"":""ENT""},{""columnName"":""OUTSTANDING_FEE_AMT"",""sequenceNumber"":17,""name"":""OUTSTANDING_FEE_AMT"",""type"":""ENT""},{""columnName"":""SMA_STATUS_REFERENCE"",""sequenceNumber"":18,""name"":""SMA_STATUS_REFERENCE"",""type"":""ENT""},{""columnName"":""USER_NAME"",""sequenceNumber"":19,""name"":""USER_NAME"",""type"":""ENT""},{""columnName"":""IS_PERSIST"",""sequenceNumber"":20,""name"":""IS_PERSIST"",""type"":""ENT""},{""columnName"":""CLASSIFICATION_DATE"",""sequenceNumber"":21,""name"":""CLASSIFICATION_DATE"",""type"":""ENT""},{""columnName"":""CAUSAL_ACCOUNT"",""sequenceNumber"":22,""name"":""CAUSAL_ACCOUNT"",""type"":""ENT""},{""columnName"":""CUSTOMER_BKEY"",""sequenceNumber"":23,""name"":""CUSTOMER_BKEY"",""type"":""ENT""},{""columnName"":""CUSTOMER_NAME"",""sequenceNumber"":24,""name"":""CUSTOMER_NAME"",""type"":""ENT""},{""columnName"":""CUSTOMER_TYPE_ID"",""sequenceNumber"":25,""name"":""CUSTOMER_TYPE_ID"",""type"":""ENT""},{""columnName"":""OUTSTANDING_AMT_ACY"",""sequenceNumber"":26,""name"":""OUTSTANDING_AMT_ACY"",""type"":""ENT""},{""columnName"":""SMA_REASON"",""sequenceNumber"":27,""name"":""SMA_REASON"",""type"":""ENT""},{""columnName"":""PRODUCT_TYPE_ID"",""sequenceNumber"":28,""name"":""PRODUCT_TYPE_ID"",""type"":""ENT""},{""columnName"":""RUN_ID"",""sequenceNumber"":29,""name"":""RUN_ID"",""type"":""ENT""},{""columnName"":""PRODUCT_INSTANCE_ID"",""sequenceNumber"":30,""name"":""PRODUCT_INSTANCE_ID"",""type"":""ENT""},{""columnName"":""PERIOD_ID"",""sequenceNumber"":31,""name"":""PERIOD_ID"",""type"":""ENT""},{""columnName"":""SYSTEM_IDENTIFIER"",""sequenceNumber"":32,""name"":""SYSTEM_IDENTIFIER"",""type"":""ENT""},{""columnName"":""SIGNAL_ID"",""sequenceNumber"":33,""name"":""SIGNAL_ID"",""type"":""ENT""},{""columnName"":""METRIC_ID"",""sequenceNumber"":34,""name"":""METRIC_ID"",""type"":""ENT""},{""columnName"":""DATA_SOURCE_ID"",""sequenceNumber"":35,""name"":""DATA_SOURCE_ID"",""type"":""ENT""},{""columnName"":""LOAD_EXECUTION_ID"",""sequenceNumber"":36,""name"":""LOAD_EXECUTION_ID"",""type"":""ENT""},{""columnName"":""METRIC_VALUE"",""sequenceNumber"":37,""name"":""METRIC_VALUE"",""type"":""ENT""},{""columnName"":""EWS_TAG_ID"",""sequenceNumber"":38,""name"":""EWS_TAG_ID"",""type"":""ENT""},{""columnName"":""SMA_GROUPING_ID"",""sequenceNumber"":39,""name"":""SMA_GROUPING_ID"",""type"":""ENT""},{""columnName"":""PROFILE_ID"",""sequenceNumber"":40,""name"":""PROFILE_ID"",""type"":""ENT""},{""columnName"":""CUSTOMER_ID"",""sequenceNumber"":41,""name"":""CUSTOMER_ID"",""type"":""ENT""},{""columnName"":""OUTSTANDING_AMT"",""sequenceNumber"":42,""name"":""OUTSTANDING_AMT"",""type"":""ENT""},{""columnName"":""STATUS_CHANGE_REMARKS"",""sequenceNumber"":43,""name"":""STATUS_CHANGE_REMARKS"",""type"":""ENT""},{""columnName"":""ADD_INFORMATION_REMARKS"",""sequenceNumber"":44,""name"":""ADD_INFORMATION_REMARKS"",""type"":""ENT""},{""columnName"":""IS_ACTIVE"",""sequenceNumber"":45,""name"":""IS_ACTIVE"",""type"":""ENT""}]}",
FCT_ECL_PRODUCT,Previous_internal_rating,Temporary,Formula Expression,"IF(TODATE(""FCT_ECL_PRODUCT"".""PERIOD_ID"")==TODATE(""FCT_ECL_PRODUCT"".""Internal Rating "".""PERIOD_ID""))THEN(""FCT_ECL_PRODUCT"".""Internal Rating "".""INTERNAL_RATING_ID"")ELSE(""FCT_ECL_PRODUCT"".""INTERNAL_RATING_ID"")",20-07-2026,ACTIVE,number,,
FCT_ECL_PRODUCT,Bureau score,Temporary,Formula Expression,"IF(""FCT_ECL_PRODUCT"".""EXTERNAL_RATING_ID_2""<670)THEN(""669"")ELSE(""671"")",20-07-2026,ACTIVE,number,,
FCT_ECL_PRODUCT,Internal_Rating_Down_2orMore,Temporary,Formula Expression,"IF((""FCT_ECL_PRODUCT"".""var"".""Previous_internal_rating"")-(""FCT_ECL_PRODUCT"".""INTERNAL_RATING_ID"")>2)THEN(""Y"")ELSE(""N"")",20-07-2026,ACTIVE,string,,
FCT_NPA_PROVISION,PROVISION_TYPE_ID,Physical,Formula Expression,"IF((OR(AND((""FCT_NPA_PROVISION"".""fK_PRODUCT_TYPE"".""PRODUCT_TYPE_BKEY"") == ""BNPL"",(""FCT_NPA_PROVISION"".""fK_PRODUCT_TYPE"".""DATA_SOURCE_ID"") == 1),AND((""FCT_NPA_PROVISION"".""fK_PRODUCT_TYPE"".""PRODUCT_TYPE_BKEY"") == ""CARDS"",(""FCT_NPA_PROVISION"".""fK_PRODUCT_TYPE"".""DATA_SOURCE_ID"") == 2),AND((""FCT_NPA_PROVISION"".""fK_PRODUCT_TYPE"".""PRODUCT_TYPE_BKEY"") == ""PL"",(""FCT_NPA_PROVISION"".""fK_PRODUCT_TYPE"".""DATA_SOURCE_ID"") == 1)))) THEN(""6#@@#NPA Provision for Unsecured Consumer"") ELSEIF((OR(AND((""FCT_NPA_PROVISION"".""fK_PRODUCT_TYPE"".""PRODUCT_TYPE_BKEY"") == ""Agri"",(""FCT_NPA_PROVISION"".""fK_PRODUCT_TYPE"".""DATA_SOURCE_ID"") == 1),AND((""FCT_NPA_PROVISION"".""fK_PRODUCT_TYPE"".""PRODUCT_TYPE_BKEY"") == ""BILLS"",(""FCT_NPA_PROVISION"".""fK_PRODUCT_TYPE"".""DATA_SOURCE_ID"") == 1),AND((""FCT_NPA_PROVISION"".""fK_PRODUCT_TYPE"".""PRODUCT_TYPE_BKEY"") == ""BL"",(""FCT_NPA_PROVISION"".""fK_PRODUCT_TYPE"".""DATA_SOURCE_ID"") == 1),AND((""FCT_NPA_PROVISION"".""fK_PRODUCT_TYPE"".""PRODUCT_TYPE_BKEY"") == ""CC"",(""FCT_NPA_PROVISION"".""fK_PRODUCT_TYPE"".""DATA_SOURCE_ID"") == 1),AND((""FCT_NPA_PROVISION"".""fK_PRODUCT_TYPE"".""PRODUCT_TYPE_BKEY"") == ""CL"",(""FCT_NPA_PROVISION"".""fK_PRODUCT_TYPE"".""DATA_SOURCE_ID"") == 1),AND((""FCT_NPA_PROVISION"".""fK_PRODUCT_TYPE"".""PRODUCT_TYPE_BKEY"") == ""HL"",(""FCT_NPA_PROVISION"".""fK_PRODUCT_TYPE"".""DATA_SOURCE_ID"") == 1),AND((""FCT_NPA_PROVISION"".""fK_PRODUCT_TYPE"".""PRODUCT_TYPE_BKEY"") == ""OD"",(""FCT_NPA_PROVISION"".""fK_PRODUCT_TYPE"".""DATA_SOURCE_ID"") == 1),AND((""FCT_NPA_PROVISION"".""fK_PRODUCT_TYPE"".""PRODUCT_TYPE_BKEY"") == ""TL"",(""FCT_NPA_PROVISION"".""fK_PRODUCT_TYPE"".""DATA_SOURCE_ID"") == 1)))) THEN(""7#@@#NPA Provision for All except Unsecured Consumer"") ELSE(""-1#@@#Default"")",20-07-2026,ACTIVE,number,,
FCT_PRODUCT_MASTER,PREV_DAY_ASSET_CLASS,Temporary,Formula Expression,"IF(ISNOTEMPTY(""FCT_PRODUCT_MASTER"".""FK_SPN"".""CROSS_NPA_DATE""))THEN(""FCT_PRODUCT_MASTER"".""FK_SPN"".""RECLASS_ASSET_ID"")ELSE(1)",20-07-2026,ACTIVE,number,,
FCT_PRODUCT_MASTER,NPA_DATE,Physical,Formula Expression,"IF(AND(ISNOTEMPTY(""FCT_PRODUCT_MASTER"".""FK_SPN"".""CROSS_NPA_DATE""),ISNOTEMPTY(""FCT_PRODUCT_MASTER"".""NPA_ID""),(""FCT_PRODUCT_MASTER"".""NPA_ID""==1)))THEN(""FCT_PRODUCT_MASTER"".""FK_SPN"".""CROSS_NPA_DATE"")ELSEIF(""FCT_PRODUCT_MASTER"".""NPA_ID""==1)THEN(""FCT_PRODUCT_MASTER"".""var"".""BUSINESS_DATE"")ELSE(""9999-12-31"")",20-07-2026,ACTIVE,datetime,,
FCT_PRODUCT_MASTER,PROVISION_TYPE_ID,Physical,Decision Table,"IF((OR(AND((""FCT_PRODUCT_MASTER"".""fK_PRODUCT_TYPE"".""PRODUCT_TYPE_BKEY"") == ""HL"",(""FCT_PRODUCT_MASTER"".""fK_PRODUCT_TYPE"".""DATA_SOURCE_ID"") == 1)))) THEN(""8#@@#Standard Provision for CRE-RH Sector"") ELSEIF((OR(AND((""FCT_PRODUCT_MASTER"".""fK_PRODUCT_TYPE"".""PRODUCT_TYPE_BKEY"") == ""Agri"",(""FCT_PRODUCT_MASTER"".""fK_PRODUCT_TYPE"".""DATA_SOURCE_ID"") == 1)))) THEN(""9#@@#Standard Provision for Agriculture loans"") ELSEIF((OR(AND((""FCT_PRODUCT_MASTER"".""fK_PRODUCT_TYPE"".""PRODUCT_TYPE_BKEY"") == ""BL"",(""FCT_PRODUCT_MASTER"".""fK_PRODUCT_TYPE"".""DATA_SOURCE_ID"") == 1)))) THEN(""10#@@#Standard Provision for Micro Enterprise"") ELSEIF(AND((OR(AND((""FCT_PRODUCT_MASTER"".""fK_PRODUCT_TYPE"".""PRODUCT_TYPE_BKEY"") == ""TL"",(""FCT_PRODUCT_MASTER"".""fK_PRODUCT_TYPE"".""DATA_SOURCE_ID"") == 1))),(""FCT_PRODUCT_MASTER"".""IS_MSME"")IN[""1""])) THEN(""11#@@#Standard Provision for Small Enterprise"") ELSEIF(AND(ISEMPTY(""FCT_PRODUCT_MASTER"".""NPA_DATE""),(OR(AND((""FCT_PRODUCT_MASTER"".""FK_NPA_ACTION"".""NPA_ACTION_CODE"") == ""Std-Restructure"",(""FCT_PRODUCT_MASTER"".""null"".""DATA_SOURCE_ID"") == 0))))) THEN(""12#@@#Standard Provision for Restructure Standard"") ELSEIF((OR(AND((""FCT_PRODUCT_MASTER"".""fK_PRODUCT_TYPE"".""PRODUCT_TYPE_BKEY"") == ""Agri"",(""FCT_PRODUCT_MASTER"".""fK_PRODUCT_TYPE"".""DATA_SOURCE_ID"") == 1),AND((""FCT_PRODUCT_MASTER"".""fK_PRODUCT_TYPE"".""PRODUCT_TYPE_BKEY"") == ""CC"",(""FCT_PRODUCT_MASTER"".""fK_PRODUCT_TYPE"".""DATA_SOURCE_ID"") == 1),AND((""FCT_PRODUCT_MASTER"".""fK_PRODUCT_TYPE"".""PRODUCT_TYPE_BKEY"") == ""BNPL"",(""FCT_PRODUCT_MASTER"".""fK_PRODUCT_TYPE"".""DATA_SOURCE_ID"") == 1),AND((""FCT_PRODUCT_MASTER"".""fK_PRODUCT_TYPE"".""PRODUCT_TYPE_BKEY"") == ""CARDS"",(""FCT_PRODUCT_MASTER"".""fK_PRODUCT_TYPE"".""DATA_SOURCE_ID"") == 2),AND((""FCT_PRODUCT_MASTER"".""fK_PRODUCT_TYPE"".""PRODUCT_TYPE_BKEY"") == ""BL"",(""FCT_PRODUCT_MASTER"".""fK_PRODUCT_TYPE"".""DATA_SOURCE_ID"") == 1),AND((""FCT_PRODUCT_MASTER"".""fK_PRODUCT_TYPE"".""PRODUCT_TYPE_BKEY"") == ""PL"",(""FCT_PRODUCT_MASTER"".""fK_PRODUCT_TYPE"".""DATA_SOURCE_ID"") == 1),AND((""FCT_PRODUCT_MASTER"".""fK_PRODUCT_TYPE"".""PRODUCT_TYPE_BKEY"") == ""TL"",(""FCT_PRODUCT_MASTER"".""fK_PRODUCT_TYPE"".""DATA_SOURCE_ID"") == 1),AND((""FCT_PRODUCT_MASTER"".""fK_PRODUCT_TYPE"".""PRODUCT_TYPE_BKEY"") == ""CL"",(""FCT_PRODUCT_MASTER"".""fK_PRODUCT_TYPE"".""DATA_SOURCE_ID"") == 1),AND((""FCT_PRODUCT_MASTER"".""fK_PRODUCT_TYPE"".""PRODUCT_TYPE_BKEY"") == ""HL"",(""FCT_PRODUCT_MASTER"".""fK_PRODUCT_TYPE"".""DATA_SOURCE_ID"") == 1),AND((""FCT_PRODUCT_MASTER"".""fK_PRODUCT_TYPE"".""PRODUCT_TYPE_BKEY"") == ""OD"",(""FCT_PRODUCT_MASTER"".""fK_PRODUCT_TYPE"".""DATA_SOURCE_ID"") == 1),AND((""FCT_PRODUCT_MASTER"".""fK_PRODUCT_TYPE"".""PRODUCT_TYPE_BKEY"") == ""BILLS"",(""FCT_PRODUCT_MASTER"".""fK_PRODUCT_TYPE"".""DATA_SOURCE_ID"") == 1)))) THEN(""13#@@#Standard Provision for others"") ELSE(""-1#@@#Default"")",20-07-2026,ACTIVE,number,"{""decisionTableDetails"":[{""derivedValue"":""CRE-RH Sector"",""sequenceNumber"":1,""conditionName"":""Standard Provision for CRE-RH Sector"",""conditionalLinksInfo"":[{""columnName"":""PRODUCT_TYPE_ID"",""operator"":""IN"",""rangeFrom"":"""",""rangeTo"":"""",""value"":"""",""name"":""PRODUCT_TYPE_ID"",""type"":""ENT"",""isFilterSet"":"""",""responseDDLookupColumnVO"":{""ddLookupColumnJSON"":{""ddLookupColumnListVOs"":[{""ddLookupColumnDerivedValuesVOs"":[{""columnName"":""PRODUCT_TYPE_ID"",""relationshipName"":""fK_PRODUCT_TYPE"",""columnType"":""ID"",""columnValue"":""9"",""columnUuid"":""a69272b7-a565-4f48-bda4-7426aa80d0d4"",""columnSequence"":-1,""isSelected"":false,""isVisible"":false,""dataTypeTechnicalName"":""Integer""},{""columnName"":""PRODUCT_TYPE_BKEY"",""relationshipName"":""fK_PRODUCT_TYPE"",""columnType"":""BKEY"",""columnValue"":""HL"",""columnUuid"":""a0f1a64c-74fa-479d-acb2-8477e748261c"",""columnSequence"":1,""isSelected"":false,""isVisible"":true,""dataTypeTechnicalName"":""String""},{""columnName"":""DATA_SOURCE_ID"",""relationshipName"":""fK_PRODUCT_TYPE"",""columnType"":""DATASOURCEID"",""columnValue"":""1"",""columnUuid"":""2cec2b06-a973-485e-973e-fbf4e6f290bf"",""columnSequence"":-1,""isSelected"":false,""isVisible"":false,""dataTypeTechnicalName"":""Integer""},{""columnName"":""DATA_SOURCE_NAME"",""relationshipName"":""FK_DATA_SOURCE"",""columnType"":""DATASOURCEBKEY"",""columnValue"":""CBS"",""columnUuid"":""25a9d36f-5cfc-4950-bece-41b94b4536bf"",""columnSequence"":2,""isSelected"":false,""isVisible"":true,""dataTypeTechnicalName"":""String""}]}],""isIdToBkey"":false,""relationshipName"":null},""linkedEntityName"":""DIM_PRODUCT_TYPE""}}]},{""derivedValue"":""Agriculture loans"",""sequenceNumber"":2,""conditionName"":""Standard Provision for Agriculture loans"",""conditionalLinksInfo"":[{""columnName"":""PRODUCT_TYPE_ID"",""operator"":""IN"",""rangeFrom"":"""",""rangeTo"":"""",""value"":"""",""name"":""PRODUCT_TYPE_ID"",""type"":""ENT"",""isFilterSet"":"""",""responseDDLookupColumnVO"":{""ddLookupColumnJSON"":{""ddLookupColumnListVOs"":[{""ddLookupColumnDerivedValuesVOs"":[{""columnName"":""PRODUCT_TYPE_ID"",""relationshipName"":""fK_PRODUCT_TYPE"",""columnType"":""ID"",""columnValue"":""1"",""columnUuid"":""a69272b7-a565-4f48-bda4-7426aa80d0d4"",""columnSequence"":-1,""isSelected"":false,""isVisible"":false,""dataTypeTechnicalName"":""Integer""},{""columnName"":""PRODUCT_TYPE_BKEY"",""relationshipName"":""fK_PRODUCT_TYPE"",""columnType"":""BKEY"",""columnValue"":""Agri"",""columnUuid"":""a0f1a64c-74fa-479d-acb2-8477e748261c"",""columnSequence"":1,""isSelected"":false,""isVisible"":true,""dataTypeTechnicalName"":""String""},{""columnName"":""DATA_SOURCE_ID"",""relationshipName"":""fK_PRODUCT_TYPE"",""columnType"":""DATASOURCEID"",""columnValue"":""1"",""columnUuid"":""2cec2b06-a973-485e-973e-fbf4e6f290bf"",""columnSequence"":-1,""isSelected"":false,""isVisible"":false,""dataTypeTechnicalName"":""Integer""},{""columnName"":""DATA_SOURCE_NAME"",""relationshipName"":""FK_DATA_SOURCE"",""columnType"":""DATASOURCEBKEY"",""columnValue"":""CBS"",""columnUuid"":""25a9d36f-5cfc-4950-bece-41b94b4536bf"",""columnSequence"":2,""isSelected"":false,""isVisible"":true,""dataTypeTechnicalName"":""String""}]}],""isIdToBkey"":false,""relationshipName"":null},""linkedEntityName"":""DIM_PRODUCT_TYPE""}}]},{""derivedValue"":""Micro Enterprise"",""sequenceNumber"":3,""conditionName"":""Standard Provision for Micro Enterprise"",""conditionalLinksInfo"":[{""columnName"":""PRODUCT_TYPE_ID"",""operator"":""IN"",""rangeFrom"":"""",""rangeTo"":"""",""value"":"""",""name"":""PRODUCT_TYPE_ID"",""type"":""ENT"",""isFilterSet"":"""",""responseDDLookupColumnVO"":{""ddLookupColumnJSON"":{""ddLookupColumnListVOs"":[{""ddLookupColumnDerivedValuesVOs"":[{""columnName"":""PRODUCT_TYPE_ID"",""relationshipName"":""fK_PRODUCT_TYPE"",""columnType"":""ID"",""columnValue"":""5"",""columnUuid"":""a69272b7-a565-4f48-bda4-7426aa80d0d4"",""columnSequence"":-1,""isSelected"":false,""isVisible"":false,""dataTypeTechnicalName"":""Integer""},{""columnName"":""PRODUCT_TYPE_BKEY"",""relationshipName"":""fK_PRODUCT_TYPE"",""columnType"":""BKEY"",""columnValue"":""BL"",""columnUuid"":""a0f1a64c-74fa-479d-acb2-8477e748261c"",""columnSequence"":1,""isSelected"":false,""isVisible"":true,""dataTypeTechnicalName"":""String""},{""columnName"":""DATA_SOURCE_ID"",""relationshipName"":""fK_PRODUCT_TYPE"",""columnType"":""DATASOURCEID"",""columnValue"":""1"",""columnUuid"":""2cec2b06-a973-485e-973e-fbf4e6f290bf"",""columnSequence"":-1,""isSelected"":false,""isVisible"":false,""dataTypeTechnicalName"":""Integer""},{""columnName"":""DATA_SOURCE_NAME"",""relationshipName"":""FK_DATA_SOURCE"",""columnType"":""DATASOURCEBKEY"",""columnValue"":""CBS"",""columnUuid"":""25a9d36f-5cfc-4950-bece-41b94b4536bf"",""columnSequence"":2,""isSelected"":false,""isVisible"":true,""dataTypeTechnicalName"":""String""}]}],""isIdToBkey"":false,""relationshipName"":null},""linkedEntityName"":""DIM_PRODUCT_TYPE""}}]},{""derivedValue"":""Small Enterprise"",""sequenceNumber"":4,""conditionName"":""Standard Provision for Small Enterprise"",""conditionalLinksInfo"":[{""columnName"":""PRODUCT_TYPE_ID"",""operator"":""IN"",""rangeFrom"":"""",""rangeTo"":"""",""value"":"""",""name"":""PRODUCT_TYPE_ID"",""type"":""ENT"",""isFilterSet"":"""",""responseDDLookupColumnVO"":{""ddLookupColumnJSON"":{""ddLookupColumnListVOs"":[{""ddLookupColumnDerivedValuesVOs"":[{""columnName"":""PRODUCT_TYPE_ID"",""relationshipName"":""fK_PRODUCT_TYPE"",""columnType"":""ID"",""columnValue"":""6"",""columnUuid"":""a69272b7-a565-4f48-bda4-7426aa80d0d4"",""columnSequence"":-1,""isSelected"":false,""isVisible"":false,""dataTypeTechnicalName"":""Integer""},{""columnName"":""PRODUCT_TYPE_BKEY"",""relationshipName"":""fK_PRODUCT_TYPE"",""columnType"":""BKEY"",""columnValue"":""TL"",""columnUuid"":""a0f1a64c-74fa-479d-acb2-8477e748261c"",""columnSequence"":1,""isSelected"":false,""isVisible"":true,""dataTypeTechnicalName"":""String""},{""columnName"":""DATA_SOURCE_ID"",""relationshipName"":""fK_PRODUCT_TYPE"",""columnType"":""DATASOURCEID"",""columnValue"":""1"",""columnUuid"":""2cec2b06-a973-485e-973e-fbf4e6f290bf"",""columnSequence"":-1,""isSelected"":false,""isVisible"":false,""dataTypeTechnicalName"":""Integer""},{""columnName"":""DATA_SOURCE_NAME"",""relationshipName"":""FK_DATA_SOURCE"",""columnType"":""DATASOURCEBKEY"",""columnValue"":""CBS"",""columnUuid"":""25a9d36f-5cfc-4950-bece-41b94b4536bf"",""columnSequence"":2,""isSelected"":false,""isVisible"":true,""dataTypeTechnicalName"":""String""}]}],""isIdToBkey"":false,""relationshipName"":null},""linkedEntityName"":""DIM_PRODUCT_TYPE""}},{""columnName"":""IS_MSME"",""operator"":""IN"",""rangeFrom"":"""",""rangeTo"":"""",""value"":""1"",""name"":""IS_MSME"",""type"":""ENT"",""isFilterSet"":""""}]},{""derivedValue"":""Restructure Standard"",""sequenceNumber"":5,""conditionName"":""Standard Provision for Restructure Standard"",""conditionalLinksInfo"":[{""columnName"":""NPA_DATE"",""operator"":""ISEMPTY"",""rangeFrom"":"""",""rangeTo"":"""",""value"":"""",""name"":""NPA_DATE"",""type"":""ENT"",""isFilterSet"":""""},{""columnName"":""ASSET_CLASS_ID"",""operator"":""IN"",""rangeFrom"":"""",""rangeTo"":"""",""value"":"""",""name"":""ASSET_CLASS_ID"",""type"":""ENT"",""isFilterSet"":"""",""responseDDLookupColumnVO"":{""ddLookupColumnJSON"":{""ddLookupColumnListVOs"":[{""ddLookupColumnDerivedValuesVOs"":[{""columnName"":""NPA_ACTION_ID"",""relationshipName"":""FK_NPA_ACTION"",""columnType"":""ID"",""columnValue"":""7"",""columnUuid"":""3c21eb8e-e55d-4b79-b083-cdb7cbc545a8"",""columnSequence"":-1,""isSelected"":false,""isVisible"":false,""dataTypeTechnicalName"":""Integer""},{""columnName"":""NPA_ACTION_CODE"",""relationshipName"":""FK_NPA_ACTION"",""columnType"":""BKEY"",""columnValue"":""Std-Restructure"",""columnUuid"":""26671865-39c7-4624-a469-ec41defa9364"",""columnSequence"":1,""isSelected"":false,""isVisible"":true,""dataTypeTechnicalName"":""String""},{""columnName"":""DATA_SOURCE_ID"",""relationshipName"":null,""columnType"":""DATASOURCEID"",""columnValue"":""0"",""columnUuid"":""712368a7-a2cd-43a8-a9c0-fba35bd471d2"",""columnSequence"":2,""isSelected"":false,""isVisible"":false,""dataTypeTechnicalName"":""Integer""}]}],""isIdToBkey"":false,""relationshipName"":null},""linkedEntityName"":""DIM_NPA_ACTION""}}]},{""derivedValue"":""Others"",""sequenceNumber"":6,""conditionName"":""Standard Provision for others"",""conditionalLinksInfo"":[{""columnName"":""PRODUCT_TYPE_ID"",""operator"":""IN"",""rangeFrom"":"""",""rangeTo"":"""",""value"":"""",""name"":""PRODUCT_TYPE_ID"",""type"":""ENT"",""isFilterSet"":"""",""responseDDLookupColumnVO"":{""ddLookupColumnJSON"":{""ddLookupColumnListVOs"":[{""ddLookupColumnDerivedValuesVOs"":[{""columnName"":""PRODUCT_TYPE_ID"",""relationshipName"":""fK_PRODUCT_TYPE"",""columnType"":""ID"",""columnValue"":""1"",""columnUuid"":""a69272b7-a565-4f48-bda4-7426aa80d0d4"",""columnSequence"":-1,""isSelected"":false,""isVisible"":false,""dataTypeTechnicalName"":""Integer""},{""columnName"":""PRODUCT_TYPE_BKEY"",""relationshipName"":""fK_PRODUCT_TYPE"",""columnType"":""BKEY"",""columnValue"":""Agri"",""columnUuid"":""a0f1a64c-74fa-479d-acb2-8477e748261c"",""columnSequence"":1,""isSelected"":false,""isVisible"":true,""dataTypeTechnicalName"":""String""},{""columnName"":""DATA_SOURCE_ID"",""relationshipName"":""fK_PRODUCT_TYPE"",""columnType"":""DATASOURCEID"",""columnValue"":""1"",""columnUuid"":""2cec2b06-a973-485e-973e-fbf4e6f290bf"",""columnSequence"":-1,""isSelected"":false,""isVisible"":false,""dataTypeTechnicalName"":""Integer""},{""columnName"":""DATA_SOURCE_NAME"",""relationshipName"":""FK_DATA_SOURCE"",""columnType"":""DATASOURCEBKEY"",""columnValue"":""CBS"",""columnUuid"":""25a9d36f-5cfc-4950-bece-41b94b4536bf"",""columnSequence"":2,""isSelected"":false,""isVisible"":true,""dataTypeTechnicalName"":""String""}]},{""ddLookupColumnDerivedValuesVOs"":[{""columnName"":""PRODUCT_TYPE_ID"",""relationshipName"":""fK_PRODUCT_TYPE"",""columnType"":""ID"",""columnValue"":""2"",""columnUuid"":""a69272b7-a565-4f48-bda4-7426aa80d0d4"",""columnSequence"":-1,""isSelected"":false,""isVisible"":false,""dataTypeTechnicalName"":""Integer""},{""columnName"":""PRODUCT_TYPE_BKEY"",""relationshipName"":""fK_PRODUCT_TYPE"",""columnType"":""BKEY"",""columnValue"":""CC"",""columnUuid"":""a0f1a64c-74fa-479d-acb2-8477e748261c"",""columnSequence"":1,""isSelected"":false,""isVisible"":true,""dataTypeTechnicalName"":""String""},{""columnName"":""DATA_SOURCE_ID"",""relationshipName"":""fK_PRODUCT_TYPE"",""columnType"":""DATASOURCEID"",""columnValue"":""1"",""columnUuid"":""2cec2b06-a973-485e-973e-fbf4e6f290bf"",""columnSequence"":-1,""isSelected"":false,""isVisible"":false,""dataTypeTechnicalName"":""Integer""},{""columnName"":""DATA_SOURCE_NAME"",""relationshipName"":""FK_DATA_SOURCE"",""columnType"":""DATASOURCEBKEY"",""columnValue"":""CBS"",""columnUuid"":""25a9d36f-5cfc-4950-bece-41b94b4536bf"",""columnSequence"":2,""isSelected"":false,""isVisible"":true,""dataTypeTechnicalName"":""String""}]},{""ddLookupColumnDerivedValuesVOs"":[{""columnName"":""PRODUCT_TYPE_ID"",""relationshipName"":""fK_PRODUCT_TYPE"",""columnType"":""ID"",""columnValue"":""3"",""columnUuid"":""a69272b7-a565-4f48-bda4-7426aa80d0d4"",""columnSequence"":-1,""isSelected"":false,""isVisible"":false,""dataTypeTechnicalName"":""Integer""},{""columnName"":""PRODUCT_TYPE_BKEY"",""relationshipName"":""fK_PRODUCT_TYPE"",""columnType"":""BKEY"",""columnValue"":""BNPL"",""columnUuid"":""a0f1a64c-74fa-479d-acb2-8477e748261c"",""columnSequence"":1,""isSelected"":false,""isVisible"":true,""dataTypeTechnicalName"":""String""},{""columnName"":""DATA_SOURCE_ID"",""relationshipName"":""fK_PRODUCT_TYPE"",""columnType"":""DATASOURCEID"",""columnValue"":""1"",""columnUuid"":""2cec2b06-a973-485e-973e-fbf4e6f290bf"",""columnSequence"":-1,""isSelected"":false,""isVisible"":false,""dataTypeTechnicalName"":""Integer""},{""columnName"":""DATA_SOURCE_NAME"",""relationshipName"":""FK_DATA_SOURCE"",""columnType"":""DATASOURCEBKEY"",""columnValue"":""CBS"",""columnUuid"":""25a9d36f-5cfc-4950-bece-41b94b4536bf"",""columnSequence"":2,""isSelected"":false,""isVisible"":true,""dataTypeTechnicalName"":""String""}]},{""ddLookupColumnDerivedValuesVOs"":[{""columnName"":""PRODUCT_TYPE_ID"",""relationshipName"":""fK_PRODUCT_TYPE"",""columnType"":""ID"",""columnValue"":""4"",""columnUuid"":""a69272b7-a565-4f48-bda4-7426aa80d0d4"",""columnSequence"":-1,""isSelected"":false,""isVisible"":false,""dataTypeTechnicalName"":""Integer""},{""columnName"":""PRODUCT_TYPE_BKEY"",""relationshipName"":""fK_PRODUCT_TYPE"",""columnType"":""BKEY"",""columnValue"":""CARDS"",""columnUuid"":""a0f1a64c-74fa-479d-acb2-8477e748261c"",""columnSequence"":1,""isSelected"":false,""isVisible"":true,""dataTypeTechnicalName"":""String""},{""columnName"":""DATA_SOURCE_ID"",""relationshipName"":""fK_PRODUCT_TYPE"",""columnType"":""DATASOURCEID"",""columnValue"":""2"",""columnUuid"":""2cec2b06-a973-485e-973e-fbf4e6f290bf"",""columnSequence"":-1,""isSelected"":false,""isVisible"":false,""dataTypeTechnicalName"":""Integer""},{""columnName"":""DATA_SOURCE_NAME"",""relationshipName"":""FK_DATA_SOURCE"",""columnType"":""DATASOURCEBKEY"",""columnValue"":""VISIONPLUS"",""columnUuid"":""25a9d36f-5cfc-4950-bece-41b94b4536bf"",""columnSequence"":2,""isSelected"":false,""isVisible"":true,""dataTypeTechnicalName"":""String""}]},{""ddLookupColumnDerivedValuesVOs"":[{""columnName"":""PRODUCT_TYPE_ID"",""relationshipName"":""fK_PRODUCT_TYPE"",""columnType"":""ID"",""columnValue"":""5"",""columnUuid"":""a69272b7-a565-4f48-bda4-7426aa80d0d4"",""columnSequence"":-1,""isSelected"":false,""isVisible"":false,""dataTypeTechnicalName"":""Integer""},{""columnName"":""PRODUCT_TYPE_BKEY"",""relationshipName"":""fK_PRODUCT_TYPE"",""columnType"":""BKEY"",""columnValue"":""BL"",""columnUuid"":""a0f1a64c-74fa-479d-acb2-8477e748261c"",""columnSequence"":1,""isSelected"":false,""isVisible"":true,""dataTypeTechnicalName"":""String""},{""columnName"":""DATA_SOURCE_ID"",""relationshipName"":""fK_PRODUCT_TYPE"",""columnType"":""DATASOURCEID"",""columnValue"":""1"",""columnUuid"":""2cec2b06-a973-485e-973e-fbf4e6f290bf"",""columnSequence"":-1,""isSelected"":false,""isVisible"":false,""dataTypeTechnicalName"":""Integer""},{""columnName"":""DATA_SOURCE_NAME"",""relationshipName"":""FK_DATA_SOURCE"",""columnType"":""DATASOURCEBKEY"",""columnValue"":""CBS"",""columnUuid"":""25a9d36f-5cfc-4950-bece-41b94b4536bf"",""columnSequence"":2,""isSelected"":false,""isVisible"":true,""dataTypeTechnicalName"":""String""}]},{""ddLookupColumnDerivedValuesVOs"":[{""columnName"":""PRODUCT_TYPE_ID"",""relationshipName"":""fK_PRODUCT_TYPE"",""columnType"":""ID"",""columnValue"":""7"",""columnUuid"":""a69272b7-a565-4f48-bda4-7426aa80d0d4"",""columnSequence"":-1,""isSelected"":false,""isVisible"":false,""dataTypeTechnicalName"":""Integer""},{""columnName"":""PRODUCT_TYPE_BKEY"",""relationshipName"":""fK_PRODUCT_TYPE"",""columnType"":""BKEY"",""columnValue"":""PL"",""columnUuid"":""a0f1a64c-74fa-479d-acb2-8477e748261c"",""columnSequence"":1,""isSelected"":false,""isVisible"":true,""dataTypeTechnicalName"":""String""},{""columnName"":""DATA_SOURCE_ID"",""relationshipName"":""fK_PRODUCT_TYPE"",""columnType"":""DATASOURCEID"",""columnValue"":""1"",""columnUuid"":""2cec2b06-a973-485e-973e-fbf4e6f290bf"",""columnSequence"":-1,""isSelected"":false,""isVisible"":false,""dataTypeTechnicalName"":""Integer""},{""columnName"":""DATA_SOURCE_NAME"",""relationshipName"":""FK_DATA_SOURCE"",""columnType"":""DATASOURCEBKEY"",""columnValue"":""CBS"",""columnUuid"":""25a9d36f-5cfc-4950-bece-41b94b4536bf"",""columnSequence"":2,""isSelected"":false,""isVisible"":true,""dataTypeTechnicalName"":""String""}]},{""ddLookupColumnDerivedValuesVOs"":[{""columnName"":""PRODUCT_TYPE_ID"",""relationshipName"":""fK_PRODUCT_TYPE"",""columnType"":""ID"",""columnValue"":""6"",""columnUuid"":""a69272b7-a565-4f48-bda4-7426aa80d0d4"",""columnSequence"":-1,""isSelected"":false,""isVisible"":false,""dataTypeTechnicalName"":""Integer""},{""columnName"":""PRODUCT_TYPE_BKEY"",""relationshipName"":""fK_PRODUCT_TYPE"",""columnType"":""BKEY"",""columnValue"":""TL"",""columnUuid"":""a0f1a64c-74fa-479d-acb2-8477e748261c"",""columnSequence"":1,""isSelected"":false,""isVisible"":true,""dataTypeTechnicalName"":""String""},{""columnName"":""DATA_SOURCE_ID"",""relationshipName"":""fK_PRODUCT_TYPE"",""columnType"":""DATASOURCEID"",""columnValue"":""1"",""columnUuid"":""2cec2b06-a973-485e-973e-fbf4e6f290bf"",""columnSequence"":-1,""isSelected"":false,""isVisible"":false,""dataTypeTechnicalName"":""Integer""},{""columnName"":""DATA_SOURCE_NAME"",""relationshipName"":""FK_DATA_SOURCE"",""columnType"":""DATASOURCEBKEY"",""columnValue"":""CBS"",""columnUuid"":""25a9d36f-5cfc-4950-bece-41b94b4536bf"",""columnSequence"":2,""isSelected"":false,""isVisible"":true,""dataTypeTechnicalName"":""String""}]},{""ddLookupColumnDerivedValuesVOs"":[{""columnName"":""PRODUCT_TYPE_ID"",""relationshipName"":""fK_PRODUCT_TYPE"",""columnType"":""ID"",""columnValue"":""8"",""columnUuid"":""a69272b7-a565-4f48-bda4-7426aa80d0d4"",""columnSequence"":-1,""isSelected"":false,""isVisible"":false,""dataTypeTechnicalName"":""Integer""},{""columnName"":""PRODUCT_TYPE_BKEY"",""relationshipName"":""fK_PRODUCT_TYPE"",""columnType"":""BKEY"",""columnValue"":""CL"",""columnUuid"":""a0f1a64c-74fa-479d-acb2-8477e748261c"",""columnSequence"":1,""isSelected"":false,""isVisible"":true,""dataTypeTechnicalName"":""String""},{""columnName"":""DATA_SOURCE_ID"",""relationshipName"":""fK_PRODUCT_TYPE"",""columnType"":""DATASOURCEID"",""columnValue"":""1"",""columnUuid"":""2cec2b06-a973-485e-973e-fbf4e6f290bf"",""columnSequence"":-1,""isSelected"":false,""isVisible"":false,""dataTypeTechnicalName"":""Integer""},{""columnName"":""DATA_SOURCE_NAME"",""relationshipName"":""FK_DATA_SOURCE"",""columnType"":""DATASOURCEBKEY"",""columnValue"":""CBS"",""columnUuid"":""25a9d36f-5cfc-4950-bece-41b94b4536bf"",""columnSequence"":2,""isSelected"":false,""isVisible"":true,""dataTypeTechnicalName"":""String""}]},{""ddLookupColumnDerivedValuesVOs"":[{""columnName"":""PRODUCT_TYPE_ID"",""relationshipName"":""fK_PRODUCT_TYPE"",""columnType"":""ID"",""columnValue"":""9"",""columnUuid"":""a69272b7-a565-4f48-bda4-7426aa80d0d4"",""columnSequence"":-1,""isSelected"":false,""isVisible"":false,""dataTypeTechnicalName"":""Integer""},{""columnName"":""PRODUCT_TYPE_BKEY"",""relationshipName"":""fK_PRODUCT_TYPE"",""columnType"":""BKEY"",""columnValue"":""HL"",""columnUuid"":""a0f1a64c-74fa-479d-acb2-8477e748261c"",""columnSequence"":1,""isSelected"":false,""isVisible"":true,""dataTypeTechnicalName"":""String""},{""columnName"":""DATA_SOURCE_ID"",""relationshipName"":""fK_PRODUCT_TYPE"",""columnType"":""DATASOURCEID"",""columnValue"":""1"",""columnUuid"":""2cec2b06-a973-485e-973e-fbf4e6f290bf"",""columnSequence"":-1,""isSelected"":false,""isVisible"":false,""dataTypeTechnicalName"":""Integer""},{""columnName"":""DATA_SOURCE_NAME"",""relationshipName"":""FK_DATA_SOURCE"",""columnType"":""DATASOURCEBKEY"",""columnValue"":""CBS"",""columnUuid"":""25a9d36f-5cfc-4950-bece-41b94b4536bf"",""columnSequence"":2,""isSelected"":false,""isVisible"":true,""dataTypeTechnicalName"":""String""}]},{""ddLookupColumnDerivedValuesVOs"":[{""columnName"":""PRODUCT_TYPE_ID"",""relationshipName"":""fK_PRODUCT_TYPE"",""columnType"":""ID"",""columnValue"":""10"",""columnUuid"":""a69272b7-a565-4f48-bda4-7426aa80d0d4"",""columnSequence"":-1,""isSelected"":false,""isVisible"":false,""dataTypeTechnicalName"":""Integer""},{""columnName"":""PRODUCT_TYPE_BKEY"",""relationshipName"":""fK_PRODUCT_TYPE"",""columnType"":""BKEY"",""columnValue"":""OD"",""columnUuid"":""a0f1a64c-74fa-479d-acb2-8477e748261c"",""columnSequence"":1,""isSelected"":false,""isVisible"":true,""dataTypeTechnicalName"":""String""},{""columnName"":""DATA_SOURCE_ID"",""relationshipName"":""fK_PRODUCT_TYPE"",""columnType"":""DATASOURCEID"",""columnValue"":""1"",""columnUuid"":""2cec2b06-a973-485e-973e-fbf4e6f290bf"",""columnSequence"":-1,""isSelected"":false,""isVisible"":false,""dataTypeTechnicalName"":""Integer""},{""columnName"":""DATA_SOURCE_NAME"",""relationshipName"":""FK_DATA_SOURCE"",""columnType"":""DATASOURCEBKEY"",""columnValue"":""CBS"",""columnUuid"":""25a9d36f-5cfc-4950-bece-41b94b4536bf"",""columnSequence"":2,""isSelected"":false,""isVisible"":true,""dataTypeTechnicalName"":""String""}]},{""ddLookupColumnDerivedValuesVOs"":[{""columnName"":""PRODUCT_TYPE_ID"",""relationshipName"":""fK_PRODUCT_TYPE"",""columnType"":""ID"",""columnValue"":""11"",""columnUuid"":""a69272b7-a565-4f48-bda4-7426aa80d0d4"",""columnSequence"":-1,""isSelected"":false,""isVisible"":false,""dataTypeTechnicalName"":""Integer""},{""columnName"":""PRODUCT_TYPE_BKEY"",""relationshipName"":""fK_PRODUCT_TYPE"",""columnType"":""BKEY"",""columnValue"":""BILLS"",""columnUuid"":""a0f1a64c-74fa-479d-acb2-8477e748261c"",""columnSequence"":1,""isSelected"":false,""isVisible"":true,""dataTypeTechnicalName"":""String""},{""columnName"":""DATA_SOURCE_ID"",""relationshipName"":""fK_PRODUCT_TYPE"",""columnType"":""DATASOURCEID"",""columnValue"":""1"",""columnUuid"":""2cec2b06-a973-485e-973e-fbf4e6f290bf"",""columnSequence"":-1,""isSelected"":false,""isVisible"":false,""dataTypeTechnicalName"":""Integer""},{""columnName"":""DATA_SOURCE_NAME"",""relationshipName"":""FK_DATA_SOURCE"",""columnType"":""DATASOURCEBKEY"",""columnValue"":""CBS"",""columnUuid"":""25a9d36f-5cfc-4950-bece-41b94b4536bf"",""columnSequence"":2,""isSelected"":false,""isVisible"":true,""dataTypeTechnicalName"":""String""}]}],""isIdToBkey"":false,""relationshipName"":null},""linkedEntityName"":""DIM_PRODUCT_TYPE""}}]},{""derivedValue"":""NA                  "",""sequenceNumber"":7,""conditionName"":""Default"",""conditionalLinksInfo"":[]}],""decisionTableSelectedColumns"":[{""columnName"":""CLASSIFICATION_DATE"",""sequenceNumber"":51,""name"":""CLASSIFICATION_DATE"",""type"":""ENT""},{""columnName"":""RECLASS_ASSET_ID"",""sequenceNumber"":52,""name"":""RECLASS_ASSET_ID"",""type"":""ENT""},{""columnName"":""FREE_DATE_4"",""sequenceNumber"":53,""name"":""FREE_DATE_4"",""type"":""ENT""},{""columnName"":""FREE_DATE_5"",""sequenceNumber"":54,""name"":""FREE_DATE_5"",""type"":""ENT""},{""columnName"":""PRODUCT_STATUS_ID"",""sequenceNumber"":55,""name"":""PRODUCT_STATUS_ID"",""type"":""ENT""},{""columnName"":""CUSTOMER_TYPE_ID"",""sequenceNumber"":56,""name"":""CUSTOMER_TYPE_ID"",""type"":""ENT""},{""columnName"":""BUSINESS_GROUP"",""sequenceNumber"":57,""name"":""BUSINESS_GROUP"",""type"":""ENT""},{""columnName"":""SERVICE_OUTLET_ID"",""sequenceNumber"":58,""name"":""SERVICE_OUTLET_ID"",""type"":""ENT""},{""columnName"":""SCHEME_ID"",""sequenceNumber"":59,""name"":""SCHEME_ID"",""type"":""ENT""},{""columnName"":""PRINCIPAL_DPD"",""sequenceNumber"":60,""name"":""PRINCIPAL_DPD"",""type"":""ENT""},{""columnName"":""SOURCE_PROVISION_PRINCIPAL_AMT"",""sequenceNumber"":61,""name"":""SOURCE_PROVISION_PRINCIPAL_AMT"",""type"":""ENT""},{""columnName"":""SOURCE_PROV_PERCENT_SECURED"",""sequenceNumber"":62,""name"":""SOURCE_PROV_PERCENT_SECURED"",""type"":""ENT""},{""columnName"":""SOURCE_PROV_PERCENT_UNSECURED"",""sequenceNumber"":63,""name"":""SOURCE_PROV_PERCENT_UNSECURED"",""type"":""ENT""},{""columnName"":""NO_OF_PAST_DUE_INSTALLMENTS"",""sequenceNumber"":64,""name"":""NO_OF_PAST_DUE_INSTALLMENTS"",""type"":""ENT""},{""columnName"":""PROVISION_TYPE_ID"",""sequenceNumber"":65,""name"":""PROVISION_TYPE_ID"",""type"":""ENT""},{""columnName"":""PRINCIPAL_COA_ID"",""sequenceNumber"":66,""name"":""PRINCIPAL_COA_ID"",""type"":""ENT""},{""columnName"":""INTEREST_COA_ID"",""sequenceNumber"":67,""name"":""INTEREST_COA_ID"",""type"":""ENT""},{""columnName"":""INTEREST_CREDIT_YTD"",""sequenceNumber"":68,""name"":""INTEREST_CREDIT_YTD"",""type"":""ENT""},{""columnName"":""AGGREGATE_EXPOSURE_AMT"",""sequenceNumber"":69,""name"":""AGGREGATE_EXPOSURE_AMT"",""type"":""ENT""},{""columnName"":""PAST_DUE_INTEREST_COA_ID"",""sequenceNumber"":70,""name"":""PAST_DUE_INTEREST_COA_ID"",""type"":""ENT""},{""columnName"":""PAST_DUE_PRINCIPAL_COA_ID"",""sequenceNumber"":71,""name"":""PAST_DUE_PRINCIPAL_COA_ID"",""type"":""ENT""},{""columnName"":""PRI_RESTRUCTR_ASSET_CLASS_ID"",""sequenceNumber"":72,""name"":""PRI_RESTRUCTR_ASSET_CLASS_ID"",""type"":""ENT""},{""columnName"":""RECOVERED_INT_AMT"",""sequenceNumber"":73,""name"":""RECOVERED_INT_AMT"",""type"":""ENT""},{""columnName"":""RECOVERED_PRIN_AMT"",""sequenceNumber"":74,""name"":""RECOVERED_PRIN_AMT"",""type"":""ENT""},{""columnName"":""REMARKS"",""sequenceNumber"":75,""name"":""REMARKS"",""type"":""ENT""},{""columnName"":""REPAYMENT_START_DATE"",""sequenceNumber"":76,""name"":""REPAYMENT_START_DATE"",""type"":""ENT""},{""columnName"":""RESTRUCTURE_ACCT_UPGRADE_DATE"",""sequenceNumber"":77,""name"":""RESTRUCTURE_ACCT_UPGRADE_DATE"",""type"":""ENT""},{""columnName"":""RESTRUCTURED_DATE"",""sequenceNumber"":78,""name"":""RESTRUCTURED_DATE"",""type"":""ENT""},{""columnName"":""RESTRUCTURED_IND"",""sequenceNumber"":79,""name"":""RESTRUCTURED_IND"",""type"":""ENT""},{""columnName"":""REVIEW_PERIOD_END_DATE"",""sequenceNumber"":80,""name"":""REVIEW_PERIOD_END_DATE"",""type"":""ENT""},{""columnName"":""REVIEW_PERIOD_START_DATE"",""sequenceNumber"":81,""name"":""REVIEW_PERIOD_START_DATE"",""type"":""ENT""},{""columnName"":""DATE_LAST_CREDIT_MONITORED"",""sequenceNumber"":82,""name"":""DATE_LAST_CREDIT_MONITORED"",""type"":""ENT""},{""columnName"":""STOCK_STMT_SUBMISSION_DATE"",""sequenceNumber"":83,""name"":""STOCK_STMT_SUBMISSION_DATE"",""type"":""ENT""},{""columnName"":""DELIQUENCY_STRING"",""sequenceNumber"":84,""name"":""DELIQUENCY_STRING"",""type"":""ENT""},{""columnName"":""AGRI_TYPE_ID"",""sequenceNumber"":85,""name"":""AGRI_TYPE_ID"",""type"":""ENT""},{""columnName"":""COUNTRY_ID"",""sequenceNumber"":86,""name"":""COUNTRY_ID"",""type"":""ENT""},{""columnName"":""PRIORITY_SECTOR_ID"",""sequenceNumber"":87,""name"":""PRIORITY_SECTOR_ID"",""type"":""ENT""},{""columnName"":""CRA_RATING_1_ID"",""sequenceNumber"":88,""name"":""CRA_RATING_1_ID"",""type"":""ENT""},{""columnName"":""CRA_RATING_2_ID"",""sequenceNumber"":89,""name"":""CRA_RATING_2_ID"",""type"":""ENT""},{""columnName"":""LOAD_EXECUTION_ID"",""sequenceNumber"":90,""name"":""LOAD_EXECUTION_ID"",""type"":""ENT""},{""columnName"":""SYSTEM_IDENTIFIER"",""sequenceNumber"":91,""name"":""SYSTEM_IDENTIFIER"",""type"":""ENT""},{""columnName"":""INTERNAL_RATING_ID"",""sequenceNumber"":92,""name"":""INTERNAL_RATING_ID"",""type"":""ENT""},{""columnName"":""CUSTOMER_CATEGORY_ID"",""sequenceNumber"":93,""name"":""CUSTOMER_CATEGORY_ID"",""type"":""ENT""},{""columnName"":""NEXT_INSTALLMENT_INTEREST_AMT"",""sequenceNumber"":94,""name"":""NEXT_INSTALLMENT_INTEREST_AMT"",""type"":""ENT""},{""columnName"":""NEXT_INSTALLMENT_PRINCIPAL_AMT"",""sequenceNumber"":95,""name"":""NEXT_INSTALLMENT_PRINCIPAL_AMT"",""type"":""ENT""},{""columnName"":""FAIR_VALUE"",""sequenceNumber"":96,""name"":""FAIR_VALUE"",""type"":""ENT""},{""columnName"":""FREE_DATE_2"",""sequenceNumber"":97,""name"":""FREE_DATE_2"",""type"":""ENT""},{""columnName"":""FREE_DATE_3"",""sequenceNumber"":98,""name"":""FREE_DATE_3"",""type"":""ENT""},{""columnName"":""LAST_CUST_PORTFOLIO_VALUE"",""sequenceNumber"":99,""name"":""LAST_CUST_PORTFOLIO_VALUE"",""type"":""ENT""},{""columnName"":""INTERST_ON_ARREARS"",""sequenceNumber"":100,""name"":""INTERST_ON_ARREARS"",""type"":""ENT""},{""columnName"":""DRAWING_POWER_AMT"",""sequenceNumber"":101,""name"":""DRAWING_POWER_AMT"",""type"":""ENT""},{""columnName"":""INTOS_ON_NPA_DATE"",""sequenceNumber"":102,""name"":""INTOS_ON_NPA_DATE"",""type"":""ENT""},{""columnName"":""PRINOS_ON_NPA_DATE"",""sequenceNumber"":103,""name"":""PRINOS_ON_NPA_DATE"",""type"":""ENT""},{""columnName"":""DUE_DATE"",""sequenceNumber"":104,""name"":""DUE_DATE"",""type"":""ENT""},{""columnName"":""LAST_CREDIT_DATE"",""sequenceNumber"":105,""name"":""LAST_CREDIT_DATE"",""type"":""ENT""},{""columnName"":""PRINCIPAL_OVERDUE_DATE"",""sequenceNumber"":106,""name"":""PRINCIPAL_OVERDUE_DATE"",""type"":""ENT""},{""columnName"":""LAST_OVER_DRAWING_DATE"",""sequenceNumber"":107,""name"":""LAST_OVER_DRAWING_DATE"",""type"":""ENT""},{""columnName"":""LAST_REVIEW_DATE"",""sequenceNumber"":108,""name"":""LAST_REVIEW_DATE"",""type"":""ENT""},{""columnName"":""LAST_UNDER_DRAWING_DATE"",""sequenceNumber"":109,""name"":""LAST_UNDER_DRAWING_DATE"",""type"":""ENT""},{""columnName"":""LIMIT_AMT"",""sequenceNumber"":110,""name"":""LIMIT_AMT"",""type"":""ENT""},{""columnName"":""LIMIT_CURRENCY_ID"",""sequenceNumber"":111,""name"":""LIMIT_CURRENCY_ID"",""type"":""ENT""},{""columnName"":""LIMIT_END_DATE"",""sequenceNumber"":112,""name"":""LIMIT_END_DATE"",""type"":""ENT""},{""columnName"":""IS_SHORT_TERM"",""sequenceNumber"":113,""name"":""IS_SHORT_TERM"",""type"":""ENT""},{""columnName"":""IS_STICKY"",""sequenceNumber"":114,""name"":""IS_STICKY"",""type"":""ENT""},{""columnName"":""IS_SECURITIZED"",""sequenceNumber"":115,""name"":""IS_SECURITIZED"",""type"":""ENT""},{""columnName"":""IS_SETTLED"",""sequenceNumber"":116,""name"":""IS_SETTLED"",""type"":""ENT""},{""columnName"":""IS_WRITTEN_OFF"",""sequenceNumber"":117,""name"":""IS_WRITTEN_OFF"",""type"":""ENT""},{""columnName"":""IS_RATING_DOWNGRADED"",""sequenceNumber"":118,""name"":""IS_RATING_DOWNGRADED"",""type"":""ENT""},{""columnName"":""ACCT_OPEN_DATE"",""sequenceNumber"":119,""name"":""ACCT_OPEN_DATE"",""type"":""ENT""},{""columnName"":""LOAN_START_DATE"",""sequenceNumber"":120,""name"":""LOAN_START_DATE"",""type"":""ENT""},{""columnName"":""MATURITY_DATE"",""sequenceNumber"":121,""name"":""MATURITY_DATE"",""type"":""ENT""},{""columnName"":""CURRENCY_ID"",""sequenceNumber"":122,""name"":""CURRENCY_ID"",""type"":""ENT""},{""columnName"":""ACY_TO_LCY_RATE"",""sequenceNumber"":123,""name"":""ACY_TO_LCY_RATE"",""type"":""ENT""},{""columnName"":""FREE_TEXT_3"",""sequenceNumber"":228,""name"":""FK_SPN"",""type"":""REL""},{""columnName"":""FREE_TEXT_4"",""sequenceNumber"":229,""name"":""FK_SPN"",""type"":""REL""},{""columnName"":""FREE_TEXT_5"",""sequenceNumber"":230,""name"":""FK_SPN"",""type"":""REL""},{""columnName"":""FREE_DATE_1"",""sequenceNumber"":231,""name"":""FK_SPN"",""type"":""REL""},{""columnName"":""FREE_DATE_2"",""sequenceNumber"":232,""name"":""FK_SPN"",""type"":""REL""},{""columnName"":""FREE_DATE_3"",""sequenceNumber"":233,""name"":""FK_SPN"",""type"":""REL""},{""columnName"":""FREE_DATE_4"",""sequenceNumber"":234,""name"":""FK_SPN"",""type"":""REL""},{""columnName"":""FREE_DATE_5"",""sequenceNumber"":235,""name"":""FK_SPN"",""type"":""REL""},{""columnName"":""FREE_AMT_1"",""sequenceNumber"":236,""name"":""FK_SPN"",""type"":""REL""},{""columnName"":""FREE_AMT_2"",""sequenceNumber"":237,""name"":""FK_SPN"",""type"":""REL""},{""columnName"":""FREE_AMT_3"",""sequenceNumber"":238,""name"":""FK_SPN"",""type"":""REL""},{""columnName"":""FREE_AMT_4"",""sequenceNumber"":239,""name"":""FK_SPN"",""type"":""REL""},{""columnName"":""FREE_AMT_5"",""sequenceNumber"":240,""name"":""FK_SPN"",""type"":""REL""},{""columnName"":""SOURCE_NPA_FLAG"",""sequenceNumber"":241,""name"":""FK_SPN"",""type"":""REL""},{""columnName"":""SOURCE_NPA_DATE"",""sequenceNumber"":242,""name"":""FK_SPN"",""type"":""REL""},{""columnName"":""SOURCE_ASSET_CLASS_CODE"",""sequenceNumber"":243,""name"":""FK_SPN"",""type"":""REL""},{""columnName"":""SOURCE_PROVISION_PRINCIPAL_AMT"",""sequenceNumber"":244,""name"":""FK_SPN"",""type"":""REL""},{""columnName"":""SOURCE_PROVISION_INTEREST_AMT"",""sequenceNumber"":245,""name"":""FK_SPN"",""type"":""REL""},{""columnName"":""SOURCE_PROV_PERCENT_SECURED"",""sequenceNumber"":246,""name"":""FK_SPN"",""type"":""REL""},{""columnName"":""SOURCE_PROV_PERCENT_UNSECURED"",""sequenceNumber"":247,""name"":""FK_SPN"",""type"":""REL""},{""columnName"":""PERIOD_ID"",""sequenceNumber"":248,""name"":""FK_SPN"",""type"":""REL""},{""columnName"":""DATA_SOURCE_ID"",""sequenceNumber"":249,""name"":""FK_SPN"",""type"":""REL""},{""columnName"":""PRODUCT_INSTANCE_BKEY"",""sequenceNumber"":250,""name"":""FK_SPN"",""type"":""REL""},{""columnName"":""PRODUCT_INSTANCE_ID"",""sequenceNumber"":251,""name"":""FK_SPN"",""type"":""REL""},{""columnName"":""CUSTOMER_BKEY"",""sequenceNumber"":252,""name"":""FK_SPN"",""type"":""REL""},{""columnName"":""CUSTOMER_ID"",""sequenceNumber"":253,""name"":""FK_SPN"",""type"":""REL""},{""columnName"":""CUSTOMER_NAME"",""sequenceNumber"":254,""name"":""FK_SPN"",""type"":""REL""},{""columnName"":""PRODUCT_SYSTEM"",""sequenceNumber"":255,""name"":""FK_SPN"",""type"":""REL""},{""columnName"":""PRODUCT_TYPE_ID"",""sequenceNumber"":256,""name"":""FK_SPN"",""type"":""REL""},{""columnName"":""ASSET_CLASSIFICATION_ID"",""sequenceNumber"":257,""name"":""FK_SPN"",""type"":""REL""},{""columnName"":""CLASSIFICATION_DATE"",""sequenceNumber"":258,""name"":""FK_SPN"",""type"":""REL""},{""columnName"":""RECLASS_ASSET_ID"",""sequenceNumber"":259,""name"":""FK_SPN"",""type"":""REL""},{""columnName"":""CROSS_NPA_DATE"",""sequenceNumber"":260,""name"":""FK_SPN"",""type"":""REL""},{""columnName"":""COBO_CROSS_NPA_DATE"",""sequenceNumber"":261,""name"":""FK_SPN"",""type"":""REL""},{""columnName"":""COBO_RECLASS_ASSET_ID"",""sequenceNumber"":262,""name"":""FK_SPN"",""type"":""REL""},{""columnName"":""CAUSAL_ACCOUNT"",""sequenceNumber"":263,""name"":""FK_SPN"",""type"":""REL""},{""columnName"":""NPA_STD_PRODUCT_TYPE_ID"",""sequenceNumber"":264,""name"":""FK_SPN"",""type"":""REL""},{""columnName"":""NPA_DATE"",""sequenceNumber"":265,""name"":""FK_SPN"",""type"":""REL""},{""columnName"":""NPA_EVENT_ID"",""sequenceNumber"":266,""name"":""FK_SPN"",""type"":""REL""},{""columnName"":""NPA_ID"",""sequenceNumber"":267,""name"":""FK_SPN"",""type"":""REL""},{""columnName"":""NPA_REASON"",""sequenceNumber"":268,""name"":""FK_SPN"",""type"":""REL""},{""columnName"":""OUTSTANDING_AMT"",""sequenceNumber"":269,""name"":""FK_SPN"",""type"":""REL""},{""columnName"":""OUTSTANDING_AMT_ACY"",""sequenceNumber"":270,""name"":""FK_SPN"",""type"":""REL""},{""columnName"":""OUTSTANDING_CHARGE_AMT"",""sequenceNumber"":271,""name"":""FK_SPN"",""type"":""REL""},{""columnName"":""OUTSTANDING_INTEREST_AMT"",""sequenceNumber"":272,""name"":""FK_SPN"",""type"":""REL""},{""columnName"":""OUTSTANDING_PRINC_AMT"",""sequenceNumber"":273,""name"":""FK_SPN"",""type"":""REL""},{""columnName"":""GROSS_NPA"",""sequenceNumber"":274,""name"":""FK_SPN"",""type"":""REL""},{""columnName"":""NET_NPA"",""sequenceNumber"":275,""name"":""FK_SPN"",""type"":""REL""},{""columnName"":""DPD"",""sequenceNumber"":276,""name"":""FK_SPN"",""type"":""REL""},{""columnName"":""SERVICE_OUTLET_ID"",""sequenceNumber"":277,""name"":""FK_SPN"",""type"":""REL""},{""columnName"":""CUSTOMER_TYPE_ID"",""sequenceNumber"":278,""name"":""FK_SPN"",""type"":""REL""},{""columnName"":""DEPARTMENT_ID"",""sequenceNumber"":279,""name"":""FK_SPN"",""type"":""REL""},{""columnName"":""FINANCIAL_TAG_ID"",""sequenceNumber"":280,""name"":""FK_SPN"",""type"":""REL""},{""columnName"":""BUSINESS_GROUP"",""sequenceNumber"":281,""name"":""FK_SPN"",""type"":""REL""},{""columnName"":""CURRENCY_ID"",""sequenceNumber"":282,""name"":""FK_SPN"",""type"":""REL""},{""columnName"":""ACY_TO_LCY_RATE"",""sequenceNumber"":283,""name"":""FK_SPN"",""type"":""REL""},{""columnName"":""MARK_TO_MARKET_AMT"",""sequenceNumber"":284,""name"":""FK_SPN"",""type"":""REL""},{""columnName"":""COLLATERAL_AMT"",""sequenceNumber"":285,""name"":""FK_SPN"",""type"":""REL""},{""columnName"":""IS_ACTIVE"",""sequenceNumber"":286,""name"":""FK_SPN"",""type"":""REL""},{""columnName"":""IS_ADDITIONAL_FINANCE"",""sequenceNumber"":287,""name"":""FK_SPN"",""type"":""REL""},{""columnName"":""IS_IBC_ADMITTED"",""sequenceNumber"":288,""name"":""FK_SPN"",""type"":""REL""},{""columnName"":""IS_IBC_FILING"",""sequenceNumber"":289,""name"":""FK_SPN"",""type"":""REL""},{""columnName"":""IS_RESTRUCTURE_ASSIGNED"",""sequenceNumber"":290,""name"":""FK_SPN"",""type"":""REL""},{""columnName"":""IS_RE_RESTRUCTURE"",""sequenceNumber"":291,""name"":""FK_SPN"",""type"":""REL""},{""columnName"":""IS_SECURED"",""sequenceNumber"":292,""name"":""FK_SPN"",""type"":""REL""},{""columnName"":""FRAUD_CODE"",""sequenceNumber"":293,""name"":""FK_SPN"",""type"":""REL""},{""columnName"":""SCHEME_ID"",""sequenceNumber"":294,""name"":""FK_SPN"",""type"":""REL""},{""columnName"":""PRODUCT_STATUS_ID"",""sequenceNumber"":295,""name"":""FK_SPN"",""type"":""REL""},{""columnName"":""PRIORITY_SECTOR_ID"",""sequenceNumber"":296,""name"":""FK_SPN"",""type"":""REL""},{""columnName"":""MAX_DPD"",""sequenceNumber"":297,""name"":""FK_SPN"",""type"":""REL""},{""columnName"":""STOCK_STATEMENT_DPD"",""sequenceNumber"":298,""name"":""FK_SPN"",""type"":""REL""},{""columnName"":""RUN_ID"",""sequenceNumber"":299,""name"":""FK_SPN"",""type"":""REL""},{""columnName"":""SYSTEM_IDENTIFIER"",""sequenceNumber"":300,""name"":""FK_SPN"",""type"":""REL""},{""columnName"":""PROV_PERCENT"",""sequenceNumber"":301,""name"":""FK_SPN"",""type"":""REL""},{""columnName"":""RECOVERED_AMT"",""sequenceNumber"":302,""name"":""FK_SPN"",""type"":""REL""},{""columnName"":""RECOVERED_INT_AMT"",""sequenceNumber"":303,""name"":""FK_SPN"",""type"":""REL""},{""columnName"":""RECOVERED_PRIN_AMT"",""sequenceNumber"":304,""name"":""FK_SPN"",""type"":""REL""},{""columnName"":""REMARKS"",""sequenceNumber"":305,""name"":""FK_SPN"",""type"":""REL""},{""columnName"":""RESTRUCTURED_DATE"",""sequenceNumber"":306,""name"":""FK_SPN"",""type"":""REL""},{""columnName"":""RESTRUCTURED_IND"",""sequenceNumber"":307,""name"":""FK_SPN"",""type"":""REL""},{""columnName"":""REVIEW_PERIOD_END_DATE"",""sequenceNumber"":308,""name"":""FK_SPN"",""type"":""REL""},{""columnName"":""REVIEW_PERIOD_START_DATE"",""sequenceNumber"":309,""name"":""FK_SPN"",""type"":""REL""},{""columnName"":""SYS_CALC_PROVISION_AMT"",""sequenceNumber"":310,""name"":""FK_SPN"",""type"":""REL""},{""columnName"":""DEPARTMENT_ID"",""sequenceNumber"":124,""name"":""DEPARTMENT_ID"",""type"":""ENT""},{""columnName"":""FREE_AMT_2"",""sequenceNumber"":125,""name"":""FREE_AMT_2"",""type"":""ENT""},{""columnName"":""FREE_AMT_3"",""sequenceNumber"":126,""name"":""FREE_AMT_3"",""type"":""ENT""},{""columnName"":""COLLATERAL_AMT"",""sequenceNumber"":127,""name"":""COLLATERAL_AMT"",""type"":""ENT""},{""columnName"":""COLLATERAL_CURRENCY_ID"",""sequenceNumber"":128,""name"":""COLLATERAL_CURRENCY_ID"",""type"":""ENT""},{""columnName"":""COLLATERAL_STATUS_ID"",""sequenceNumber"":129,""name"":""COLLATERAL_STATUS_ID"",""type"":""ENT""},{""columnName"":""COLLATERAL_TYPE_ID"",""sequenceNumber"":130,""name"":""COLLATERAL_TYPE_ID"",""type"":""ENT""},{""columnName"":""FRAUD_CODE"",""sequenceNumber"":131,""name"":""FRAUD_CODE"",""type"":""ENT""},{""columnName"":""IS_ADDITIONAL_FINANCE"",""sequenceNumber"":132,""name"":""IS_ADDITIONAL_FINANCE"",""type"":""ENT""},{""columnName"":""IS_FUND_BASED"",""sequenceNumber"":133,""name"":""IS_FUND_BASED"",""type"":""ENT""},{""columnName"":""IS_IBC_ADMITTED"",""sequenceNumber"":134,""name"":""IS_IBC_ADMITTED"",""type"":""ENT""},{""columnName"":""IS_IBC_FILING"",""sequenceNumber"":135,""name"":""IS_IBC_FILING"",""type"":""ENT""},{""columnName"":""IS_MSME"",""sequenceNumber"":136,""name"":""IS_MSME"",""type"":""ENT""},{""columnName"":""SOURCE_PROVISION_INTEREST_AMT"",""sequenceNumber"":137,""name"":""SOURCE_PROVISION_INTEREST_AMT"",""type"":""ENT""},{""columnName"":""PERIOD_ID"",""sequenceNumber"":138,""name"":""PERIOD_ID"",""type"":""ENT""},{""columnName"":""DATA_SOURCE_ID"",""sequenceNumber"":139,""name"":""DATA_SOURCE_ID"",""type"":""ENT""},{""columnName"":""PRODUCT_INSTANCE_BKEY"",""sequenceNumber"":140,""name"":""PRODUCT_INSTANCE_BKEY"",""type"":""ENT""},{""columnName"":""PRODUCT_INSTANCE_ID"",""sequenceNumber"":141,""name"":""PRODUCT_INSTANCE_ID"",""type"":""ENT""},{""columnName"":""CUSTOMER_BKEY"",""sequenceNumber"":142,""name"":""CUSTOMER_BKEY"",""type"":""ENT""},{""columnName"":""CUSTOMER_ID"",""sequenceNumber"":143,""name"":""CUSTOMER_ID"",""type"":""ENT""},{""columnName"":""CUSTOMER_NAME"",""sequenceNumber"":144,""name"":""CUSTOMER_NAME"",""type"":""ENT""},{""columnName"":""PRODUCT_SYSTEM"",""sequenceNumber"":145,""name"":""PRODUCT_SYSTEM"",""type"":""ENT""},{""columnName"":""PRODUCT_TYPE_ID"",""sequenceNumber"":146,""name"":""PRODUCT_TYPE_ID"",""type"":""ENT""},{""columnName"":""LIMIT_DPD"",""sequenceNumber"":147,""name"":""LIMIT_DPD"",""type"":""ENT""},{""columnName"":""BILL_DPD"",""sequenceNumber"":148,""name"":""BILL_DPD"",""type"":""ENT""},{""columnName"":""OUT_OF_ORDER_DPD"",""sequenceNumber"":149,""name"":""OUT_OF_ORDER_DPD"",""type"":""ENT""},{""columnName"":""OVERDRAWN_DPD"",""sequenceNumber"":150,""name"":""OVERDRAWN_DPD"",""type"":""ENT""},{""columnName"":""MONITORING_PERIOD_END_DATE"",""sequenceNumber"":151,""name"":""MONITORING_PERIOD_END_DATE"",""type"":""ENT""},{""columnName"":""MONITORING_PERIOD_START_DATE"",""sequenceNumber"":152,""name"":""MONITORING_PERIOD_START_DATE"",""type"":""ENT""},{""columnName"":""SPECIFIED_PERIOD_END_DATE"",""sequenceNumber"":153,""name"":""SPECIFIED_PERIOD_END_DATE"",""type"":""ENT""},{""columnName"":""SPECIFIED_PERIOD_START_DATE"",""sequenceNumber"":154,""name"":""SPECIFIED_PERIOD_START_DATE"",""type"":""ENT""},{""columnName"":""NEXT_INSTALLMENT_DATE"",""sequenceNumber"":155,""name"":""NEXT_INSTALLMENT_DATE"",""type"":""ENT""},{""columnName"":""PREVIOUS_INSTALLMENT_DATE"",""sequenceNumber"":156,""name"":""PREVIOUS_INSTALLMENT_DATE"",""type"":""ENT""},{""columnName"":""ORIGINAL_DCCO_DATE"",""sequenceNumber"":157,""name"":""ORIGINAL_DCCO_DATE"",""type"":""ENT""},{""columnName"":""REVISED_DCCO_DATE"",""sequenceNumber"":158,""name"":""REVISED_DCCO_DATE"",""type"":""ENT""},{""columnName"":""TOTAL_ARREARS_CREDIT"",""sequenceNumber"":159,""name"":""TOTAL_ARREARS_CREDIT"",""type"":""ENT""},{""columnName"":""TOTAL_CREDIT_YTD"",""sequenceNumber"":160,""name"":""TOTAL_CREDIT_YTD"",""type"":""ENT""},{""columnName"":""USER_NAME"",""sequenceNumber"":161,""name"":""USER_NAME"",""type"":""ENT""},{""columnName"":""WRITE_OFF_AMT"",""sequenceNumber"":162,""name"":""WRITE_OFF_AMT"",""type"":""ENT""},{""columnName"":""WRITE_OFF_INT_AMT"",""sequenceNumber"":163,""name"":""WRITE_OFF_INT_AMT"",""type"":""ENT""},{""columnName"":""WRITE_OFF_PRIN_AMT"",""sequenceNumber"":164,""name"":""WRITE_OFF_PRIN_AMT"",""type"":""ENT""},{""columnName"":""LIMIT_REFERENCE_BKEY"",""sequenceNumber"":165,""name"":""LIMIT_REFERENCE_BKEY"",""type"":""ENT""},{""columnName"":""LIMIT_RENEWAL_DATE"",""sequenceNumber"":166,""name"":""LIMIT_RENEWAL_DATE"",""type"":""ENT""},{""columnName"":""LIMIT_START_DATE"",""sequenceNumber"":167,""name"":""LIMIT_START_DATE"",""type"":""ENT""},{""columnName"":""LINKED_LIMIT_AMT"",""sequenceNumber"":168,""name"":""LINKED_LIMIT_AMT"",""type"":""ENT""},{""columnName"":""LINKED_LIMIT_UTILIZED_AMT"",""sequenceNumber"":169,""name"":""LINKED_LIMIT_UTILIZED_AMT"",""type"":""ENT""},{""columnName"":""FINANCIAL_TAG_ID"",""sequenceNumber"":170,""name"":""FINANCIAL_TAG_ID"",""type"":""ENT""},{""columnName"":""SOURCE_NPA_FLAG"",""sequenceNumber"":171,""name"":""SOURCE_NPA_FLAG"",""type"":""ENT""},{""columnName"":""SOURCE_NPA_DATE"",""sequenceNumber"":172,""name"":""SOURCE_NPA_DATE"",""type"":""ENT""},{""columnName"":""SOURCE_ASSET_CLASS_CODE"",""sequenceNumber"":173,""name"":""SOURCE_ASSET_CLASS_CODE"",""type"":""ENT""},{""columnName"":""CUSTOMER_TYPE_ID"",""sequenceNumber"":174,""name"":""FK_CUSTOMER_TYPE"",""type"":""REL""},{""columnName"":""PARENT_CUSTOMER_TYPE_ID"",""sequenceNumber"":175,""name"":""FK_CUSTOMER_TYPE"",""type"":""REL""},{""columnName"":""CUSTOMER_TYPE_BKEY"",""sequenceNumber"":176,""name"":""FK_CUSTOMER_TYPE"",""type"":""REL""},{""columnName"":""CUSTOMER_TYPE_UCID"",""sequenceNumber"":177,""name"":""FK_CUSTOMER_TYPE"",""type"":""REL""},{""columnName"":""CUSTOMER_TYPE_DESC"",""sequenceNumber"":178,""name"":""FK_CUSTOMER_TYPE"",""type"":""REL""},{""columnName"":""CUSTOMER_TYPE_DESC_ALT_LANG"",""sequenceNumber"":179,""name"":""FK_CUSTOMER_TYPE"",""type"":""REL""},{""columnName"":""IS_ACTIVE"",""sequenceNumber"":180,""name"":""FK_CUSTOMER_TYPE"",""type"":""REL""},{""columnName"":""DATA_SOURCE_ID"",""sequenceNumber"":181,""name"":""FK_CUSTOMER_TYPE"",""type"":""REL""},{""columnName"":""LOAD_EXECUTION_ID"",""sequenceNumber"":182,""name"":""FK_CUSTOMER_TYPE"",""type"":""REL""},{""columnName"":""LEVEL_NUMBER"",""sequenceNumber"":183,""name"":""FK_CUSTOMER_TYPE"",""type"":""REL""},{""columnName"":""LEVEL_DESCRIPTION"",""sequenceNumber"":184,""name"":""FK_CUSTOMER_TYPE"",""type"":""REL""},{""columnName"":""PRODUCT_ID"",""sequenceNumber"":185,""name"":""FK_STD_PRODUCT"",""type"":""REL""},{""columnName"":""PRODUCT_BKEY"",""sequenceNumber"":186,""name"":""FK_STD_PRODUCT"",""type"":""REL""},{""columnName"":""PRODUCT_UCID"",""sequenceNumber"":187,""name"":""FK_STD_PRODUCT"",""type"":""REL""},{""columnName"":""PRODUCT_DESC"",""sequenceNumber"":188,""name"":""FK_STD_PRODUCT"",""type"":""REL""},{""columnName"":""DATA_SOURCE_ID"",""sequenceNumber"":189,""name"":""FK_STD_PRODUCT"",""type"":""REL""},{""columnName"":""LOAD_EXECUTION_ID"",""sequenceNumber"":190,""name"":""FK_STD_PRODUCT"",""type"":""REL""},{""columnName"":""PRODUCT_CLASS"",""sequenceNumber"":191,""name"":""FK_STD_PRODUCT"",""type"":""REL""},{""columnName"":""TYPE_OF_FUND"",""sequenceNumber"":192,""name"":""FK_STD_PRODUCT"",""type"":""REL""},{""columnName"":""IS_CROSSNPA_REQUIRED"",""sequenceNumber"":193,""name"":""FK_STD_PRODUCT"",""type"":""REL""},{""columnName"":""EARLY_WARNING_THRESHOLD_AMT"",""sequenceNumber"":194,""name"":""FK_STD_PRODUCT"",""type"":""REL""},{""columnName"":""NPA_ACTION_ID"",""sequenceNumber"":195,""name"":""FK_NPA_ACTION"",""type"":""REL""},{""columnName"":""NPA_ACTION_CODE"",""sequenceNumber"":196,""name"":""FK_NPA_ACTION"",""type"":""REL""},{""columnName"":""NPA_ACTION_DESC"",""sequenceNumber"":197,""name"":""FK_NPA_ACTION"",""type"":""REL""},{""columnName"":""SPECIFIC_PROVISION_AMT"",""sequenceNumber"":311,""name"":""FK_SPN"",""type"":""REL""},{""columnName"":""UNIFIED_CUSTOMER_DETAILS"",""sequenceNumber"":312,""name"":""FK_SPN"",""type"":""REL""},{""columnName"":""UNIFIED_CUSTOMER_ID"",""sequenceNumber"":313,""name"":""FK_SPN"",""type"":""REL""},{""columnName"":""UNIFIED_DATA_SOURCE_ID"",""sequenceNumber"":314,""name"":""FK_SPN"",""type"":""REL""},{""columnName"":""USER_BUSINESS_SEGMENT"",""sequenceNumber"":315,""name"":""FK_SPN"",""type"":""REL""},{""columnName"":""NPA_ACTION_ID"",""sequenceNumber"":316,""name"":""FK_SPN_ASSET"",""type"":""REL""},{""columnName"":""NPA_ACTION_CODE"",""sequenceNumber"":317,""name"":""FK_SPN_ASSET"",""type"":""REL""},{""columnName"":""NPA_ACTION_DESC"",""sequenceNumber"":318,""name"":""FK_SPN_ASSET"",""type"":""REL""},{""columnName"":""NPA_ACTION_DETAILS"",""sequenceNumber"":319,""name"":""FK_SPN_ASSET"",""type"":""REL""},{""columnName"":""SYSTEM_ENTRY_TIME"",""sequenceNumber"":320,""name"":""FK_SPN_ASSET"",""type"":""REL""},{""columnName"":""PRIORITY"",""sequenceNumber"":321,""name"":""FK_SPN_ASSET"",""type"":""REL""},{""columnName"":""DATA_SOURCE_ID"",""sequenceNumber"":322,""name"":""FK_SPN_ASSET"",""type"":""REL""},{""columnName"":""NPA_ACTION_ID"",""sequenceNumber"":323,""name"":""FK_SPN_RECLASS"",""type"":""REL""},{""columnName"":""NPA_ACTION_CODE"",""sequenceNumber"":324,""name"":""FK_SPN_RECLASS"",""type"":""REL""},{""columnName"":""NPA_ACTION_DESC"",""sequenceNumber"":325,""name"":""FK_SPN_RECLASS"",""type"":""REL""},{""columnName"":""NPA_ACTION_DETAILS"",""sequenceNumber"":326,""name"":""FK_SPN_RECLASS"",""type"":""REL""},{""columnName"":""SYSTEM_ENTRY_TIME"",""sequenceNumber"":327,""name"":""FK_SPN_RECLASS"",""type"":""REL""},{""columnName"":""PRIORITY"",""sequenceNumber"":328,""name"":""FK_SPN_RECLASS"",""type"":""REL""},{""columnName"":""DATA_SOURCE_ID"",""sequenceNumber"":329,""name"":""FK_SPN_RECLASS"",""type"":""REL""},{""columnName"":""CUSTOMER_ID"",""sequenceNumber"":330,""name"":""FK_FPM_AGG"",""type"":""REL""},{""columnName"":""PERIOD_ID"",""sequenceNumber"":331,""name"":""FK_FPM_AGG"",""type"":""REL""},{""columnName"":""UNIFIED_CUSTOMER_ID"",""sequenceNumber"":332,""name"":""FK_FPM_AGG"",""type"":""REL""},{""columnName"":""LIMIT_DPD"",""sequenceNumber"":333,""name"":""FK_FPM_AGG"",""type"":""REL""},{""columnName"":""OVERDRAWN_DPD"",""sequenceNumber"":334,""name"":""FK_FPM_AGG"",""type"":""REL""},{""columnName"":""PRINCIPAL_DPD"",""sequenceNumber"":335,""name"":""FK_FPM_AGG"",""type"":""REL""},{""columnName"":""BILL_DPD"",""sequenceNumber"":336,""name"":""FK_FPM_AGG"",""type"":""REL""},{""columnName"":""DP_DPD"",""sequenceNumber"":337,""name"":""FK_FPM_AGG"",""type"":""REL""},{""columnName"":""INTEREST_DPD"",""sequenceNumber"":338,""name"":""FK_FPM_AGG"",""type"":""REL""},{""columnName"":""PAYLATER_DPD"",""sequenceNumber"":339,""name"":""FK_FPM_AGG"",""type"":""REL""},{""columnName"":""OUT_OF_ORDER_DPD"",""sequenceNumber"":340,""name"":""FK_FPM_AGG"",""type"":""REL""},{""columnName"":""DFS_DPD"",""sequenceNumber"":341,""name"":""FK_FPM_AGG"",""type"":""REL""},{""columnName"":""FREE_DPD_1"",""sequenceNumber"":342,""name"":""FK_FPM_AGG"",""type"":""REL""},{""columnName"":""FREE_DPD_2"",""sequenceNumber"":343,""name"":""FK_FPM_AGG"",""type"":""REL""},{""columnName"":""FREE_DPD_3"",""sequenceNumber"":344,""name"":""FK_FPM_AGG"",""type"":""REL""},{""columnName"":""FREE_DPD_4"",""sequenceNumber"":345,""name"":""FK_FPM_AGG"",""type"":""REL""},{""columnName"":""FREE_DPD_5"",""sequenceNumber"":346,""name"":""FK_FPM_AGG"",""type"":""REL""},{""columnName"":""FREE_DPD_6"",""sequenceNumber"":347,""name"":""FK_FPM_AGG"",""type"":""REL""},{""columnName"":""FREE_DPD_7"",""sequenceNumber"":348,""name"":""FK_FPM_AGG"",""type"":""REL""},{""columnName"":""FREE_DPD_8"",""sequenceNumber"":349,""name"":""FK_FPM_AGG"",""type"":""REL""},{""columnName"":""FREE_DPD_9"",""sequenceNumber"":350,""name"":""FK_FPM_AGG"",""type"":""REL""},{""columnName"":""FREE_DPD_10"",""sequenceNumber"":351,""name"":""FK_FPM_AGG"",""type"":""REL""},{""columnName"":""MAX_DPD"",""sequenceNumber"":352,""name"":""FK_FPM_AGG"",""type"":""REL""},{""columnName"":""TOTAL_OUTSTANDING_AMT"",""sequenceNumber"":353,""name"":""FK_FPM_AGG"",""type"":""REL""},{""columnName"":""MAX_MIS_DPD_1"",""sequenceNumber"":354,""name"":""FK_FPM_AGG"",""type"":""REL""},{""columnName"":""MAX_MIS_DPD_10"",""sequenceNumber"":355,""name"":""FK_FPM_AGG"",""type"":""REL""},{""columnName"":""MAX_MIS_DPD_2"",""sequenceNumber"":356,""name"":""FK_FPM_AGG"",""type"":""REL""},{""columnName"":""MAX_MIS_DPD_3"",""sequenceNumber"":357,""name"":""FK_FPM_AGG"",""type"":""REL""},{""columnName"":""MAX_MIS_DPD_4"",""sequenceNumber"":358,""name"":""FK_FPM_AGG"",""type"":""REL""},{""columnName"":""MAX_MIS_DPD_5"",""sequenceNumber"":359,""name"":""FK_FPM_AGG"",""type"":""REL""},{""columnName"":""MAX_MIS_DPD_6"",""sequenceNumber"":360,""name"":""FK_FPM_AGG"",""type"":""REL""},{""columnName"":""MAX_MIS_DPD_7"",""sequenceNumber"":361,""name"":""FK_FPM_AGG"",""type"":""REL""},{""columnName"":""MAX_MIS_DPD_8"",""sequenceNumber"":362,""name"":""FK_FPM_AGG"",""type"":""REL""},{""columnName"":""MAX_MIS_DPD_9"",""sequenceNumber"":363,""name"":""FK_FPM_AGG"",""type"":""REL""},{""columnName"":""COLLATERAL_AMOUNT"",""sequenceNumber"":364,""name"":""FK_FPM_AGG"",""type"":""REL""},{""columnName"":""COLLATERAL_TO_OUTSTNDING_RATIO"",""sequenceNumber"":365,""name"":""FK_FPM_AGG"",""type"":""REL""},{""columnName"":""DATA_SOURCE_ID"",""sequenceNumber"":366,""name"":""FK_DATA_SOURCE"",""type"":""REL""},{""columnName"":""DATA_SOURCE_NAME"",""sequenceNumber"":367,""name"":""FK_DATA_SOURCE"",""type"":""REL""},{""columnName"":""IS_SCGL_IND"",""sequenceNumber"":368,""name"":""FK_DATA_SOURCE"",""type"":""REL""},{""columnName"":""SCGL_CURRENCY_UCID"",""sequenceNumber"":369,""name"":""FK_DATA_SOURCE"",""type"":""REL""},{""columnName"":""FINANCIAL_YEAR_TYPE_ID"",""sequenceNumber"":370,""name"":""FK_DATA_SOURCE"",""type"":""REL""},{""columnName"":""AUDIT_GL_DATA_SOURCE_ID"",""sequenceNumber"":371,""name"":""FK_DATA_SOURCE"",""type"":""REL""},{""columnName"":""PRODUCT_TYPE_ID"",""sequenceNumber"":372,""name"":""fK_PRODUCT_TYPE"",""type"":""REL""},{""columnName"":""PRODUCT_TYPE_BKEY"",""sequenceNumber"":373,""name"":""fK_PRODUCT_TYPE"",""type"":""REL""},{""columnName"":""PRODUCT_TYPE_DESC"",""sequenceNumber"":374,""name"":""fK_PRODUCT_TYPE"",""type"":""REL""},{""columnName"":""LEVEL_DESC"",""sequenceNumber"":375,""name"":""fK_PRODUCT_TYPE"",""type"":""REL""},{""columnName"":""LEVEL_NUMBER"",""sequenceNumber"":376,""name"":""fK_PRODUCT_TYPE"",""type"":""REL""},{""columnName"":""DATA_SOURCE_ID"",""sequenceNumber"":377,""name"":""fK_PRODUCT_TYPE"",""type"":""REL""},{""columnName"":""PRODUCT_TYPE_DESC_ALT_LANG"",""sequenceNumber"":378,""name"":""fK_PRODUCT_TYPE"",""type"":""REL""},{""columnName"":""PARENT_PRODUCT_TYPE_ID"",""sequenceNumber"":379,""name"":""fK_PRODUCT_TYPE"",""type"":""REL""},{""columnName"":""PRODUCT_SYSTEM"",""sequenceNumber"":380,""name"":""fK_PRODUCT_TYPE"",""type"":""REL""},{""columnName"":""PRODUCT_TYPE_MNEMONIC"",""sequenceNumber"":381,""name"":""fK_PRODUCT_TYPE"",""type"":""REL""},{""columnName"":""IS_ACTIVE"",""sequenceNumber"":382,""name"":""fK_PRODUCT_TYPE"",""type"":""REL""},{""columnName"":""LOAD_EXECUTION_ID"",""sequenceNumber"":383,""name"":""fK_PRODUCT_TYPE"",""type"":""REL""},{""columnName"":""DENOMINATION"",""sequenceNumber"":384,""name"":""fK_PRODUCT_TYPE"",""type"":""REL""},{""columnName"":""DEBIT_BALANCE_COA_ID"",""sequenceNumber"":385,""name"":""fK_PRODUCT_TYPE"",""type"":""REL""},{""columnName"":""CREDIT_BALANCE_COA_ID"",""sequenceNumber"":386,""name"":""fK_PRODUCT_TYPE"",""type"":""REL""},{""columnName"":""DEBIT_ACCRUED_INT_COA_ID"",""sequenceNumber"":387,""name"":""fK_PRODUCT_TYPE"",""type"":""REL""},{""columnName"":""CREDIT_ACCRUED_INT_COA_ID"",""sequenceNumber"":388,""name"":""fK_PRODUCT_TYPE"",""type"":""REL""},{""columnName"":""INTEREST_INCOME_COA_ID"",""sequenceNumber"":389,""name"":""fK_PRODUCT_TYPE"",""type"":""REL""},{""columnName"":""NPA_ACTION_DETAILS"",""sequenceNumber"":198,""name"":""FK_NPA_ACTION"",""type"":""REL""},{""columnName"":""SYSTEM_ENTRY_TIME"",""sequenceNumber"":199,""name"":""FK_NPA_ACTION"",""type"":""REL""},{""columnName"":""PRIORITY"",""sequenceNumber"":200,""name"":""FK_NPA_ACTION"",""type"":""REL""},{""columnName"":""DATA_SOURCE_ID"",""sequenceNumber"":201,""name"":""FK_NPA_ACTION"",""type"":""REL""},{""columnName"":""NPA_ID"",""sequenceNumber"":202,""name"":""FK_NPA_CODE"",""type"":""REL""},{""columnName"":""NPA_CODE"",""sequenceNumber"":203,""name"":""FK_NPA_CODE"",""type"":""REL""},{""columnName"":""NPA_CODE_DESC"",""sequenceNumber"":204,""name"":""FK_NPA_CODE"",""type"":""REL""},{""columnName"":""SYSTEM_ENTRY_TIME"",""sequenceNumber"":205,""name"":""FK_NPA_CODE"",""type"":""REL""},{""columnName"":""USER_NAME"",""sequenceNumber"":206,""name"":""FK_SPN"",""type"":""REL""},{""columnName"":""USER_NPA_TAG"",""sequenceNumber"":207,""name"":""FK_SPN"",""type"":""REL""},{""columnName"":""VERSION_ID"",""sequenceNumber"":208,""name"":""FK_SPN"",""type"":""REL""},{""columnName"":""WRITE_OFF_AMT"",""sequenceNumber"":209,""name"":""FK_SPN"",""type"":""REL""},{""columnName"":""IS_WRITTEN_OFF"",""sequenceNumber"":210,""name"":""FK_SPN"",""type"":""REL""},{""columnName"":""WRITE_OFF_INT_AMT"",""sequenceNumber"":211,""name"":""FK_SPN"",""type"":""REL""},{""columnName"":""WRITE_OFF_PRIN_AMT"",""sequenceNumber"":212,""name"":""FK_SPN"",""type"":""REL""},{""columnName"":""WRITTEN_OFF_DATE"",""sequenceNumber"":213,""name"":""FK_SPN"",""type"":""REL""},{""columnName"":""INTERNAL_RATING_ID"",""sequenceNumber"":214,""name"":""FK_SPN"",""type"":""REL""},{""columnName"":""IS_RATING_DOWNGRADED"",""sequenceNumber"":215,""name"":""FK_SPN"",""type"":""REL""},{""columnName"":""CUSTOMER_CATEGORY_ID"",""sequenceNumber"":216,""name"":""FK_SPN"",""type"":""REL""},{""columnName"":""CUST_PORTFOLIO_VALUE"",""sequenceNumber"":217,""name"":""FK_SPN"",""type"":""REL""},{""columnName"":""FAIR_VALUE"",""sequenceNumber"":218,""name"":""FK_SPN"",""type"":""REL""},{""columnName"":""INTOS_ON_NPA_DATE"",""sequenceNumber"":219,""name"":""FK_SPN"",""type"":""REL""},{""columnName"":""PRINOS_ON_NPA_DATE"",""sequenceNumber"":220,""name"":""FK_SPN"",""type"":""REL""},{""columnName"":""OVERDUE_INTEREST_AMT"",""sequenceNumber"":221,""name"":""FK_SPN"",""type"":""REL""},{""columnName"":""PRI_RESTRUCTR_ASSET_CLASS_ID"",""sequenceNumber"":222,""name"":""FK_SPN"",""type"":""REL""},{""columnName"":""ACCT_OPEN_DATE"",""sequenceNumber"":223,""name"":""FK_SPN"",""type"":""REL""},{""columnName"":""NO_OF_PAST_DUE_INSTALLMENTS"",""sequenceNumber"":224,""name"":""FK_SPN"",""type"":""REL""},{""columnName"":""DELIQUENCY_STRING"",""sequenceNumber"":225,""name"":""FK_SPN"",""type"":""REL""},{""columnName"":""FREE_TEXT_1"",""sequenceNumber"":226,""name"":""FK_SPN"",""type"":""REL""},{""columnName"":""FREE_TEXT_2"",""sequenceNumber"":227,""name"":""FK_SPN"",""type"":""REL""},{""columnName"":""INTEREST_EXPENSE_COA_ID"",""sequenceNumber"":390,""name"":""fK_PRODUCT_TYPE"",""type"":""REL""},{""columnName"":""MATURED_BALANCE_COA_ID"",""sequenceNumber"":391,""name"":""fK_PRODUCT_TYPE"",""type"":""REL""},{""columnName"":""SYSTEM_ENTRY_TIME"",""sequenceNumber"":392,""name"":""fK_PRODUCT_TYPE"",""type"":""REL""},{""columnName"":""MIS_CODE_1_ID"",""sequenceNumber"":393,""name"":""fK_PRODUCT_TYPE"",""type"":""REL""},{""columnName"":""MIS_CODE_2_ID"",""sequenceNumber"":394,""name"":""fK_PRODUCT_TYPE"",""type"":""REL""},{""columnName"":""MIS_CODE_3_ID"",""sequenceNumber"":395,""name"":""fK_PRODUCT_TYPE"",""type"":""REL""},{""columnName"":""MIS_CODE_4_ID"",""sequenceNumber"":396,""name"":""fK_PRODUCT_TYPE"",""type"":""REL""},{""columnName"":""MIS_CODE_5_ID"",""sequenceNumber"":397,""name"":""fK_PRODUCT_TYPE"",""type"":""REL""},{""columnName"":""MIS_CODE_6_ID"",""sequenceNumber"":398,""name"":""fK_PRODUCT_TYPE"",""type"":""REL""},{""columnName"":""MIS_CODE_7_ID"",""sequenceNumber"":399,""name"":""fK_PRODUCT_TYPE"",""type"":""REL""},{""columnName"":""MIS_CODE_8_ID"",""sequenceNumber"":400,""name"":""fK_PRODUCT_TYPE"",""type"":""REL""},{""columnName"":""MIS_CODE_9_ID"",""sequenceNumber"":401,""name"":""fK_PRODUCT_TYPE"",""type"":""REL""},{""columnName"":""MIS_CODE_10_ID"",""sequenceNumber"":402,""name"":""fK_PRODUCT_TYPE"",""type"":""REL""},{""columnName"":""PRODUCT_TYPE_UCID"",""sequenceNumber"":403,""name"":""fK_PRODUCT_TYPE"",""type"":""REL""},{""columnName"":""PRODUCT_TYPE_EFFECTIVE_DATE"",""sequenceNumber"":404,""name"":""fK_PRODUCT_TYPE"",""type"":""REL""},{""columnName"":""PRODUCT_TYPE_END_DATE"",""sequenceNumber"":405,""name"":""fK_PRODUCT_TYPE"",""type"":""REL""},{""columnName"":""PRODUCT_SYSTEM_CODE"",""sequenceNumber"":406,""name"":""fK_PRODUCT_TYPE"",""type"":""REL""},{""columnName"":""SIGNIFICANT_PRODUCT_GROUP"",""sequenceNumber"":407,""name"":""fK_PRODUCT_TYPE"",""type"":""REL""},{""columnName"":""PROVISION_TYPE_ID"",""sequenceNumber"":408,""name"":""fK_PROVISION_TYPE"",""type"":""REL""},{""columnName"":""PROVISION_TYPE_CODE"",""sequenceNumber"":409,""name"":""fK_PROVISION_TYPE"",""type"":""REL""},{""columnName"":""PROVISION_TYPE_DESC"",""sequenceNumber"":410,""name"":""fK_PROVISION_TYPE"",""type"":""REL""},{""columnName"":""PROVISION_TYPE_ALT_LANG"",""sequenceNumber"":411,""name"":""fK_PROVISION_TYPE"",""type"":""REL""},{""columnName"":""IS_ACTIVE"",""sequenceNumber"":412,""name"":""fK_PROVISION_TYPE"",""type"":""REL""},{""columnName"":""SYSTEM_ENTRY_TIME"",""sequenceNumber"":413,""name"":""fK_PROVISION_TYPE"",""type"":""REL""},{""columnName"":""BUSINESS_DATE"",""sequenceNumber"":414,""name"":""var"",""type"":""TEMP""},{""columnName"":""PREV_DAY_ASSET_CLASS"",""sequenceNumber"":415,""name"":""var"",""type"":""TEMP""},{""columnName"":""WRITTEN_OFF_DATE"",""sequenceNumber"":1,""name"":""WRITTEN_OFF_DATE"",""type"":""ENT""},{""columnName"":""SETTLEMENT_DATE"",""sequenceNumber"":2,""name"":""SETTLEMENT_DATE"",""type"":""ENT""},{""columnName"":""SETTLEMENT_AMT"",""sequenceNumber"":3,""name"":""SETTLEMENT_AMT"",""type"":""ENT""},{""columnName"":""FREE_TEXT_1"",""sequenceNumber"":4,""name"":""FREE_TEXT_1"",""type"":""ENT""},{""columnName"":""FREE_TEXT_2"",""sequenceNumber"":5,""name"":""FREE_TEXT_2"",""type"":""ENT""},{""columnName"":""FREE_TEXT_3"",""sequenceNumber"":6,""name"":""FREE_TEXT_3"",""type"":""ENT""},{""columnName"":""FREE_TEXT_4"",""sequenceNumber"":7,""name"":""FREE_TEXT_4"",""type"":""ENT""},{""columnName"":""FREE_TEXT_5"",""sequenceNumber"":8,""name"":""FREE_TEXT_5"",""type"":""ENT""},{""columnName"":""FREE_DATE_1"",""sequenceNumber"":9,""name"":""FREE_DATE_1"",""type"":""ENT""},{""columnName"":""MAX_DPD"",""sequenceNumber"":10,""name"":""MAX_DPD"",""type"":""ENT""},{""columnName"":""FREE_AMT_4"",""sequenceNumber"":11,""name"":""FREE_AMT_4"",""type"":""ENT""},{""columnName"":""FREE_AMT_5"",""sequenceNumber"":12,""name"":""FREE_AMT_5"",""type"":""ENT""},{""columnName"":""STAGE_CLASSIFICATION_ID"",""sequenceNumber"":13,""name"":""STAGE_CLASSIFICATION_ID"",""type"":""ENT""},{""columnName"":""STAGE_CLASSIFICATION_DATE"",""sequenceNumber"":14,""name"":""STAGE_CLASSIFICATION_DATE"",""type"":""ENT""},{""columnName"":""STAGE_RECLASS_ID"",""sequenceNumber"":15,""name"":""STAGE_RECLASS_ID"",""type"":""ENT""},{""columnName"":""BORROWER_STAGE_CLASSIFICATION_DATE"",""sequenceNumber"":16,""name"":""BORROWER_STAGE_CLASSIFICATION_DATE"",""type"":""ENT""},{""columnName"":""STAGE_AGEING"",""sequenceNumber"":17,""name"":""STAGE_AGEING"",""type"":""ENT""},{""columnName"":""ECL_CAUSAL_ACCOUNT"",""sequenceNumber"":18,""name"":""ECL_CAUSAL_ACCOUNT"",""type"":""ENT""},{""columnName"":""STAGE_CLASSIFICATION_REASON"",""sequenceNumber"":19,""name"":""STAGE_CLASSIFICATION_REASON"",""type"":""ENT""},{""columnName"":""CROSS_STAGE_DATE"",""sequenceNumber"":20,""name"":""CROSS_STAGE_DATE"",""type"":""ENT""},{""columnName"":""IS_STAGE_PERSIST"",""sequenceNumber"":21,""name"":""IS_STAGE_PERSIST"",""type"":""ENT""},{""columnName"":""INTEREST_DPD"",""sequenceNumber"":22,""name"":""INTEREST_DPD"",""type"":""ENT""},{""columnName"":""FREE_AMT_1"",""sequenceNumber"":23,""name"":""FREE_AMT_1"",""type"":""ENT""},{""columnName"":""IS_RE_RESTRUCTURE"",""sequenceNumber"":24,""name"":""IS_RE_RESTRUCTURE"",""type"":""ENT""},{""columnName"":""IS_RESTRUCTURE_ASSIGNED"",""sequenceNumber"":25,""name"":""IS_RESTRUCTURE_ASSIGNED"",""type"":""ENT""},{""columnName"":""IS_SECURED"",""sequenceNumber"":26,""name"":""IS_SECURED"",""type"":""ENT""},{""columnName"":""PAYLATER_DPD"",""sequenceNumber"":27,""name"":""PAYLATER_DPD"",""type"":""ENT""},{""columnName"":""STOCK_STATEMENT_DPD"",""sequenceNumber"":28,""name"":""STOCK_STATEMENT_DPD"",""type"":""ENT""},{""columnName"":""CUST_PORTFOLIO_VALUE"",""sequenceNumber"":29,""name"":""CUST_PORTFOLIO_VALUE"",""type"":""ENT""},{""columnName"":""NPA_STD_PRODUCT_TYPE_ID"",""sequenceNumber"":30,""name"":""NPA_STD_PRODUCT_TYPE_ID"",""type"":""ENT""},{""columnName"":""NPA_DATE"",""sequenceNumber"":31,""name"":""NPA_DATE"",""type"":""ENT""},{""columnName"":""NPA_EVENT_ID"",""sequenceNumber"":32,""name"":""NPA_EVENT_ID"",""type"":""ENT""},{""columnName"":""NPA_EXCLUSION_FLAG"",""sequenceNumber"":33,""name"":""NPA_EXCLUSION_FLAG"",""type"":""ENT""},{""columnName"":""NPA_ID"",""sequenceNumber"":34,""name"":""NPA_ID"",""type"":""ENT""},{""columnName"":""NPA_EXCLUSION_REASON"",""sequenceNumber"":35,""name"":""NPA_EXCLUSION_REASON"",""type"":""ENT""},{""columnName"":""OUTSTANDING_AMT"",""sequenceNumber"":36,""name"":""OUTSTANDING_AMT"",""type"":""ENT""},{""columnName"":""OUTSTANDING_INTEREST_AMT"",""sequenceNumber"":37,""name"":""OUTSTANDING_INTEREST_AMT"",""type"":""ENT""},{""columnName"":""OUTSTANDING_PRINC_AMT"",""sequenceNumber"":38,""name"":""OUTSTANDING_PRINC_AMT"",""type"":""ENT""},{""columnName"":""OUTSTANDING_CHARGES_AMT"",""sequenceNumber"":39,""name"":""OUTSTANDING_CHARGES_AMT"",""type"":""ENT""},{""columnName"":""APPROVED_AMT"",""sequenceNumber"":40,""name"":""APPROVED_AMT"",""type"":""ENT""},{""columnName"":""GROSS_NPA"",""sequenceNumber"":41,""name"":""GROSS_NPA"",""type"":""ENT""},{""columnName"":""NET_NPA"",""sequenceNumber"":42,""name"":""NET_NPA"",""type"":""ENT""},{""columnName"":""OVERDUE_AMT"",""sequenceNumber"":43,""name"":""OVERDUE_AMT"",""type"":""ENT""},{""columnName"":""OVERDUE_INTEREST_AMT"",""sequenceNumber"":44,""name"":""OVERDUE_INTEREST_AMT"",""type"":""ENT""},{""columnName"":""OVERDUE_OTHER_AMT"",""sequenceNumber"":45,""name"":""OVERDUE_OTHER_AMT"",""type"":""ENT""},{""columnName"":""OVERDUE_PRINCIPAL_AMT"",""sequenceNumber"":46,""name"":""OVERDUE_PRINCIPAL_AMT"",""type"":""ENT""},{""columnName"":""OUTSTANDING_AMT_ACY"",""sequenceNumber"":47,""name"":""OUTSTANDING_AMT_ACY"",""type"":""ENT""},{""columnName"":""MARK_TO_MARKET_AMT"",""sequenceNumber"":48,""name"":""MARK_TO_MARKET_AMT"",""type"":""ENT""},{""columnName"":""ASSET_CLASS_DAYS"",""sequenceNumber"":49,""name"":""ASSET_CLASS_DAYS"",""type"":""ENT""},{""columnName"":""ASSET_CLASS_ID"",""sequenceNumber"":50,""name"":""ASSET_CLASS_ID"",""type"":""ENT""}]}",
FCT_PRODUCT_MASTER,NPA_ID,Physical,Decision Table,"IF(AND((""FCT_PRODUCT_MASTER"".""var"".""PREV_DAY_ASSET_CLASS"") == 1,(""FCT_PRODUCT_MASTER"".""FK_FPM_AGG"".""MAX_DPD"") > 0)) THEN(""1#@@#Primary NPA identification - NPA Continuation"") ELSEIF(AND((""FCT_PRODUCT_MASTER"".""PRINCIPAL_DPD"") >= 365,(OR(AND((""FCT_PRODUCT_MASTER"".""fK_PRODUCT_TYPE"".""PRODUCT_TYPE_BKEY"") == ""Agri"",(""FCT_PRODUCT_MASTER"".""fK_PRODUCT_TYPE"".""DATA_SOURCE_ID"") == 1))))) THEN(""1#@@#Primary NPA identification  PRINCIPAL DPD -  Agri Loans"") ELSEIF(AND((""FCT_PRODUCT_MASTER"".""INTEREST_DPD"") >= 365,(OR(AND((""FCT_PRODUCT_MASTER"".""fK_PRODUCT_TYPE"".""PRODUCT_TYPE_BKEY"") == ""Agri"",(""FCT_PRODUCT_MASTER"".""fK_PRODUCT_TYPE"".""DATA_SOURCE_ID"") == 1))))) THEN(""1#@@#Primary NPA identification  INTEREST DPD -  Agri Loans"") ELSEIF(AND((""FCT_PRODUCT_MASTER"".""MAX_DPD"") >= 365,(OR(AND((""FCT_PRODUCT_MASTER"".""fK_PRODUCT_TYPE"".""PRODUCT_TYPE_BKEY"") == ""Agri"",(""FCT_PRODUCT_MASTER"".""fK_PRODUCT_TYPE"".""DATA_SOURCE_ID"") == 1))))) THEN(""1#@@#Primary NPA identification  MAX DPD -  Agri Loans"") ELSEIF(AND((""FCT_PRODUCT_MASTER"".""STOCK_STATEMENT_DPD"") >= 90,(OR(AND((""FCT_PRODUCT_MASTER"".""fK_PRODUCT_TYPE"".""PRODUCT_TYPE_BKEY"") == ""CC"",(""FCT_PRODUCT_MASTER"".""fK_PRODUCT_TYPE"".""DATA_SOURCE_ID"") == 1))))) THEN(""1#@@#Primary NPA identification  STOCK STATEMENT DPD"") ELSEIF(AND((""FCT_PRODUCT_MASTER"".""LIMIT_DPD"") >= 90,(OR(AND((""FCT_PRODUCT_MASTER"".""fK_PRODUCT_TYPE"".""PRODUCT_TYPE_BKEY"") == ""CC"",(""FCT_PRODUCT_MASTER"".""fK_PRODUCT_TYPE"".""DATA_SOURCE_ID"") == 1))))) THEN(""1#@@#Primary NPA identification  LIMIT DPD"") ELSEIF(AND((""FCT_PRODUCT_MASTER"".""OUT_OF_ORDER_DPD"") >= 90,(OR(AND((""FCT_PRODUCT_MASTER"".""fK_PRODUCT_TYPE"".""PRODUCT_TYPE_BKEY"") == ""OD"",(""FCT_PRODUCT_MASTER"".""fK_PRODUCT_TYPE"".""DATA_SOURCE_ID"") == 1))))) THEN(""1#@@#Primary NPA identification  OUT OF ORDER DPD "") ELSEIF(AND((""FCT_PRODUCT_MASTER"".""PAYLATER_DPD"") >= 90,(OR(AND((""FCT_PRODUCT_MASTER"".""fK_PRODUCT_TYPE"".""PRODUCT_TYPE_BKEY"") == ""BNPL"",(""FCT_PRODUCT_MASTER"".""fK_PRODUCT_TYPE"".""DATA_SOURCE_ID"") == 1))))) THEN(""1#@@#Primary NPA identification  PAYLATER DPD"") ELSEIF(AND((""FCT_PRODUCT_MASTER"".""PRINCIPAL_DPD"") >= 90,(OR(AND((""FCT_PRODUCT_MASTER"".""fK_PRODUCT_TYPE"".""PRODUCT_TYPE_BKEY"") == ""CARDS"",(""FCT_PRODUCT_MASTER"".""fK_PRODUCT_TYPE"".""DATA_SOURCE_ID"") == 2))))) THEN(""1#@@#Primary NPA identification PRINCIPAL  DPD- CARDS"") ELSEIF(AND((""FCT_PRODUCT_MASTER"".""BILL_DPD"") >= 90,(OR(AND((""FCT_PRODUCT_MASTER"".""fK_PRODUCT_TYPE"".""PRODUCT_TYPE_BKEY"") == ""BILLS"",(""FCT_PRODUCT_MASTER"".""fK_PRODUCT_TYPE"".""DATA_SOURCE_ID"") == 1))))) THEN(""1#@@#Primary NPA identification  BILL  DPD"") ELSEIF(AND((""FCT_PRODUCT_MASTER"".""OVERDRAWN_DPD"") >= 90,(OR(AND((""FCT_PRODUCT_MASTER"".""fK_PRODUCT_TYPE"".""PRODUCT_TYPE_BKEY"") == ""CC"",(""FCT_PRODUCT_MASTER"".""fK_PRODUCT_TYPE"".""DATA_SOURCE_ID"") == 1))))) THEN(""1#@@#Primary NPA identification  OVERDRAWN  DPD"") ELSEIF(AND((""FCT_PRODUCT_MASTER"".""PRINCIPAL_DPD"") >= 90,(OR(AND((""FCT_PRODUCT_MASTER"".""fK_PRODUCT_TYPE"".""PRODUCT_TYPE_BKEY"") == ""BL"",(""FCT_PRODUCT_MASTER"".""fK_PRODUCT_TYPE"".""DATA_SOURCE_ID"") == 1),AND((""FCT_PRODUCT_MASTER"".""fK_PRODUCT_TYPE"".""PRODUCT_TYPE_BKEY"") == ""CL"",(""FCT_PRODUCT_MASTER"".""fK_PRODUCT_TYPE"".""DATA_SOURCE_ID"") == 1),AND((""FCT_PRODUCT_MASTER"".""fK_PRODUCT_TYPE"".""PRODUCT_TYPE_BKEY"") == ""HL"",(""FCT_PRODUCT_MASTER"".""fK_PRODUCT_TYPE"".""DATA_SOURCE_ID"") == 1),AND((""FCT_PRODUCT_MASTER"".""fK_PRODUCT_TYPE"".""PRODUCT_TYPE_BKEY"") == ""PL"",(""FCT_PRODUCT_MASTER"".""fK_PRODUCT_TYPE"".""DATA_SOURCE_ID"") == 1),AND((""FCT_PRODUCT_MASTER"".""fK_PRODUCT_TYPE"".""PRODUCT_TYPE_BKEY"") == ""TL"",(""FCT_PRODUCT_MASTER"".""fK_PRODUCT_TYPE"".""DATA_SOURCE_ID"") == 1),AND((""FCT_PRODUCT_MASTER"".""fK_PRODUCT_TYPE"".""PRODUCT_TYPE_BKEY"") == ""OD"",(""FCT_PRODUCT_MASTER"".""fK_PRODUCT_TYPE"".""DATA_SOURCE_ID"") == 1))))) THEN(""1#@@#Primary NPA identification  PRINCIPAL  DPD"") ELSEIF(AND((""FCT_PRODUCT_MASTER"".""INTEREST_DPD"") >= 90,(OR(AND((""FCT_PRODUCT_MASTER"".""fK_PRODUCT_TYPE"".""PRODUCT_TYPE_BKEY"") == ""CL"",(""FCT_PRODUCT_MASTER"".""fK_PRODUCT_TYPE"".""DATA_SOURCE_ID"") == 1),AND((""FCT_PRODUCT_MASTER"".""fK_PRODUCT_TYPE"".""PRODUCT_TYPE_BKEY"") == ""BL"",(""FCT_PRODUCT_MASTER"".""fK_PRODUCT_TYPE"".""DATA_SOURCE_ID"") == 1),AND((""FCT_PRODUCT_MASTER"".""fK_PRODUCT_TYPE"".""PRODUCT_TYPE_BKEY"") == ""HL"",(""FCT_PRODUCT_MASTER"".""fK_PRODUCT_TYPE"".""DATA_SOURCE_ID"") == 1),AND((""FCT_PRODUCT_MASTER"".""fK_PRODUCT_TYPE"".""PRODUCT_TYPE_BKEY"") == ""PL"",(""FCT_PRODUCT_MASTER"".""fK_PRODUCT_TYPE"".""DATA_SOURCE_ID"") == 1),AND((""FCT_PRODUCT_MASTER"".""fK_PRODUCT_TYPE"".""PRODUCT_TYPE_BKEY"") == ""TL"",(""FCT_PRODUCT_MASTER"".""fK_PRODUCT_TYPE"".""DATA_SOURCE_ID"") == 1),AND((""FCT_PRODUCT_MASTER"".""fK_PRODUCT_TYPE"".""PRODUCT_TYPE_BKEY"") == ""OD"",(""FCT_PRODUCT_MASTER"".""fK_PRODUCT_TYPE"".""DATA_SOURCE_ID"") == 1))))) THEN(""1#@@#Primary NPA identification  INTEREST  DPD"") ELSEIF(AND((""FCT_PRODUCT_MASTER"".""MAX_DPD"") >= 90,(OR(AND((""FCT_PRODUCT_MASTER"".""fK_PRODUCT_TYPE"".""PRODUCT_TYPE_BKEY"") == ""BILLS"",(""FCT_PRODUCT_MASTER"".""fK_PRODUCT_TYPE"".""DATA_SOURCE_ID"") == 1),AND((""FCT_PRODUCT_MASTER"".""fK_PRODUCT_TYPE"".""PRODUCT_TYPE_BKEY"") == ""BL"",(""FCT_PRODUCT_MASTER"".""fK_PRODUCT_TYPE"".""DATA_SOURCE_ID"") == 1),AND((""FCT_PRODUCT_MASTER"".""fK_PRODUCT_TYPE"".""PRODUCT_TYPE_BKEY"") == ""BNPL"",(""FCT_PRODUCT_MASTER"".""fK_PRODUCT_TYPE"".""DATA_SOURCE_ID"") == 1),AND((""FCT_PRODUCT_MASTER"".""fK_PRODUCT_TYPE"".""PRODUCT_TYPE_BKEY"") == ""CARDS"",(""FCT_PRODUCT_MASTER"".""fK_PRODUCT_TYPE"".""DATA_SOURCE_ID"") == 2),AND((""FCT_PRODUCT_MASTER"".""fK_PRODUCT_TYPE"".""PRODUCT_TYPE_BKEY"") == ""CC"",(""FCT_PRODUCT_MASTER"".""fK_PRODUCT_TYPE"".""DATA_SOURCE_ID"") == 1),AND((""FCT_PRODUCT_MASTER"".""fK_PRODUCT_TYPE"".""PRODUCT_TYPE_BKEY"") == ""CL"",(""FCT_PRODUCT_MASTER"".""fK_PRODUCT_TYPE"".""DATA_SOURCE_ID"") == 1),AND((""FCT_PRODUCT_MASTER"".""fK_PRODUCT_TYPE"".""PRODUCT_TYPE_BKEY"") == ""HL"",(""FCT_PRODUCT_MASTER"".""fK_PRODUCT_TYPE"".""DATA_SOURCE_ID"") == 1),AND((""FCT_PRODUCT_MASTER"".""fK_PRODUCT_TYPE"".""PRODUCT_TYPE_BKEY"") == ""OD"",(""FCT_PRODUCT_MASTER"".""fK_PRODUCT_TYPE"".""DATA_SOURCE_ID"") == 1),AND((""FCT_PRODUCT_MASTER"".""fK_PRODUCT_TYPE"".""PRODUCT_TYPE_BKEY"") == ""PL"",(""FCT_PRODUCT_MASTER"".""fK_PRODUCT_TYPE"".""DATA_SOURCE_ID"") == 1),AND((""FCT_PRODUCT_MASTER"".""fK_PRODUCT_TYPE"".""PRODUCT_TYPE_BKEY"") == ""TL"",(""FCT_PRODUCT_MASTER"".""fK_PRODUCT_TYPE"".""DATA_SOURCE_ID"") == 1))))) THEN(""1#@@#Primary NPA identification  MAX DPD "") ELSE(""-1#@@#Default"")",20-07-2026,ACTIVE,number,"{""decisionTableDetails"":[{""derivedValue"":""Primary"",""sequenceNumber"":1,""conditionName"":""Primary NPA identification - NPA Continuation"",""conditionalLinksInfo"":[{""columnName"":""PREV_DAY_ASSET_CLASS"",""operator"":""=="",""rangeFrom"":"""",""rangeTo"":"""",""value"":""1"",""name"":""var"",""type"":""TEMP"",""isFilterSet"":""""},{""columnName"":""MAX_DPD"",""operator"":"">"",""rangeFrom"":"""",""rangeTo"":"""",""value"":""0"",""name"":""FK_FPM_AGG"",""type"":""REL"",""isFilterSet"":""""}]},{""derivedValue"":""Primary"",""sequenceNumber"":2,""conditionName"":""Primary NPA identification  PRINCIPAL DPD -  Agri Loans"",""conditionalLinksInfo"":[{""columnName"":""PRINCIPAL_DPD"",""operator"":"">="",""rangeFrom"":"""",""rangeTo"":"""",""value"":""365"",""name"":""PRINCIPAL_DPD"",""type"":""ENT"",""isFilterSet"":""""},{""columnName"":""PRODUCT_TYPE_ID"",""operator"":""IN"",""rangeFrom"":"""",""rangeTo"":"""",""value"":"""",""name"":""PRODUCT_TYPE_ID"",""type"":""ENT"",""isFilterSet"":"""",""responseDDLookupColumnVO"":{""ddLookupColumnJSON"":{""ddLookupColumnListVOs"":[{""ddLookupColumnDerivedValuesVOs"":[{""columnName"":""PRODUCT_TYPE_ID"",""relationshipName"":""fK_PRODUCT_TYPE"",""columnType"":""ID"",""columnValue"":""1"",""columnUuid"":""a69272b7-a565-4f48-bda4-7426aa80d0d4"",""columnSequence"":-1,""isSelected"":false,""isVisible"":false,""dataTypeTechnicalName"":""Integer""},{""columnName"":""PRODUCT_TYPE_BKEY"",""relationshipName"":""fK_PRODUCT_TYPE"",""columnType"":""BKEY"",""columnValue"":""Agri"",""columnUuid"":""a0f1a64c-74fa-479d-acb2-8477e748261c"",""columnSequence"":1,""isSelected"":false,""isVisible"":true,""dataTypeTechnicalName"":""String""},{""columnName"":""DATA_SOURCE_ID"",""relationshipName"":""fK_PRODUCT_TYPE"",""columnType"":""DATASOURCEID"",""columnValue"":""1"",""columnUuid"":""2cec2b06-a973-485e-973e-fbf4e6f290bf"",""columnSequence"":-1,""isSelected"":false,""isVisible"":false,""dataTypeTechnicalName"":""Integer""},{""columnName"":""DATA_SOURCE_NAME"",""relationshipName"":""FK_DATA_SOURCE"",""columnType"":""DATASOURCEBKEY"",""columnValue"":""CBS"",""columnUuid"":""25a9d36f-5cfc-4950-bece-41b94b4536bf"",""columnSequence"":2,""isSelected"":false,""isVisible"":true,""dataTypeTechnicalName"":""String""}]}],""isIdToBkey"":false,""relationshipName"":null},""linkedEntityName"":""DIM_PRODUCT_TYPE""}}]},{""derivedValue"":""Primary"",""sequenceNumber"":3,""conditionName"":""Primary NPA identification  INTEREST DPD -  Agri Loans"",""conditionalLinksInfo"":[{""columnName"":""INTEREST_DPD"",""operator"":"">="",""rangeFrom"":"""",""rangeTo"":"""",""value"":""365"",""name"":""INTEREST_DPD"",""type"":""ENT"",""isFilterSet"":""""},{""columnName"":""PRODUCT_TYPE_ID"",""operator"":""IN"",""rangeFrom"":"""",""rangeTo"":"""",""value"":"""",""name"":""PRODUCT_TYPE_ID"",""type"":""ENT"",""isFilterSet"":"""",""responseDDLookupColumnVO"":{""ddLookupColumnJSON"":{""ddLookupColumnListVOs"":[{""ddLookupColumnDerivedValuesVOs"":[{""columnName"":""PRODUCT_TYPE_ID"",""relationshipName"":""fK_PRODUCT_TYPE"",""columnType"":""ID"",""columnValue"":""1"",""columnUuid"":""a69272b7-a565-4f48-bda4-7426aa80d0d4"",""columnSequence"":-1,""isSelected"":false,""isVisible"":false,""dataTypeTechnicalName"":""Integer""},{""columnName"":""PRODUCT_TYPE_BKEY"",""relationshipName"":""fK_PRODUCT_TYPE"",""columnType"":""BKEY"",""columnValue"":""Agri"",""columnUuid"":""a0f1a64c-74fa-479d-acb2-8477e748261c"",""columnSequence"":1,""isSelected"":false,""isVisible"":true,""dataTypeTechnicalName"":""String""},{""columnName"":""DATA_SOURCE_ID"",""relationshipName"":""fK_PRODUCT_TYPE"",""columnType"":""DATASOURCEID"",""columnValue"":""1"",""columnUuid"":""2cec2b06-a973-485e-973e-fbf4e6f290bf"",""columnSequence"":-1,""isSelected"":false,""isVisible"":false,""dataTypeTechnicalName"":""Integer""},{""columnName"":""DATA_SOURCE_NAME"",""relationshipName"":""FK_DATA_SOURCE"",""columnType"":""DATASOURCEBKEY"",""columnValue"":""CBS"",""columnUuid"":""25a9d36f-5cfc-4950-bece-41b94b4536bf"",""columnSequence"":2,""isSelected"":false,""isVisible"":true,""dataTypeTechnicalName"":""String""}]}],""isIdToBkey"":false,""relationshipName"":null},""linkedEntityName"":""DIM_PRODUCT_TYPE""}}]},{""derivedValue"":""Primary"",""sequenceNumber"":4,""conditionName"":""Primary NPA identification  MAX DPD -  Agri Loans"",""conditionalLinksInfo"":[{""columnName"":""MAX_DPD"",""operator"":"">="",""rangeFrom"":"""",""rangeTo"":"""",""value"":""365"",""name"":""MAX_DPD"",""type"":""ENT"",""isFilterSet"":""""},{""columnName"":""PRODUCT_TYPE_ID"",""operator"":""IN"",""rangeFrom"":"""",""rangeTo"":"""",""value"":"""",""name"":""PRODUCT_TYPE_ID"",""type"":""ENT"",""isFilterSet"":"""",""responseDDLookupColumnVO"":{""ddLookupColumnJSON"":{""ddLookupColumnListVOs"":[{""ddLookupColumnDerivedValuesVOs"":[{""columnName"":""PRODUCT_TYPE_ID"",""relationshipName"":""fK_PRODUCT_TYPE"",""columnType"":""ID"",""columnValue"":""1"",""columnUuid"":""a69272b7-a565-4f48-bda4-7426aa80d0d4"",""columnSequence"":-1,""isSelected"":false,""isVisible"":false,""dataTypeTechnicalName"":""Integer""},{""columnName"":""PRODUCT_TYPE_BKEY"",""relationshipName"":""fK_PRODUCT_TYPE"",""columnType"":""BKEY"",""columnValue"":""Agri"",""columnUuid"":""a0f1a64c-74fa-479d-acb2-8477e748261c"",""columnSequence"":1,""isSelected"":false,""isVisible"":true,""dataTypeTechnicalName"":""String""},{""columnName"":""DATA_SOURCE_ID"",""relationshipName"":""fK_PRODUCT_TYPE"",""columnType"":""DATASOURCEID"",""columnValue"":""1"",""columnUuid"":""2cec2b06-a973-485e-973e-fbf4e6f290bf"",""columnSequence"":-1,""isSelected"":false,""isVisible"":false,""dataTypeTechnicalName"":""Integer""},{""columnName"":""DATA_SOURCE_NAME"",""relationshipName"":""FK_DATA_SOURCE"",""columnType"":""DATASOURCEBKEY"",""columnValue"":""CBS"",""columnUuid"":""25a9d36f-5cfc-4950-bece-41b94b4536bf"",""columnSequence"":2,""isSelected"":false,""isVisible"":true,""dataTypeTechnicalName"":""String""}]}],""isIdToBkey"":false,""relationshipName"":null},""linkedEntityName"":""DIM_PRODUCT_TYPE""}}]},{""derivedValue"":""Primary"",""sequenceNumber"":5,""conditionName"":""Primary NPA identification  STOCK STATEMENT DPD"",""conditionalLinksInfo"":[{""columnName"":""STOCK_STATEMENT_DPD"",""operator"":"">="",""rangeFrom"":"""",""rangeTo"":"""",""value"":""90"",""name"":""STOCK_STATEMENT_DPD"",""type"":""ENT"",""isFilterSet"":""""},{""columnName"":""PRODUCT_TYPE_ID"",""operator"":""IN"",""rangeFrom"":"""",""rangeTo"":"""",""value"":"""",""name"":""PRODUCT_TYPE_ID"",""type"":""ENT"",""isFilterSet"":"""",""responseDDLookupColumnVO"":{""ddLookupColumnJSON"":{""ddLookupColumnListVOs"":[{""ddLookupColumnDerivedValuesVOs"":[{""columnName"":""PRODUCT_TYPE_ID"",""relationshipName"":""fK_PRODUCT_TYPE"",""columnType"":""ID"",""columnValue"":""2"",""columnUuid"":""a69272b7-a565-4f48-bda4-7426aa80d0d4"",""columnSequence"":-1,""isSelected"":false,""isVisible"":false,""dataTypeTechnicalName"":""Integer""},{""columnName"":""PRODUCT_TYPE_BKEY"",""relationshipName"":""fK_PRODUCT_TYPE"",""columnType"":""BKEY"",""columnValue"":""CC"",""columnUuid"":""a0f1a64c-74fa-479d-acb2-8477e748261c"",""columnSequence"":1,""isSelected"":false,""isVisible"":true,""dataTypeTechnicalName"":""String""},{""columnName"":""DATA_SOURCE_ID"",""relationshipName"":""fK_PRODUCT_TYPE"",""columnType"":""DATASOURCEID"",""columnValue"":""1"",""columnUuid"":""2cec2b06-a973-485e-973e-fbf4e6f290bf"",""columnSequence"":-1,""isSelected"":false,""isVisible"":false,""dataTypeTechnicalName"":""Integer""},{""columnName"":""DATA_SOURCE_NAME"",""relationshipName"":""FK_DATA_SOURCE"",""columnType"":""DATASOURCEBKEY"",""columnValue"":""CBS"",""columnUuid"":""25a9d36f-5cfc-4950-bece-41b94b4536bf"",""columnSequence"":2,""isSelected"":false,""isVisible"":true,""dataTypeTechnicalName"":""String""}]}],""isIdToBkey"":false,""relationshipName"":null},""linkedEntityName"":""DIM_PRODUCT_TYPE""}}]},{""derivedValue"":""Primary"",""sequenceNumber"":6,""conditionName"":""Primary NPA identification  LIMIT DPD"",""conditionalLinksInfo"":[{""columnName"":""LIMIT_DPD"",""operator"":"">="",""rangeFrom"":"""",""rangeTo"":"""",""value"":""90"",""name"":""LIMIT_DPD"",""type"":""ENT"",""isFilterSet"":""""},{""columnName"":""PRODUCT_TYPE_ID"",""operator"":""IN"",""rangeFrom"":"""",""rangeTo"":"""",""value"":"""",""name"":""PRODUCT_TYPE_ID"",""type"":""ENT"",""isFilterSet"":"""",""responseDDLookupColumnVO"":{""ddLookupColumnJSON"":{""ddLookupColumnListVOs"":[{""ddLookupColumnDerivedValuesVOs"":[{""columnName"":""PRODUCT_TYPE_ID"",""relationshipName"":""fK_PRODUCT_TYPE"",""columnType"":""ID"",""columnValue"":""2"",""columnUuid"":""a69272b7-a565-4f48-bda4-7426aa80d0d4"",""columnSequence"":-1,""isSelected"":false,""isVisible"":false,""dataTypeTechnicalName"":""Integer""},{""columnName"":""PRODUCT_TYPE_BKEY"",""relationshipName"":""fK_PRODUCT_TYPE"",""columnType"":""BKEY"",""columnValue"":""CC"",""columnUuid"":""a0f1a64c-74fa-479d-acb2-8477e748261c"",""columnSequence"":1,""isSelected"":false,""isVisible"":true,""dataTypeTechnicalName"":""String""},{""columnName"":""DATA_SOURCE_ID"",""relationshipName"":""fK_PRODUCT_TYPE"",""columnType"":""DATASOURCEID"",""columnValue"":""1"",""columnUuid"":""2cec2b06-a973-485e-973e-fbf4e6f290bf"",""columnSequence"":-1,""isSelected"":false,""isVisible"":false,""dataTypeTechnicalName"":""Integer""},{""columnName"":""DATA_SOURCE_NAME"",""relationshipName"":""FK_DATA_SOURCE"",""columnType"":""DATASOURCEBKEY"",""columnValue"":""CBS"",""columnUuid"":""25a9d36f-5cfc-4950-bece-41b94b4536bf"",""columnSequence"":2,""isSelected"":false,""isVisible"":true,""dataTypeTechnicalName"":""String""}]}],""isIdToBkey"":false,""relationshipName"":null},""linkedEntityName"":""DIM_PRODUCT_TYPE""}}]},{""derivedValue"":""Primary"",""sequenceNumber"":7,""conditionName"":""Primary NPA identification  OUT OF ORDER DPD "",""conditionalLinksInfo"":[{""columnName"":""OUT_OF_ORDER_DPD"",""operator"":"">="",""rangeFrom"":"""",""rangeTo"":"""",""value"":""90"",""name"":""OUT_OF_ORDER_DPD"",""type"":""ENT"",""isFilterSet"":""""},{""columnName"":""PRODUCT_TYPE_ID"",""operator"":""IN"",""rangeFrom"":"""",""rangeTo"":"""",""value"":"""",""name"":""PRODUCT_TYPE_ID"",""type"":""ENT"",""isFilterSet"":"""",""responseDDLookupColumnVO"":{""ddLookupColumnJSON"":{""ddLookupColumnListVOs"":[{""ddLookupColumnDerivedValuesVOs"":[{""columnName"":""PRODUCT_TYPE_ID"",""relationshipName"":""fK_PRODUCT_TYPE"",""columnType"":""ID"",""columnValue"":""10"",""columnUuid"":""a69272b7-a565-4f48-bda4-7426aa80d0d4"",""columnSequence"":-1,""isSelected"":false,""isVisible"":false,""dataTypeTechnicalName"":""Integer""},{""columnName"":""PRODUCT_TYPE_BKEY"",""relationshipName"":""fK_PRODUCT_TYPE"",""columnType"":""BKEY"",""columnValue"":""OD"",""columnUuid"":""a0f1a64c-74fa-479d-acb2-8477e748261c"",""columnSequence"":1,""isSelected"":false,""isVisible"":true,""dataTypeTechnicalName"":""String""},{""columnName"":""DATA_SOURCE_ID"",""relationshipName"":""fK_PRODUCT_TYPE"",""columnType"":""DATASOURCEID"",""columnValue"":""1"",""columnUuid"":""2cec2b06-a973-485e-973e-fbf4e6f290bf"",""columnSequence"":-1,""isSelected"":false,""isVisible"":false,""dataTypeTechnicalName"":""Integer""},{""columnName"":""DATA_SOURCE_NAME"",""relationshipName"":""FK_DATA_SOURCE"",""columnType"":""DATASOURCEBKEY"",""columnValue"":""CBS"",""columnUuid"":""25a9d36f-5cfc-4950-bece-41b94b4536bf"",""columnSequence"":2,""isSelected"":false,""isVisible"":true,""dataTypeTechnicalName"":""String""}]}],""isIdToBkey"":false,""relationshipName"":null},""linkedEntityName"":""DIM_PRODUCT_TYPE""}}]},{""derivedValue"":""Primary"",""sequenceNumber"":8,""conditionName"":""Primary NPA identification  PAYLATER DPD"",""conditionalLinksInfo"":[{""columnName"":""PAYLATER_DPD"",""operator"":"">="",""rangeFrom"":"""",""rangeTo"":"""",""value"":""90"",""name"":""PAYLATER_DPD"",""type"":""ENT"",""isFilterSet"":""""},{""columnName"":""PRODUCT_TYPE_ID"",""operator"":""IN"",""rangeFrom"":"""",""rangeTo"":"""",""value"":"""",""name"":""PRODUCT_TYPE_ID"",""type"":""ENT"",""isFilterSet"":"""",""responseDDLookupColumnVO"":{""ddLookupColumnJSON"":{""ddLookupColumnListVOs"":[{""ddLookupColumnDerivedValuesVOs"":[{""columnName"":""PRODUCT_TYPE_ID"",""relationshipName"":""fK_PRODUCT_TYPE"",""columnType"":""ID"",""columnValue"":""3"",""columnUuid"":""a69272b7-a565-4f48-bda4-7426aa80d0d4"",""columnSequence"":-1,""isSelected"":false,""isVisible"":false,""dataTypeTechnicalName"":""Integer""},{""columnName"":""PRODUCT_TYPE_BKEY"",""relationshipName"":""fK_PRODUCT_TYPE"",""columnType"":""BKEY"",""columnValue"":""BNPL"",""columnUuid"":""a0f1a64c-74fa-479d-acb2-8477e748261c"",""columnSequence"":1,""isSelected"":false,""isVisible"":true,""dataTypeTechnicalName"":""String""},{""columnName"":""DATA_SOURCE_ID"",""relationshipName"":""fK_PRODUCT_TYPE"",""columnType"":""DATASOURCEID"",""columnValue"":""1"",""columnUuid"":""2cec2b06-a973-485e-973e-fbf4e6f290bf"",""columnSequence"":-1,""isSelected"":false,""isVisible"":false,""dataTypeTechnicalName"":""Integer""},{""columnName"":""DATA_SOURCE_NAME"",""relationshipName"":""FK_DATA_SOURCE"",""columnType"":""DATASOURCEBKEY"",""columnValue"":""CBS"",""columnUuid"":""25a9d36f-5cfc-4950-bece-41b94b4536bf"",""columnSequence"":2,""isSelected"":false,""isVisible"":true,""dataTypeTechnicalName"":""String""}]}],""isIdToBkey"":false,""relationshipName"":null},""linkedEntityName"":""DIM_PRODUCT_TYPE""}}]},{""derivedValue"":""Primary"",""sequenceNumber"":9,""conditionName"":""Primary NPA identification PRINCIPAL  DPD- CARDS"",""conditionalLinksInfo"":[{""columnName"":""PRINCIPAL_DPD"",""operator"":"">="",""rangeFrom"":"""",""rangeTo"":"""",""value"":""90"",""name"":""PRINCIPAL_DPD"",""type"":""ENT"",""isFilterSet"":""""},{""columnName"":""PRODUCT_TYPE_ID"",""operator"":""IN"",""rangeFrom"":"""",""rangeTo"":"""",""value"":"""",""name"":""PRODUCT_TYPE_ID"",""type"":""ENT"",""isFilterSet"":"""",""responseDDLookupColumnVO"":{""ddLookupColumnJSON"":{""ddLookupColumnListVOs"":[{""ddLookupColumnDerivedValuesVOs"":[{""columnName"":""PRODUCT_TYPE_ID"",""relationshipName"":""fK_PRODUCT_TYPE"",""columnType"":""ID"",""columnValue"":""4"",""columnUuid"":""a69272b7-a565-4f48-bda4-7426aa80d0d4"",""columnSequence"":-1,""isSelected"":false,""isVisible"":false,""dataTypeTechnicalName"":""Integer""},{""columnName"":""PRODUCT_TYPE_BKEY"",""relationshipName"":""fK_PRODUCT_TYPE"",""columnType"":""BKEY"",""columnValue"":""CARDS"",""columnUuid"":""a0f1a64c-74fa-479d-acb2-8477e748261c"",""columnSequence"":1,""isSelected"":false,""isVisible"":true,""dataTypeTechnicalName"":""String""},{""columnName"":""DATA_SOURCE_ID"",""relationshipName"":""fK_PRODUCT_TYPE"",""columnType"":""DATASOURCEID"",""columnValue"":""2"",""columnUuid"":""2cec2b06-a973-485e-973e-fbf4e6f290bf"",""columnSequence"":-1,""isSelected"":false,""isVisible"":false,""dataTypeTechnicalName"":""Integer""},{""columnName"":""DATA_SOURCE_NAME"",""relationshipName"":""FK_DATA_SOURCE"",""columnType"":""DATASOURCEBKEY"",""columnValue"":""VISIONPLUS"",""columnUuid"":""25a9d36f-5cfc-4950-bece-41b94b4536bf"",""columnSequence"":2,""isSelected"":false,""isVisible"":true,""dataTypeTechnicalName"":""String""}]}],""isIdToBkey"":false,""relationshipName"":null},""linkedEntityName"":""DIM_PRODUCT_TYPE""}}]},{""derivedValue"":""Primary"",""sequenceNumber"":10,""conditionName"":""Primary NPA identification  BILL  DPD"",""conditionalLinksInfo"":[{""columnName"":""BILL_DPD"",""operator"":"">="",""rangeFrom"":"""",""rangeTo"":"""",""value"":""90"",""name"":""BILL_DPD"",""type"":""ENT"",""isFilterSet"":""""},{""columnName"":""PRODUCT_TYPE_ID"",""operator"":""IN"",""rangeFrom"":"""",""rangeTo"":"""",""value"":"""",""name"":""PRODUCT_TYPE_ID"",""type"":""ENT"",""isFilterSet"":"""",""responseDDLookupColumnVO"":{""ddLookupColumnJSON"":{""ddLookupColumnListVOs"":[{""ddLookupColumnDerivedValuesVOs"":[{""columnName"":""PRODUCT_TYPE_ID"",""relationshipName"":""fK_PRODUCT_TYPE"",""columnType"":""ID"",""columnValue"":""11"",""columnUuid"":""a69272b7-a565-4f48-bda4-7426aa80d0d4"",""columnSequence"":-1,""isSelected"":false,""isVisible"":false,""dataTypeTechnicalName"":""Integer""},{""columnName"":""PRODUCT_TYPE_BKEY"",""relationshipName"":""fK_PRODUCT_TYPE"",""columnType"":""BKEY"",""columnValue"":""BILLS"",""columnUuid"":""a0f1a64c-74fa-479d-acb2-8477e748261c"",""columnSequence"":1,""isSelected"":false,""isVisible"":true,""dataTypeTechnicalName"":""String""},{""columnName"":""DATA_SOURCE_ID"",""relationshipName"":""fK_PRODUCT_TYPE"",""columnType"":""DATASOURCEID"",""columnValue"":""1"",""columnUuid"":""2cec2b06-a973-485e-973e-fbf4e6f290bf"",""columnSequence"":-1,""isSelected"":false,""isVisible"":false,""dataTypeTechnicalName"":""Integer""},{""columnName"":""DATA_SOURCE_NAME"",""relationshipName"":""FK_DATA_SOURCE"",""columnType"":""DATASOURCEBKEY"",""columnValue"":""CBS"",""columnUuid"":""25a9d36f-5cfc-4950-bece-41b94b4536bf"",""columnSequence"":2,""isSelected"":false,""isVisible"":true,""dataTypeTechnicalName"":""String""}]}],""isIdToBkey"":false,""relationshipName"":null},""linkedEntityName"":""DIM_PRODUCT_TYPE""}}]},{""derivedValue"":""Primary"",""sequenceNumber"":11,""conditionName"":""Primary NPA identification  OVERDRAWN  DPD"",""conditionalLinksInfo"":[{""columnName"":""OVERDRAWN_DPD"",""operator"":"">="",""rangeFrom"":"""",""rangeTo"":"""",""value"":""90"",""name"":""OVERDRAWN_DPD"",""type"":""ENT"",""isFilterSet"":""""},{""columnName"":""PRODUCT_TYPE_ID"",""operator"":""IN"",""rangeFrom"":"""",""rangeTo"":"""",""value"":"""",""name"":""PRODUCT_TYPE_ID"",""type"":""ENT"",""isFilterSet"":"""",""responseDDLookupColumnVO"":{""ddLookupColumnJSON"":{""ddLookupColumnListVOs"":[{""ddLookupColumnDerivedValuesVOs"":[{""columnName"":""PRODUCT_TYPE_ID"",""relationshipName"":""fK_PRODUCT_TYPE"",""columnType"":""ID"",""columnValue"":""2"",""columnUuid"":""a69272b7-a565-4f48-bda4-7426aa80d0d4"",""columnSequence"":-1,""isSelected"":false,""isVisible"":false,""dataTypeTechnicalName"":""Integer""},{""columnName"":""PRODUCT_TYPE_BKEY"",""relationshipName"":""fK_PRODUCT_TYPE"",""columnType"":""BKEY"",""columnValue"":""CC"",""columnUuid"":""a0f1a64c-74fa-479d-acb2-8477e748261c"",""columnSequence"":1,""isSelected"":false,""isVisible"":true,""dataTypeTechnicalName"":""String""},{""columnName"":""DATA_SOURCE_ID"",""relationshipName"":""fK_PRODUCT_TYPE"",""columnType"":""DATASOURCEID"",""columnValue"":""1"",""columnUuid"":""2cec2b06-a973-485e-973e-fbf4e6f290bf"",""columnSequence"":-1,""isSelected"":false,""isVisible"":false,""dataTypeTechnicalName"":""Integer""},{""columnName"":""DATA_SOURCE_NAME"",""relationshipName"":""FK_DATA_SOURCE"",""columnType"":""DATASOURCEBKEY"",""columnValue"":""CBS"",""columnUuid"":""25a9d36f-5cfc-4950-bece-41b94b4536bf"",""columnSequence"":2,""isSelected"":false,""isVisible"":true,""dataTypeTechnicalName"":""String""}]}],""isIdToBkey"":false,""relationshipName"":null},""linkedEntityName"":""DIM_PRODUCT_TYPE""}}]},{""derivedValue"":""Primary"",""sequenceNumber"":12,""conditionName"":""Primary NPA identification  PRINCIPAL  DPD"",""conditionalLinksInfo"":[{""columnName"":""PRINCIPAL_DPD"",""operator"":"">="",""rangeFrom"":"""",""rangeTo"":"""",""value"":""90"",""name"":""PRINCIPAL_DPD"",""type"":""ENT"",""isFilterSet"":""""},{""columnName"":""PRODUCT_TYPE_ID"",""operator"":""IN"",""rangeFrom"":"""",""rangeTo"":"""",""value"":"""",""name"":""PRODUCT_TYPE_ID"",""type"":""ENT"",""isFilterSet"":"""",""responseDDLookupColumnVO"":{""ddLookupColumnJSON"":{""ddLookupColumnListVOs"":[{""ddLookupColumnDerivedValuesVOs"":[{""columnName"":""PRODUCT_TYPE_ID"",""relationshipName"":""fK_PRODUCT_TYPE"",""columnType"":""ID"",""columnValue"":""5"",""columnUuid"":""a69272b7-a565-4f48-bda4-7426aa80d0d4"",""columnSequence"":-1,""isSelected"":false,""isVisible"":false,""dataTypeTechnicalName"":""Integer""},{""columnName"":""PRODUCT_TYPE_BKEY"",""relationshipName"":""fK_PRODUCT_TYPE"",""columnType"":""BKEY"",""columnValue"":""BL"",""columnUuid"":""a0f1a64c-74fa-479d-acb2-8477e748261c"",""columnSequence"":1,""isSelected"":false,""isVisible"":true,""dataTypeTechnicalName"":""String""},{""columnName"":""DATA_SOURCE_ID"",""relationshipName"":""fK_PRODUCT_TYPE"",""columnType"":""DATASOURCEID"",""columnValue"":""1"",""columnUuid"":""2cec2b06-a973-485e-973e-fbf4e6f290bf"",""columnSequence"":-1,""isSelected"":false,""isVisible"":false,""dataTypeTechnicalName"":""Integer""},{""columnName"":""DATA_SOURCE_NAME"",""relationshipName"":""FK_DATA_SOURCE"",""columnType"":""DATASOURCEBKEY"",""columnValue"":""CBS"",""columnUuid"":""25a9d36f-5cfc-4950-bece-41b94b4536bf"",""columnSequence"":2,""isSelected"":false,""isVisible"":true,""dataTypeTechnicalName"":""String""}]},{""ddLookupColumnDerivedValuesVOs"":[{""columnName"":""PRODUCT_TYPE_ID"",""relationshipName"":""fK_PRODUCT_TYPE"",""columnType"":""ID"",""columnValue"":""8"",""columnUuid"":""a69272b7-a565-4f48-bda4-7426aa80d0d4"",""columnSequence"":-1,""isSelected"":false,""isVisible"":false,""dataTypeTechnicalName"":""Integer""},{""columnName"":""PRODUCT_TYPE_BKEY"",""relationshipName"":""fK_PRODUCT_TYPE"",""columnType"":""BKEY"",""columnValue"":""CL"",""columnUuid"":""a0f1a64c-74fa-479d-acb2-8477e748261c"",""columnSequence"":1,""isSelected"":false,""isVisible"":true,""dataTypeTechnicalName"":""String""},{""columnName"":""DATA_SOURCE_ID"",""relationshipName"":""fK_PRODUCT_TYPE"",""columnType"":""DATASOURCEID"",""columnValue"":""1"",""columnUuid"":""2cec2b06-a973-485e-973e-fbf4e6f290bf"",""columnSequence"":-1,""isSelected"":false,""isVisible"":false,""dataTypeTechnicalName"":""Integer""},{""columnName"":""DATA_SOURCE_NAME"",""relationshipName"":""FK_DATA_SOURCE"",""columnType"":""DATASOURCEBKEY"",""columnValue"":""CBS"",""columnUuid"":""25a9d36f-5cfc-4950-bece-41b94b4536bf"",""columnSequence"":2,""isSelected"":false,""isVisible"":true,""dataTypeTechnicalName"":""String""}]},{""ddLookupColumnDerivedValuesVOs"":[{""columnName"":""PRODUCT_TYPE_ID"",""relationshipName"":""fK_PRODUCT_TYPE"",""columnType"":""ID"",""columnValue"":""9"",""columnUuid"":""a69272b7-a565-4f48-bda4-7426aa80d0d4"",""columnSequence"":-1,""isSelected"":false,""isVisible"":false,""dataTypeTechnicalName"":""Integer""},{""columnName"":""PRODUCT_TYPE_BKEY"",""relationshipName"":""fK_PRODUCT_TYPE"",""columnType"":""BKEY"",""columnValue"":""HL"",""columnUuid"":""a0f1a64c-74fa-479d-acb2-8477e748261c"",""columnSequence"":1,""isSelected"":false,""isVisible"":true,""dataTypeTechnicalName"":""String""},{""columnName"":""DATA_SOURCE_ID"",""relationshipName"":""fK_PRODUCT_TYPE"",""columnType"":""DATASOURCEID"",""columnValue"":""1"",""columnUuid"":""2cec2b06-a973-485e-973e-fbf4e6f290bf"",""columnSequence"":-1,""isSelected"":false,""isVisible"":false,""dataTypeTechnicalName"":""Integer""},{""columnName"":""DATA_SOURCE_NAME"",""relationshipName"":""FK_DATA_SOURCE"",""columnType"":""DATASOURCEBKEY"",""columnValue"":""CBS"",""columnUuid"":""25a9d36f-5cfc-4950-bece-41b94b4536bf"",""columnSequence"":2,""isSelected"":false,""isVisible"":true,""dataTypeTechnicalName"":""String""}]},{""ddLookupColumnDerivedValuesVOs"":[{""columnName"":""PRODUCT_TYPE_ID"",""relationshipName"":""fK_PRODUCT_TYPE"",""columnType"":""ID"",""columnValue"":""7"",""columnUuid"":""a69272b7-a565-4f48-bda4-7426aa80d0d4"",""columnSequence"":-1,""isSelected"":false,""isVisible"":false,""dataTypeTechnicalName"":""Integer""},{""columnName"":""PRODUCT_TYPE_BKEY"",""relationshipName"":""fK_PRODUCT_TYPE"",""columnType"":""BKEY"",""columnValue"":""PL"",""columnUuid"":""a0f1a64c-74fa-479d-acb2-8477e748261c"",""columnSequence"":1,""isSelected"":false,""isVisible"":true,""dataTypeTechnicalName"":""String""},{""columnName"":""DATA_SOURCE_ID"",""relationshipName"":""fK_PRODUCT_TYPE"",""columnType"":""DATASOURCEID"",""columnValue"":""1"",""columnUuid"":""2cec2b06-a973-485e-973e-fbf4e6f290bf"",""columnSequence"":-1,""isSelected"":false,""isVisible"":false,""dataTypeTechnicalName"":""Integer""},{""columnName"":""DATA_SOURCE_NAME"",""relationshipName"":""FK_DATA_SOURCE"",""columnType"":""DATASOURCEBKEY"",""columnValue"":""CBS"",""columnUuid"":""25a9d36f-5cfc-4950-bece-41b94b4536bf"",""columnSequence"":2,""isSelected"":false,""isVisible"":true,""dataTypeTechnicalName"":""String""}]},{""ddLookupColumnDerivedValuesVOs"":[{""columnName"":""PRODUCT_TYPE_ID"",""relationshipName"":""fK_PRODUCT_TYPE"",""columnType"":""ID"",""columnValue"":""6"",""columnUuid"":""a69272b7-a565-4f48-bda4-7426aa80d0d4"",""columnSequence"":-1,""isSelected"":false,""isVisible"":false,""dataTypeTechnicalName"":""Integer""},{""columnName"":""PRODUCT_TYPE_BKEY"",""relationshipName"":""fK_PRODUCT_TYPE"",""columnType"":""BKEY"",""columnValue"":""TL"",""columnUuid"":""a0f1a64c-74fa-479d-acb2-8477e748261c"",""columnSequence"":1,""isSelected"":false,""isVisible"":true,""dataTypeTechnicalName"":""String""},{""columnName"":""DATA_SOURCE_ID"",""relationshipName"":""fK_PRODUCT_TYPE"",""columnType"":""DATASOURCEID"",""columnValue"":""1"",""columnUuid"":""2cec2b06-a973-485e-973e-fbf4e6f290bf"",""columnSequence"":-1,""isSelected"":false,""isVisible"":false,""dataTypeTechnicalName"":""Integer""},{""columnName"":""DATA_SOURCE_NAME"",""relationshipName"":""FK_DATA_SOURCE"",""columnType"":""DATASOURCEBKEY"",""columnValue"":""CBS"",""columnUuid"":""25a9d36f-5cfc-4950-bece-41b94b4536bf"",""columnSequence"":2,""isSelected"":false,""isVisible"":true,""dataTypeTechnicalName"":""String""}]},{""ddLookupColumnDerivedValuesVOs"":[{""columnName"":""PRODUCT_TYPE_ID"",""relationshipName"":""fK_PRODUCT_TYPE"",""columnType"":""ID"",""columnValue"":""10"",""columnUuid"":""a69272b7-a565-4f48-bda4-7426aa80d0d4"",""columnSequence"":-1,""isSelected"":false,""isVisible"":false,""dataTypeTechnicalName"":""Integer""},{""columnName"":""PRODUCT_TYPE_BKEY"",""relationshipName"":""fK_PRODUCT_TYPE"",""columnType"":""BKEY"",""columnValue"":""OD"",""columnUuid"":""a0f1a64c-74fa-479d-acb2-8477e748261c"",""columnSequence"":1,""isSelected"":false,""isVisible"":true,""dataTypeTechnicalName"":""String""},{""columnName"":""DATA_SOURCE_ID"",""relationshipName"":""fK_PRODUCT_TYPE"",""columnType"":""DATASOURCEID"",""columnValue"":""1"",""columnUuid"":""2cec2b06-a973-485e-973e-fbf4e6f290bf"",""columnSequence"":-1,""isSelected"":false,""isVisible"":false,""dataTypeTechnicalName"":""Integer""},{""columnName"":""DATA_SOURCE_NAME"",""relationshipName"":""FK_DATA_SOURCE"",""columnType"":""DATASOURCEBKEY"",""columnValue"":""CBS"",""columnUuid"":""25a9d36f-5cfc-4950-bece-41b94b4536bf"",""columnSequence"":2,""isSelected"":false,""isVisible"":true,""dataTypeTechnicalName"":""String""}]}],""isIdToBkey"":false,""relationshipName"":null},""linkedEntityName"":""DIM_PRODUCT_TYPE""}}]},{""derivedValue"":""Primary"",""sequenceNumber"":13,""conditionName"":""Primary NPA identification  INTEREST  DPD"",""conditionalLinksInfo"":[{""columnName"":""INTEREST_DPD"",""operator"":"">="",""rangeFrom"":"""",""rangeTo"":"""",""value"":""90"",""name"":""INTEREST_DPD"",""type"":""ENT"",""isFilterSet"":""""},{""columnName"":""PRODUCT_TYPE_ID"",""operator"":""IN"",""rangeFrom"":"""",""rangeTo"":"""",""value"":"""",""name"":""PRODUCT_TYPE_ID"",""type"":""ENT"",""isFilterSet"":"""",""responseDDLookupColumnVO"":{""ddLookupColumnJSON"":{""ddLookupColumnListVOs"":[{""ddLookupColumnDerivedValuesVOs"":[{""columnName"":""PRODUCT_TYPE_ID"",""relationshipName"":""fK_PRODUCT_TYPE"",""columnType"":""ID"",""columnValue"":""8"",""columnUuid"":""40b1b43c-9835-4537-83c9-c56f6d5facc6"",""columnSequence"":-1,""isSelected"":false,""isVisible"":false,""dataTypeTechnicalName"":""Integer""},{""columnName"":""PRODUCT_TYPE_BKEY"",""relationshipName"":""fK_PRODUCT_TYPE"",""columnType"":""BKEY"",""columnValue"":""CL"",""columnUuid"":""df015611-2ba5-4c07-b8da-d34ad9c079f8"",""columnSequence"":1,""isSelected"":false,""isVisible"":true,""dataTypeTechnicalName"":""String""},{""columnName"":""DATA_SOURCE_ID"",""relationshipName"":""fK_PRODUCT_TYPE"",""columnType"":""DATASOURCEID"",""columnValue"":""1"",""columnUuid"":""f0bcab2e-01c1-44ef-860e-34cf800f871d"",""columnSequence"":-1,""isSelected"":false,""isVisible"":false,""dataTypeTechnicalName"":""Integer""},{""columnName"":""DATA_SOURCE_NAME"",""relationshipName"":""FK_DATA_SOURCE"",""columnType"":""DATASOURCEBKEY"",""columnValue"":""CBS"",""columnUuid"":""6717a013-e4f6-4549-a821-e43c737e1bc1"",""columnSequence"":2,""isSelected"":false,""isVisible"":true,""dataTypeTechnicalName"":""String""}]},{""ddLookupColumnDerivedValuesVOs"":[{""columnName"":""PRODUCT_TYPE_ID"",""relationshipName"":""fK_PRODUCT_TYPE"",""columnType"":""ID"",""columnValue"":""5"",""columnUuid"":""40b1b43c-9835-4537-83c9-c56f6d5facc6"",""columnSequence"":-1,""isSelected"":false,""isVisible"":false,""dataTypeTechnicalName"":""Integer""},{""columnName"":""PRODUCT_TYPE_BKEY"",""relationshipName"":""fK_PRODUCT_TYPE"",""columnType"":""BKEY"",""columnValue"":""BL"",""columnUuid"":""df015611-2ba5-4c07-b8da-d34ad9c079f8"",""columnSequence"":1,""isSelected"":false,""isVisible"":true,""dataTypeTechnicalName"":""String""},{""columnName"":""DATA_SOURCE_ID"",""relationshipName"":""fK_PRODUCT_TYPE"",""columnType"":""DATASOURCEID"",""columnValue"":""1"",""columnUuid"":""f0bcab2e-01c1-44ef-860e-34cf800f871d"",""columnSequence"":-1,""isSelected"":false,""isVisible"":false,""dataTypeTechnicalName"":""Integer""},{""columnName"":""DATA_SOURCE_NAME"",""relationshipName"":""FK_DATA_SOURCE"",""columnType"":""DATASOURCEBKEY"",""columnValue"":""CBS"",""columnUuid"":""6717a013-e4f6-4549-a821-e43c737e1bc1"",""columnSequence"":2,""isSelected"":false,""isVisible"":true,""dataTypeTechnicalName"":""String""}]},{""ddLookupColumnDerivedValuesVOs"":[{""columnName"":""PRODUCT_TYPE_ID"",""relationshipName"":""fK_PRODUCT_TYPE"",""columnType"":""ID"",""columnValue"":""9"",""columnUuid"":""40b1b43c-9835-4537-83c9-c56f6d5facc6"",""columnSequence"":-1,""isSelected"":false,""isVisible"":false,""dataTypeTechnicalName"":""Integer""},{""columnName"":""PRODUCT_TYPE_BKEY"",""relationshipName"":""fK_PRODUCT_TYPE"",""columnType"":""BKEY"",""columnValue"":""HL"",""columnUuid"":""df015611-2ba5-4c07-b8da-d34ad9c079f8"",""columnSequence"":1,""isSelected"":false,""isVisible"":true,""dataTypeTechnicalName"":""String""},{""columnName"":""DATA_SOURCE_ID"",""relationshipName"":""fK_PRODUCT_TYPE"",""columnType"":""DATASOURCEID"",""columnValue"":""1"",""columnUuid"":""f0bcab2e-01c1-44ef-860e-34cf800f871d"",""columnSequence"":-1,""isSelected"":false,""isVisible"":false,""dataTypeTechnicalName"":""Integer""},{""columnName"":""DATA_SOURCE_NAME"",""relationshipName"":""FK_DATA_SOURCE"",""columnType"":""DATASOURCEBKEY"",""columnValue"":""CBS"",""columnUuid"":""6717a013-e4f6-4549-a821-e43c737e1bc1"",""columnSequence"":2,""isSelected"":false,""isVisible"":true,""dataTypeTechnicalName"":""String""}]},{""ddLookupColumnDerivedValuesVOs"":[{""columnName"":""PRODUCT_TYPE_ID"",""relationshipName"":""fK_PRODUCT_TYPE"",""columnType"":""ID"",""columnValue"":""7"",""columnUuid"":""40b1b43c-9835-4537-83c9-c56f6d5facc6"",""columnSequence"":-1,""isSelected"":false,""isVisible"":false,""dataTypeTechnicalName"":""Integer""},{""columnName"":""PRODUCT_TYPE_BKEY"",""relationshipName"":""fK_PRODUCT_TYPE"",""columnType"":""BKEY"",""columnValue"":""PL"",""columnUuid"":""df015611-2ba5-4c07-b8da-d34ad9c079f8"",""columnSequence"":1,""isSelected"":false,""isVisible"":true,""dataTypeTechnicalName"":""String""},{""columnName"":""DATA_SOURCE_ID"",""relationshipName"":""fK_PRODUCT_TYPE"",""columnType"":""DATASOURCEID"",""columnValue"":""1"",""columnUuid"":""f0bcab2e-01c1-44ef-860e-34cf800f871d"",""columnSequence"":-1,""isSelected"":false,""isVisible"":false,""dataTypeTechnicalName"":""Integer""},{""columnName"":""DATA_SOURCE_NAME"",""relationshipName"":""FK_DATA_SOURCE"",""columnType"":""DATASOURCEBKEY"",""columnValue"":""CBS"",""columnUuid"":""6717a013-e4f6-4549-a821-e43c737e1bc1"",""columnSequence"":2,""isSelected"":false,""isVisible"":true,""dataTypeTechnicalName"":""String""}]},{""ddLookupColumnDerivedValuesVOs"":[{""columnName"":""PRODUCT_TYPE_ID"",""relationshipName"":""fK_PRODUCT_TYPE"",""columnType"":""ID"",""columnValue"":""6"",""columnUuid"":""40b1b43c-9835-4537-83c9-c56f6d5facc6"",""columnSequence"":-1,""isSelected"":false,""isVisible"":false,""dataTypeTechnicalName"":""Integer""},{""columnName"":""PRODUCT_TYPE_BKEY"",""relationshipName"":""fK_PRODUCT_TYPE"",""columnType"":""BKEY"",""columnValue"":""TL"",""columnUuid"":""df015611-2ba5-4c07-b8da-d34ad9c079f8"",""columnSequence"":1,""isSelected"":false,""isVisible"":true,""dataTypeTechnicalName"":""String""},{""columnName"":""DATA_SOURCE_ID"",""relationshipName"":""fK_PRODUCT_TYPE"",""columnType"":""DATASOURCEID"",""columnValue"":""1"",""columnUuid"":""f0bcab2e-01c1-44ef-860e-34cf800f871d"",""columnSequence"":-1,""isSelected"":false,""isVisible"":false,""dataTypeTechnicalName"":""Integer""},{""columnName"":""DATA_SOURCE_NAME"",""relationshipName"":""FK_DATA_SOURCE"",""columnType"":""DATASOURCEBKEY"",""columnValue"":""CBS"",""columnUuid"":""6717a013-e4f6-4549-a821-e43c737e1bc1"",""columnSequence"":2,""isSelected"":false,""isVisible"":true,""dataTypeTechnicalName"":""String""}]},{""ddLookupColumnDerivedValuesVOs"":[{""columnName"":""PRODUCT_TYPE_ID"",""relationshipName"":""fK_PRODUCT_TYPE"",""columnType"":""ID"",""columnValue"":""10"",""columnUuid"":""40b1b43c-9835-4537-83c9-c56f6d5facc6"",""columnSequence"":-1,""isSelected"":false,""isVisible"":false,""dataTypeTechnicalName"":""Integer""},{""columnName"":""PRODUCT_TYPE_BKEY"",""relationshipName"":""fK_PRODUCT_TYPE"",""columnType"":""BKEY"",""columnValue"":""OD"",""columnUuid"":""df015611-2ba5-4c07-b8da-d34ad9c079f8"",""columnSequence"":1,""isSelected"":false,""isVisible"":true,""dataTypeTechnicalName"":""String""},{""columnName"":""DATA_SOURCE_ID"",""relationshipName"":""fK_PRODUCT_TYPE"",""columnType"":""DATASOURCEID"",""columnValue"":""1"",""columnUuid"":""f0bcab2e-01c1-44ef-860e-34cf800f871d"",""columnSequence"":-1,""isSelected"":false,""isVisible"":false,""dataTypeTechnicalName"":""Integer""},{""columnName"":""DATA_SOURCE_NAME"",""relationshipName"":""FK_DATA_SOURCE"",""columnType"":""DATASOURCEBKEY"",""columnValue"":""CBS"",""columnUuid"":""6717a013-e4f6-4549-a821-e43c737e1bc1"",""columnSequence"":2,""isSelected"":false,""isVisible"":true,""dataTypeTechnicalName"":""String""}]}],""isIdToBkey"":false,""relationshipName"":null},""linkedEntityName"":""DIM_PRODUCT_TYPE""}}]},{""derivedValue"":""Primary"",""sequenceNumber"":14,""conditionName"":""Primary NPA identification  MAX DPD "",""conditionalLinksInfo"":[{""columnName"":""MAX_DPD"",""operator"":"">="",""rangeFrom"":"""",""rangeTo"":"""",""value"":""90"",""name"":""MAX_DPD"",""type"":""ENT"",""isFilterSet"":""""},{""columnName"":""PRODUCT_TYPE_ID"",""operator"":""IN"",""rangeFrom"":"""",""rangeTo"":"""",""value"":"""",""name"":""PRODUCT_TYPE_ID"",""type"":""ENT"",""isFilterSet"":"""",""responseDDLookupColumnVO"":{""ddLookupColumnJSON"":{""ddLookupColumnListVOs"":[{""ddLookupColumnDerivedValuesVOs"":[{""columnName"":""PRODUCT_TYPE_ID"",""relationshipName"":""fK_PRODUCT_TYPE"",""columnType"":""ID"",""columnValue"":""11"",""columnUuid"":""40b1b43c-9835-4537-83c9-c56f6d5facc6"",""columnSequence"":-1,""isSelected"":false,""isVisible"":false,""dataTypeTechnicalName"":""Integer""},{""columnName"":""PRODUCT_TYPE_BKEY"",""relationshipName"":""fK_PRODUCT_TYPE"",""columnType"":""BKEY"",""columnValue"":""BILLS"",""columnUuid"":""df015611-2ba5-4c07-b8da-d34ad9c079f8"",""columnSequence"":1,""isSelected"":false,""isVisible"":true,""dataTypeTechnicalName"":""String""},{""columnName"":""DATA_SOURCE_ID"",""relationshipName"":""fK_PRODUCT_TYPE"",""columnType"":""DATASOURCEID"",""columnValue"":""1"",""columnUuid"":""f0bcab2e-01c1-44ef-860e-34cf800f871d"",""columnSequence"":-1,""isSelected"":false,""isVisible"":false,""dataTypeTechnicalName"":""Integer""},{""columnName"":""DATA_SOURCE_NAME"",""relationshipName"":""FK_DATA_SOURCE"",""columnType"":""DATASOURCEBKEY"",""columnValue"":""CBS"",""columnUuid"":""6717a013-e4f6-4549-a821-e43c737e1bc1"",""columnSequence"":2,""isSelected"":false,""isVisible"":true,""dataTypeTechnicalName"":""String""}]},{""ddLookupColumnDerivedValuesVOs"":[{""columnName"":""PRODUCT_TYPE_ID"",""relationshipName"":""fK_PRODUCT_TYPE"",""columnType"":""ID"",""columnValue"":""5"",""columnUuid"":""40b1b43c-9835-4537-83c9-c56f6d5facc6"",""columnSequence"":-1,""isSelected"":false,""isVisible"":false,""dataTypeTechnicalName"":""Integer""},{""columnName"":""PRODUCT_TYPE_BKEY"",""relationshipName"":""fK_PRODUCT_TYPE"",""columnType"":""BKEY"",""columnValue"":""BL"",""columnUuid"":""df015611-2ba5-4c07-b8da-d34ad9c079f8"",""columnSequence"":1,""isSelected"":false,""isVisible"":true,""dataTypeTechnicalName"":""String""},{""columnName"":""DATA_SOURCE_ID"",""relationshipName"":""fK_PRODUCT_TYPE"",""columnType"":""DATASOURCEID"",""columnValue"":""1"",""columnUuid"":""f0bcab2e-01c1-44ef-860e-34cf800f871d"",""columnSequence"":-1,""isSelected"":false,""isVisible"":false,""dataTypeTechnicalName"":""Integer""},{""columnName"":""DATA_SOURCE_NAME"",""relationshipName"":""FK_DATA_SOURCE"",""columnType"":""DATASOURCEBKEY"",""columnValue"":""CBS"",""columnUuid"":""6717a013-e4f6-4549-a821-e43c737e1bc1"",""columnSequence"":2,""isSelected"":false,""isVisible"":true,""dataTypeTechnicalName"":""String""}]},{""ddLookupColumnDerivedValuesVOs"":[{""columnName"":""PRODUCT_TYPE_ID"",""relationshipName"":""fK_PRODUCT_TYPE"",""columnType"":""ID"",""columnValue"":""3"",""columnUuid"":""40b1b43c-9835-4537-83c9-c56f6d5facc6"",""columnSequence"":-1,""isSelected"":false,""isVisible"":false,""dataTypeTechnicalName"":""Integer""},{""columnName"":""PRODUCT_TYPE_BKEY"",""relationshipName"":""fK_PRODUCT_TYPE"",""columnType"":""BKEY"",""columnValue"":""BNPL"",""columnUuid"":""df015611-2ba5-4c07-b8da-d34ad9c079f8"",""columnSequence"":1,""isSelected"":false,""isVisible"":true,""dataTypeTechnicalName"":""String""},{""columnName"":""DATA_SOURCE_ID"",""relationshipName"":""fK_PRODUCT_TYPE"",""columnType"":""DATASOURCEID"",""columnValue"":""1"",""columnUuid"":""f0bcab2e-01c1-44ef-860e-34cf800f871d"",""columnSequence"":-1,""isSelected"":false,""isVisible"":false,""dataTypeTechnicalName"":""Integer""},{""columnName"":""DATA_SOURCE_NAME"",""relationshipName"":""FK_DATA_SOURCE"",""columnType"":""DATASOURCEBKEY"",""columnValue"":""CBS"",""columnUuid"":""6717a013-e4f6-4549-a821-e43c737e1bc1"",""columnSequence"":2,""isSelected"":false,""isVisible"":true,""dataTypeTechnicalName"":""String""}]},{""ddLookupColumnDerivedValuesVOs"":[{""columnName"":""PRODUCT_TYPE_ID"",""relationshipName"":""fK_PRODUCT_TYPE"",""columnType"":""ID"",""columnValue"":""4"",""columnUuid"":""40b1b43c-9835-4537-83c9-c56f6d5facc6"",""columnSequence"":-1,""isSelected"":false,""isVisible"":false,""dataTypeTechnicalName"":""Integer""},{""columnName"":""PRODUCT_TYPE_BKEY"",""relationshipName"":""fK_PRODUCT_TYPE"",""columnType"":""BKEY"",""columnValue"":""CARDS"",""columnUuid"":""df015611-2ba5-4c07-b8da-d34ad9c079f8"",""columnSequence"":1,""isSelected"":false,""isVisible"":true,""dataTypeTechnicalName"":""String""},{""columnName"":""DATA_SOURCE_ID"",""relationshipName"":""fK_PRODUCT_TYPE"",""columnType"":""DATASOURCEID"",""columnValue"":""2"",""columnUuid"":""f0bcab2e-01c1-44ef-860e-34cf800f871d"",""columnSequence"":-1,""isSelected"":false,""isVisible"":false,""dataTypeTechnicalName"":""Integer""},{""columnName"":""DATA_SOURCE_NAME"",""relationshipName"":""FK_DATA_SOURCE"",""columnType"":""DATASOURCEBKEY"",""columnValue"":""VISIONPLUS"",""columnUuid"":""6717a013-e4f6-4549-a821-e43c737e1bc1"",""columnSequence"":2,""isSelected"":false,""isVisible"":true,""dataTypeTechnicalName"":""String""}]},{""ddLookupColumnDerivedValuesVOs"":[{""columnName"":""PRODUCT_TYPE_ID"",""relationshipName"":""fK_PRODUCT_TYPE"",""columnType"":""ID"",""columnValue"":""2"",""columnUuid"":""40b1b43c-9835-4537-83c9-c56f6d5facc6"",""columnSequence"":-1,""isSelected"":false,""isVisible"":false,""dataTypeTechnicalName"":""Integer""},{""columnName"":""PRODUCT_TYPE_BKEY"",""relationshipName"":""fK_PRODUCT_TYPE"",""columnType"":""BKEY"",""columnValue"":""CC"",""columnUuid"":""df015611-2ba5-4c07-b8da-d34ad9c079f8"",""columnSequence"":1,""isSelected"":false,""isVisible"":true,""dataTypeTechnicalName"":""String""},{""columnName"":""DATA_SOURCE_ID"",""relationshipName"":""fK_PRODUCT_TYPE"",""columnType"":""DATASOURCEID"",""columnValue"":""1"",""columnUuid"":""f0bcab2e-01c1-44ef-860e-34cf800f871d"",""columnSequence"":-1,""isSelected"":false,""isVisible"":false,""dataTypeTechnicalName"":""Integer""},{""columnName"":""DATA_SOURCE_NAME"",""relationshipName"":""FK_DATA_SOURCE"",""columnType"":""DATASOURCEBKEY"",""columnValue"":""CBS"",""columnUuid"":""6717a013-e4f6-4549-a821-e43c737e1bc1"",""columnSequence"":2,""isSelected"":false,""isVisible"":true,""dataTypeTechnicalName"":""String""}]},{""ddLookupColumnDerivedValuesVOs"":[{""columnName"":""PRODUCT_TYPE_ID"",""relationshipName"":""fK_PRODUCT_TYPE"",""columnType"":""ID"",""columnValue"":""8"",""columnUuid"":""40b1b43c-9835-4537-83c9-c56f6d5facc6"",""columnSequence"":-1,""isSelected"":false,""isVisible"":false,""dataTypeTechnicalName"":""Integer""},{""columnName"":""PRODUCT_TYPE_BKEY"",""relationshipName"":""fK_PRODUCT_TYPE"",""columnType"":""BKEY"",""columnValue"":""CL"",""columnUuid"":""df015611-2ba5-4c07-b8da-d34ad9c079f8"",""columnSequence"":1,""isSelected"":false,""isVisible"":true,""dataTypeTechnicalName"":""String""},{""columnName"":""DATA_SOURCE_ID"",""relationshipName"":""fK_PRODUCT_TYPE"",""columnType"":""DATASOURCEID"",""columnValue"":""1"",""columnUuid"":""f0bcab2e-01c1-44ef-860e-34cf800f871d"",""columnSequence"":-1,""isSelected"":false,""isVisible"":false,""dataTypeTechnicalName"":""Integer""},{""columnName"":""DATA_SOURCE_NAME"",""relationshipName"":""FK_DATA_SOURCE"",""columnType"":""DATASOURCEBKEY"",""columnValue"":""CBS"",""columnUuid"":""6717a013-e4f6-4549-a821-e43c737e1bc1"",""columnSequence"":2,""isSelected"":false,""isVisible"":true,""dataTypeTechnicalName"":""String""}]},{""ddLookupColumnDerivedValuesVOs"":[{""columnName"":""PRODUCT_TYPE_ID"",""relationshipName"":""fK_PRODUCT_TYPE"",""columnType"":""ID"",""columnValue"":""9"",""columnUuid"":""40b1b43c-9835-4537-83c9-c56f6d5facc6"",""columnSequence"":-1,""isSelected"":false,""isVisible"":false,""dataTypeTechnicalName"":""Integer""},{""columnName"":""PRODUCT_TYPE_BKEY"",""relationshipName"":""fK_PRODUCT_TYPE"",""columnType"":""BKEY"",""columnValue"":""HL"",""columnUuid"":""df015611-2ba5-4c07-b8da-d34ad9c079f8"",""columnSequence"":1,""isSelected"":false,""isVisible"":true,""dataTypeTechnicalName"":""String""},{""columnName"":""DATA_SOURCE_ID"",""relationshipName"":""fK_PRODUCT_TYPE"",""columnType"":""DATASOURCEID"",""columnValue"":""1"",""columnUuid"":""f0bcab2e-01c1-44ef-860e-34cf800f871d"",""columnSequence"":-1,""isSelected"":false,""isVisible"":false,""dataTypeTechnicalName"":""Integer""},{""columnName"":""DATA_SOURCE_NAME"",""relationshipName"":""FK_DATA_SOURCE"",""columnType"":""DATASOURCEBKEY"",""columnValue"":""CBS"",""columnUuid"":""6717a013-e4f6-4549-a821-e43c737e1bc1"",""columnSequence"":2,""isSelected"":false,""isVisible"":true,""dataTypeTechnicalName"":""String""}]},{""ddLookupColumnDerivedValuesVOs"":[{""columnName"":""PRODUCT_TYPE_ID"",""relationshipName"":""fK_PRODUCT_TYPE"",""columnType"":""ID"",""columnValue"":""10"",""columnUuid"":""40b1b43c-9835-4537-83c9-c56f6d5facc6"",""columnSequence"":-1,""isSelected"":false,""isVisible"":false,""dataTypeTechnicalName"":""Integer""},{""columnName"":""PRODUCT_TYPE_BKEY"",""relationshipName"":""fK_PRODUCT_TYPE"",""columnType"":""BKEY"",""columnValue"":""OD"",""columnUuid"":""df015611-2ba5-4c07-b8da-d34ad9c079f8"",""columnSequence"":1,""isSelected"":false,""isVisible"":true,""dataTypeTechnicalName"":""String""},{""columnName"":""DATA_SOURCE_ID"",""relationshipName"":""fK_PRODUCT_TYPE"",""columnType"":""DATASOURCEID"",""columnValue"":""1"",""columnUuid"":""f0bcab2e-01c1-44ef-860e-34cf800f871d"",""columnSequence"":-1,""isSelected"":false,""isVisible"":false,""dataTypeTechnicalName"":""Integer""},{""columnName"":""DATA_SOURCE_NAME"",""relationshipName"":""FK_DATA_SOURCE"",""columnType"":""DATASOURCEBKEY"",""columnValue"":""CBS"",""columnUuid"":""6717a013-e4f6-4549-a821-e43c737e1bc1"",""columnSequence"":2,""isSelected"":false,""isVisible"":true,""dataTypeTechnicalName"":""String""}]},{""ddLookupColumnDerivedValuesVOs"":[{""columnName"":""PRODUCT_TYPE_ID"",""relationshipName"":""fK_PRODUCT_TYPE"",""columnType"":""ID"",""columnValue"":""7"",""columnUuid"":""40b1b43c-9835-4537-83c9-c56f6d5facc6"",""columnSequence"":-1,""isSelected"":false,""isVisible"":false,""dataTypeTechnicalName"":""Integer""},{""columnName"":""PRODUCT_TYPE_BKEY"",""relationshipName"":""fK_PRODUCT_TYPE"",""columnType"":""BKEY"",""columnValue"":""PL"",""columnUuid"":""df015611-2ba5-4c07-b8da-d34ad9c079f8"",""columnSequence"":1,""isSelected"":false,""isVisible"":true,""dataTypeTechnicalName"":""String""},{""columnName"":""DATA_SOURCE_ID"",""relationshipName"":""fK_PRODUCT_TYPE"",""columnType"":""DATASOURCEID"",""columnValue"":""1"",""columnUuid"":""f0bcab2e-01c1-44ef-860e-34cf800f871d"",""columnSequence"":-1,""isSelected"":false,""isVisible"":false,""dataTypeTechnicalName"":""Integer""},{""columnName"":""DATA_SOURCE_NAME"",""relationshipName"":""FK_DATA_SOURCE"",""columnType"":""DATASOURCEBKEY"",""columnValue"":""CBS"",""columnUuid"":""6717a013-e4f6-4549-a821-e43c737e1bc1"",""columnSequence"":2,""isSelected"":false,""isVisible"":true,""dataTypeTechnicalName"":""String""}]},{""ddLookupColumnDerivedValuesVOs"":[{""columnName"":""PRODUCT_TYPE_ID"",""relationshipName"":""fK_PRODUCT_TYPE"",""columnType"":""ID"",""columnValue"":""6"",""columnUuid"":""40b1b43c-9835-4537-83c9-c56f6d5facc6"",""columnSequence"":-1,""isSelected"":false,""isVisible"":false,""dataTypeTechnicalName"":""Integer""},{""columnName"":""PRODUCT_TYPE_BKEY"",""relationshipName"":""fK_PRODUCT_TYPE"",""columnType"":""BKEY"",""columnValue"":""TL"",""columnUuid"":""df015611-2ba5-4c07-b8da-d34ad9c079f8"",""columnSequence"":1,""isSelected"":false,""isVisible"":true,""dataTypeTechnicalName"":""String""},{""columnName"":""DATA_SOURCE_ID"",""relationshipName"":""fK_PRODUCT_TYPE"",""columnType"":""DATASOURCEID"",""columnValue"":""1"",""columnUuid"":""f0bcab2e-01c1-44ef-860e-34cf800f871d"",""columnSequence"":-1,""isSelected"":false,""isVisible"":false,""dataTypeTechnicalName"":""Integer""},{""columnName"":""DATA_SOURCE_NAME"",""relationshipName"":""FK_DATA_SOURCE"",""columnType"":""DATASOURCEBKEY"",""columnValue"":""CBS"",""columnUuid"":""6717a013-e4f6-4549-a821-e43c737e1bc1"",""columnSequence"":2,""isSelected"":false,""isVisible"":true,""dataTypeTechnicalName"":""String""}]}],""isIdToBkey"":false,""relationshipName"":null},""linkedEntityName"":""DIM_PRODUCT_TYPE""}}]},{""derivedValue"":""NA"",""sequenceNumber"":15,""conditionName"":""Default"",""conditionalLinksInfo"":[]}],""decisionTableSelectedColumns"":[{""columnName"":""FREE_DPD_1"",""sequenceNumber"":342,""name"":""FK_FPM_AGG"",""type"":""REL""},{""columnName"":""FREE_DPD_2"",""sequenceNumber"":343,""name"":""FK_FPM_AGG"",""type"":""REL""},{""columnName"":""FREE_DPD_3"",""sequenceNumber"":344,""name"":""FK_FPM_AGG"",""type"":""REL""},{""columnName"":""FREE_DPD_4"",""sequenceNumber"":345,""name"":""FK_FPM_AGG"",""type"":""REL""},{""columnName"":""FREE_DPD_5"",""sequenceNumber"":346,""name"":""FK_FPM_AGG"",""type"":""REL""},{""columnName"":""FREE_DPD_6"",""sequenceNumber"":347,""name"":""FK_FPM_AGG"",""type"":""REL""},{""columnName"":""FREE_DPD_7"",""sequenceNumber"":348,""name"":""FK_FPM_AGG"",""type"":""REL""},{""columnName"":""FREE_DPD_8"",""sequenceNumber"":349,""name"":""FK_FPM_AGG"",""type"":""REL""},{""columnName"":""FREE_DPD_9"",""sequenceNumber"":350,""name"":""FK_FPM_AGG"",""type"":""REL""},{""columnName"":""FREE_DATE_3"",""sequenceNumber"":9,""name"":""FREE_DATE_3"",""type"":""ENT""},{""columnName"":""LAST_CUST_PORTFOLIO_VALUE"",""sequenceNumber"":10,""name"":""LAST_CUST_PORTFOLIO_VALUE"",""type"":""ENT""},{""columnName"":""INTERST_ON_ARREARS"",""sequenceNumber"":11,""name"":""INTERST_ON_ARREARS"",""type"":""ENT""},{""columnName"":""DRAWING_POWER_AMT"",""sequenceNumber"":12,""name"":""DRAWING_POWER_AMT"",""type"":""ENT""},{""columnName"":""INTOS_ON_NPA_DATE"",""sequenceNumber"":13,""name"":""INTOS_ON_NPA_DATE"",""type"":""ENT""},{""columnName"":""PRINOS_ON_NPA_DATE"",""sequenceNumber"":14,""name"":""PRINOS_ON_NPA_DATE"",""type"":""ENT""},{""columnName"":""DUE_DATE"",""sequenceNumber"":15,""name"":""DUE_DATE"",""type"":""ENT""},{""columnName"":""LAST_CREDIT_DATE"",""sequenceNumber"":16,""name"":""LAST_CREDIT_DATE"",""type"":""ENT""},{""columnName"":""PRINCIPAL_OVERDUE_DATE"",""sequenceNumber"":17,""name"":""PRINCIPAL_OVERDUE_DATE"",""type"":""ENT""},{""columnName"":""LAST_OVER_DRAWING_DATE"",""sequenceNumber"":18,""name"":""LAST_OVER_DRAWING_DATE"",""type"":""ENT""},{""columnName"":""LAST_REVIEW_DATE"",""sequenceNumber"":19,""name"":""LAST_REVIEW_DATE"",""type"":""ENT""},{""columnName"":""LAST_UNDER_DRAWING_DATE"",""sequenceNumber"":20,""name"":""LAST_UNDER_DRAWING_DATE"",""type"":""ENT""},{""columnName"":""LIMIT_AMT"",""sequenceNumber"":21,""name"":""LIMIT_AMT"",""type"":""ENT""},{""columnName"":""LIMIT_CURRENCY_ID"",""sequenceNumber"":22,""name"":""LIMIT_CURRENCY_ID"",""type"":""ENT""},{""columnName"":""LIMIT_END_DATE"",""sequenceNumber"":23,""name"":""LIMIT_END_DATE"",""type"":""ENT""},{""columnName"":""IS_SHORT_TERM"",""sequenceNumber"":24,""name"":""IS_SHORT_TERM"",""type"":""ENT""},{""columnName"":""IS_STICKY"",""sequenceNumber"":25,""name"":""IS_STICKY"",""type"":""ENT""},{""columnName"":""IS_SECURITIZED"",""sequenceNumber"":26,""name"":""IS_SECURITIZED"",""type"":""ENT""},{""columnName"":""IS_SETTLED"",""sequenceNumber"":27,""name"":""IS_SETTLED"",""type"":""ENT""},{""columnName"":""IS_WRITTEN_OFF"",""sequenceNumber"":28,""name"":""IS_WRITTEN_OFF"",""type"":""ENT""},{""columnName"":""IS_RATING_DOWNGRADED"",""sequenceNumber"":29,""name"":""IS_RATING_DOWNGRADED"",""type"":""ENT""},{""columnName"":""ACCT_OPEN_DATE"",""sequenceNumber"":30,""name"":""ACCT_OPEN_DATE"",""type"":""ENT""},{""columnName"":""LOAN_START_DATE"",""sequenceNumber"":31,""name"":""LOAN_START_DATE"",""type"":""ENT""},{""columnName"":""MATURITY_DATE"",""sequenceNumber"":32,""name"":""MATURITY_DATE"",""type"":""ENT""},{""columnName"":""CURRENCY_ID"",""sequenceNumber"":33,""name"":""CURRENCY_ID"",""type"":""ENT""},{""columnName"":""ACY_TO_LCY_RATE"",""sequenceNumber"":34,""name"":""ACY_TO_LCY_RATE"",""type"":""ENT""},{""columnName"":""DEPARTMENT_ID"",""sequenceNumber"":35,""name"":""DEPARTMENT_ID"",""type"":""ENT""},{""columnName"":""FREE_AMT_2"",""sequenceNumber"":36,""name"":""FREE_AMT_2"",""type"":""ENT""},{""columnName"":""FREE_AMT_3"",""sequenceNumber"":37,""name"":""FREE_AMT_3"",""type"":""ENT""},{""columnName"":""COLLATERAL_AMT"",""sequenceNumber"":38,""name"":""COLLATERAL_AMT"",""type"":""ENT""},{""columnName"":""COLLATERAL_CURRENCY_ID"",""sequenceNumber"":39,""name"":""COLLATERAL_CURRENCY_ID"",""type"":""ENT""},{""columnName"":""COLLATERAL_STATUS_ID"",""sequenceNumber"":40,""name"":""COLLATERAL_STATUS_ID"",""type"":""ENT""},{""columnName"":""COLLATERAL_TYPE_ID"",""sequenceNumber"":41,""name"":""COLLATERAL_TYPE_ID"",""type"":""ENT""},{""columnName"":""FRAUD_CODE"",""sequenceNumber"":42,""name"":""FRAUD_CODE"",""type"":""ENT""},{""columnName"":""IS_ADDITIONAL_FINANCE"",""sequenceNumber"":43,""name"":""IS_ADDITIONAL_FINANCE"",""type"":""ENT""},{""columnName"":""IS_FUND_BASED"",""sequenceNumber"":44,""name"":""IS_FUND_BASED"",""type"":""ENT""},{""columnName"":""IS_IBC_ADMITTED"",""sequenceNumber"":45,""name"":""IS_IBC_ADMITTED"",""type"":""ENT""},{""columnName"":""IS_IBC_FILING"",""sequenceNumber"":46,""name"":""IS_IBC_FILING"",""type"":""ENT""},{""columnName"":""IS_MSME"",""sequenceNumber"":47,""name"":""IS_MSME"",""type"":""ENT""},{""columnName"":""SOURCE_PROVISION_INTEREST_AMT"",""sequenceNumber"":48,""name"":""SOURCE_PROVISION_INTEREST_AMT"",""type"":""ENT""},{""columnName"":""PERIOD_ID"",""sequenceNumber"":49,""name"":""PERIOD_ID"",""type"":""ENT""},{""columnName"":""DATA_SOURCE_ID"",""sequenceNumber"":50,""name"":""DATA_SOURCE_ID"",""type"":""ENT""},{""columnName"":""PRODUCT_INSTANCE_BKEY"",""sequenceNumber"":51,""name"":""PRODUCT_INSTANCE_BKEY"",""type"":""ENT""},{""columnName"":""PRODUCT_INSTANCE_ID"",""sequenceNumber"":52,""name"":""PRODUCT_INSTANCE_ID"",""type"":""ENT""},{""columnName"":""CUSTOMER_BKEY"",""sequenceNumber"":53,""name"":""CUSTOMER_BKEY"",""type"":""ENT""},{""columnName"":""CUSTOMER_ID"",""sequenceNumber"":54,""name"":""CUSTOMER_ID"",""type"":""ENT""},{""columnName"":""CUSTOMER_NAME"",""sequenceNumber"":55,""name"":""CUSTOMER_NAME"",""type"":""ENT""},{""columnName"":""PRODUCT_SYSTEM"",""sequenceNumber"":56,""name"":""PRODUCT_SYSTEM"",""type"":""ENT""},{""columnName"":""PRODUCT_TYPE_ID"",""sequenceNumber"":57,""name"":""PRODUCT_TYPE_ID"",""type"":""ENT""},{""columnName"":""LIMIT_DPD"",""sequenceNumber"":58,""name"":""LIMIT_DPD"",""type"":""ENT""},{""columnName"":""FREE_DPD_10"",""sequenceNumber"":351,""name"":""FK_FPM_AGG"",""type"":""REL""},{""columnName"":""MAX_DPD"",""sequenceNumber"":352,""name"":""FK_FPM_AGG"",""type"":""REL""},{""columnName"":""TOTAL_OUTSTANDING_AMT"",""sequenceNumber"":353,""name"":""FK_FPM_AGG"",""type"":""REL""},{""columnName"":""MAX_MIS_DPD_1"",""sequenceNumber"":354,""name"":""FK_FPM_AGG"",""type"":""REL""},{""columnName"":""MAX_MIS_DPD_10"",""sequenceNumber"":355,""name"":""FK_FPM_AGG"",""type"":""REL""},{""columnName"":""MAX_MIS_DPD_2"",""sequenceNumber"":356,""name"":""FK_FPM_AGG"",""type"":""REL""},{""columnName"":""MAX_MIS_DPD_3"",""sequenceNumber"":357,""name"":""FK_FPM_AGG"",""type"":""REL""},{""columnName"":""MAX_MIS_DPD_4"",""sequenceNumber"":358,""name"":""FK_FPM_AGG"",""type"":""REL""},{""columnName"":""MAX_MIS_DPD_5"",""sequenceNumber"":359,""name"":""FK_FPM_AGG"",""type"":""REL""},{""columnName"":""MAX_MIS_DPD_6"",""sequenceNumber"":360,""name"":""FK_FPM_AGG"",""type"":""REL""},{""columnName"":""MAX_MIS_DPD_7"",""sequenceNumber"":361,""name"":""FK_FPM_AGG"",""type"":""REL""},{""columnName"":""MAX_MIS_DPD_8"",""sequenceNumber"":362,""name"":""FK_FPM_AGG"",""type"":""REL""},{""columnName"":""MAX_MIS_DPD_9"",""sequenceNumber"":363,""name"":""FK_FPM_AGG"",""type"":""REL""},{""columnName"":""COLLATERAL_AMOUNT"",""sequenceNumber"":364,""name"":""FK_FPM_AGG"",""type"":""REL""},{""columnName"":""COLLATERAL_TO_OUTSTNDING_RATIO"",""sequenceNumber"":365,""name"":""FK_FPM_AGG"",""type"":""REL""},{""columnName"":""DATA_SOURCE_ID"",""sequenceNumber"":366,""name"":""FK_DATA_SOURCE"",""type"":""REL""},{""columnName"":""DATA_SOURCE_NAME"",""sequenceNumber"":367,""name"":""FK_DATA_SOURCE"",""type"":""REL""},{""columnName"":""IS_SCGL_IND"",""sequenceNumber"":368,""name"":""FK_DATA_SOURCE"",""type"":""REL""},{""columnName"":""SCGL_CURRENCY_UCID"",""sequenceNumber"":369,""name"":""FK_DATA_SOURCE"",""type"":""REL""},{""columnName"":""FINANCIAL_YEAR_TYPE_ID"",""sequenceNumber"":370,""name"":""FK_DATA_SOURCE"",""type"":""REL""},{""columnName"":""AUDIT_GL_DATA_SOURCE_ID"",""sequenceNumber"":371,""name"":""FK_DATA_SOURCE"",""type"":""REL""},{""columnName"":""PRODUCT_TYPE_ID"",""sequenceNumber"":372,""name"":""fK_PRODUCT_TYPE"",""type"":""REL""},{""columnName"":""PRODUCT_TYPE_BKEY"",""sequenceNumber"":373,""name"":""fK_PRODUCT_TYPE"",""type"":""REL""},{""columnName"":""PRODUCT_TYPE_DESC"",""sequenceNumber"":374,""name"":""fK_PRODUCT_TYPE"",""type"":""REL""},{""columnName"":""LEVEL_DESC"",""sequenceNumber"":375,""name"":""fK_PRODUCT_TYPE"",""type"":""REL""},{""columnName"":""LEVEL_NUMBER"",""sequenceNumber"":376,""name"":""fK_PRODUCT_TYPE"",""type"":""REL""},{""columnName"":""DATA_SOURCE_ID"",""sequenceNumber"":377,""name"":""fK_PRODUCT_TYPE"",""type"":""REL""},{""columnName"":""PRODUCT_TYPE_DESC_ALT_LANG"",""sequenceNumber"":378,""name"":""fK_PRODUCT_TYPE"",""type"":""REL""},{""columnName"":""PARENT_PRODUCT_TYPE_ID"",""sequenceNumber"":379,""name"":""fK_PRODUCT_TYPE"",""type"":""REL""},{""columnName"":""PRODUCT_SYSTEM"",""sequenceNumber"":380,""name"":""fK_PRODUCT_TYPE"",""type"":""REL""},{""columnName"":""PRODUCT_TYPE_MNEMONIC"",""sequenceNumber"":381,""name"":""fK_PRODUCT_TYPE"",""type"":""REL""},{""columnName"":""IS_ACTIVE"",""sequenceNumber"":382,""name"":""fK_PRODUCT_TYPE"",""type"":""REL""},{""columnName"":""LOAD_EXECUTION_ID"",""sequenceNumber"":383,""name"":""fK_PRODUCT_TYPE"",""type"":""REL""},{""columnName"":""DENOMINATION"",""sequenceNumber"":384,""name"":""fK_PRODUCT_TYPE"",""type"":""REL""},{""columnName"":""DEBIT_BALANCE_COA_ID"",""sequenceNumber"":385,""name"":""fK_PRODUCT_TYPE"",""type"":""REL""},{""columnName"":""CREDIT_BALANCE_COA_ID"",""sequenceNumber"":386,""name"":""fK_PRODUCT_TYPE"",""type"":""REL""},{""columnName"":""DEBIT_ACCRUED_INT_COA_ID"",""sequenceNumber"":387,""name"":""fK_PRODUCT_TYPE"",""type"":""REL""},{""columnName"":""CREDIT_ACCRUED_INT_COA_ID"",""sequenceNumber"":388,""name"":""fK_PRODUCT_TYPE"",""type"":""REL""},{""columnName"":""INTEREST_INCOME_COA_ID"",""sequenceNumber"":389,""name"":""fK_PRODUCT_TYPE"",""type"":""REL""},{""columnName"":""INTEREST_EXPENSE_COA_ID"",""sequenceNumber"":390,""name"":""fK_PRODUCT_TYPE"",""type"":""REL""},{""columnName"":""MATURED_BALANCE_COA_ID"",""sequenceNumber"":391,""name"":""fK_PRODUCT_TYPE"",""type"":""REL""},{""columnName"":""SYSTEM_ENTRY_TIME"",""sequenceNumber"":392,""name"":""fK_PRODUCT_TYPE"",""type"":""REL""},{""columnName"":""MIS_CODE_1_ID"",""sequenceNumber"":393,""name"":""fK_PRODUCT_TYPE"",""type"":""REL""},{""columnName"":""MIS_CODE_2_ID"",""sequenceNumber"":394,""name"":""fK_PRODUCT_TYPE"",""type"":""REL""},{""columnName"":""MIS_CODE_3_ID"",""sequenceNumber"":395,""name"":""fK_PRODUCT_TYPE"",""type"":""REL""},{""columnName"":""MIS_CODE_4_ID"",""sequenceNumber"":396,""name"":""fK_PRODUCT_TYPE"",""type"":""REL""},{""columnName"":""MIS_CODE_5_ID"",""sequenceNumber"":397,""name"":""fK_PRODUCT_TYPE"",""type"":""REL""},{""columnName"":""MIS_CODE_6_ID"",""sequenceNumber"":398,""name"":""fK_PRODUCT_TYPE"",""type"":""REL""},{""columnName"":""MIS_CODE_7_ID"",""sequenceNumber"":399,""name"":""fK_PRODUCT_TYPE"",""type"":""REL""},{""columnName"":""MIS_CODE_8_ID"",""sequenceNumber"":400,""name"":""fK_PRODUCT_TYPE"",""type"":""REL""},{""columnName"":""MIS_CODE_9_ID"",""sequenceNumber"":401,""name"":""fK_PRODUCT_TYPE"",""type"":""REL""},{""columnName"":""MIS_CODE_10_ID"",""sequenceNumber"":402,""name"":""fK_PRODUCT_TYPE"",""type"":""REL""},{""columnName"":""PRODUCT_TYPE_UCID"",""sequenceNumber"":403,""name"":""fK_PRODUCT_TYPE"",""type"":""REL""},{""columnName"":""PRODUCT_TYPE_EFFECTIVE_DATE"",""sequenceNumber"":404,""name"":""fK_PRODUCT_TYPE"",""type"":""REL""},{""columnName"":""PRODUCT_TYPE_END_DATE"",""sequenceNumber"":405,""name"":""fK_PRODUCT_TYPE"",""type"":""REL""},{""columnName"":""PRODUCT_SYSTEM_CODE"",""sequenceNumber"":406,""name"":""fK_PRODUCT_TYPE"",""type"":""REL""},{""columnName"":""SIGNIFICANT_PRODUCT_GROUP"",""sequenceNumber"":407,""name"":""fK_PRODUCT_TYPE"",""type"":""REL""},{""columnName"":""PROVISION_TYPE_ID"",""sequenceNumber"":408,""name"":""fK_PROVISION_TYPE"",""type"":""REL""},{""columnName"":""PROVISION_TYPE_CODE"",""sequenceNumber"":409,""name"":""fK_PROVISION_TYPE"",""type"":""REL""},{""columnName"":""PROVISION_TYPE_DESC"",""sequenceNumber"":410,""name"":""fK_PROVISION_TYPE"",""type"":""REL""},{""columnName"":""PROVISION_TYPE_ALT_LANG"",""sequenceNumber"":411,""name"":""fK_PROVISION_TYPE"",""type"":""REL""},{""columnName"":""IS_ACTIVE"",""sequenceNumber"":412,""name"":""fK_PROVISION_TYPE"",""type"":""REL""},{""columnName"":""SYSTEM_ENTRY_TIME"",""sequenceNumber"":413,""name"":""fK_PROVISION_TYPE"",""type"":""REL""},{""columnName"":""STAGE_CLASSIFICATION_ID"",""sequenceNumber"":414,""name"":""FK_STAGE_CLASSIFICATION"",""type"":""REL""},{""columnName"":""STAGE_CLASSIFICATION_CODE"",""sequenceNumber"":415,""name"":""FK_STAGE_CLASSIFICATION"",""type"":""REL""},{""columnName"":""STAGE_CLASSIFICATION_DESC"",""sequenceNumber"":416,""name"":""FK_STAGE_CLASSIFICATION"",""type"":""REL""},{""columnName"":""COOLING_PERIOD_DAYS"",""sequenceNumber"":417,""name"":""FK_STAGE_CLASSIFICATION"",""type"":""REL""},{""columnName"":""IS_ACTIVE"",""sequenceNumber"":418,""name"":""FK_STAGE_CLASSIFICATION"",""type"":""REL""},{""columnName"":""BUSINESS_DATE"",""sequenceNumber"":419,""name"":""var"",""type"":""TEMP""},{""columnName"":""PREV_DAY_ASSET_CLASS"",""sequenceNumber"":420,""name"":""var"",""type"":""TEMP""},{""columnName"":""LOAD_EXECUTION_ID"",""sequenceNumber"":1,""name"":""LOAD_EXECUTION_ID"",""type"":""ENT""},{""columnName"":""SYSTEM_IDENTIFIER"",""sequenceNumber"":2,""name"":""SYSTEM_IDENTIFIER"",""type"":""ENT""},{""columnName"":""INTERNAL_RATING_ID"",""sequenceNumber"":3,""name"":""INTERNAL_RATING_ID"",""type"":""ENT""},{""columnName"":""CUSTOMER_CATEGORY_ID"",""sequenceNumber"":4,""name"":""CUSTOMER_CATEGORY_ID"",""type"":""ENT""},{""columnName"":""NEXT_INSTALLMENT_INTEREST_AMT"",""sequenceNumber"":5,""name"":""NEXT_INSTALLMENT_INTEREST_AMT"",""type"":""ENT""},{""columnName"":""NEXT_INSTALLMENT_PRINCIPAL_AMT"",""sequenceNumber"":6,""name"":""NEXT_INSTALLMENT_PRINCIPAL_AMT"",""type"":""ENT""},{""columnName"":""FAIR_VALUE"",""sequenceNumber"":7,""name"":""FAIR_VALUE"",""type"":""ENT""},{""columnName"":""FREE_DATE_2"",""sequenceNumber"":8,""name"":""FREE_DATE_2"",""type"":""ENT""},{""columnName"":""IS_SECURED"",""sequenceNumber"":110,""name"":""IS_SECURED"",""type"":""ENT""},{""columnName"":""PAYLATER_DPD"",""sequenceNumber"":111,""name"":""PAYLATER_DPD"",""type"":""ENT""},{""columnName"":""STOCK_STATEMENT_DPD"",""sequenceNumber"":112,""name"":""STOCK_STATEMENT_DPD"",""type"":""ENT""},{""columnName"":""CUST_PORTFOLIO_VALUE"",""sequenceNumber"":113,""name"":""CUST_PORTFOLIO_VALUE"",""type"":""ENT""},{""columnName"":""NPA_STD_PRODUCT_TYPE_ID"",""sequenceNumber"":114,""name"":""NPA_STD_PRODUCT_TYPE_ID"",""type"":""ENT""},{""columnName"":""NPA_DATE"",""sequenceNumber"":115,""name"":""NPA_DATE"",""type"":""ENT""},{""columnName"":""NPA_EVENT_ID"",""sequenceNumber"":116,""name"":""NPA_EVENT_ID"",""type"":""ENT""},{""columnName"":""NPA_EXCLUSION_FLAG"",""sequenceNumber"":117,""name"":""NPA_EXCLUSION_FLAG"",""type"":""ENT""},{""columnName"":""NPA_ID"",""sequenceNumber"":118,""name"":""NPA_ID"",""type"":""ENT""},{""columnName"":""NPA_EXCLUSION_REASON"",""sequenceNumber"":119,""name"":""NPA_EXCLUSION_REASON"",""type"":""ENT""},{""columnName"":""OUTSTANDING_AMT"",""sequenceNumber"":120,""name"":""OUTSTANDING_AMT"",""type"":""ENT""},{""columnName"":""BILL_DPD"",""sequenceNumber"":59,""name"":""BILL_DPD"",""type"":""ENT""},{""columnName"":""OUT_OF_ORDER_DPD"",""sequenceNumber"":60,""name"":""OUT_OF_ORDER_DPD"",""type"":""ENT""},{""columnName"":""OVERDRAWN_DPD"",""sequenceNumber"":61,""name"":""OVERDRAWN_DPD"",""type"":""ENT""},{""columnName"":""MONITORING_PERIOD_END_DATE"",""sequenceNumber"":62,""name"":""MONITORING_PERIOD_END_DATE"",""type"":""ENT""},{""columnName"":""MONITORING_PERIOD_START_DATE"",""sequenceNumber"":63,""name"":""MONITORING_PERIOD_START_DATE"",""type"":""ENT""},{""columnName"":""SPECIFIED_PERIOD_END_DATE"",""sequenceNumber"":64,""name"":""SPECIFIED_PERIOD_END_DATE"",""type"":""ENT""},{""columnName"":""SPECIFIED_PERIOD_START_DATE"",""sequenceNumber"":65,""name"":""SPECIFIED_PERIOD_START_DATE"",""type"":""ENT""},{""columnName"":""NEXT_INSTALLMENT_DATE"",""sequenceNumber"":66,""name"":""NEXT_INSTALLMENT_DATE"",""type"":""ENT""},{""columnName"":""PREVIOUS_INSTALLMENT_DATE"",""sequenceNumber"":67,""name"":""PREVIOUS_INSTALLMENT_DATE"",""type"":""ENT""},{""columnName"":""ORIGINAL_DCCO_DATE"",""sequenceNumber"":68,""name"":""ORIGINAL_DCCO_DATE"",""type"":""ENT""},{""columnName"":""REVISED_DCCO_DATE"",""sequenceNumber"":69,""name"":""REVISED_DCCO_DATE"",""type"":""ENT""},{""columnName"":""TOTAL_ARREARS_CREDIT"",""sequenceNumber"":70,""name"":""TOTAL_ARREARS_CREDIT"",""type"":""ENT""},{""columnName"":""TOTAL_CREDIT_YTD"",""sequenceNumber"":71,""name"":""TOTAL_CREDIT_YTD"",""type"":""ENT""},{""columnName"":""USER_NAME"",""sequenceNumber"":72,""name"":""USER_NAME"",""type"":""ENT""},{""columnName"":""WRITE_OFF_AMT"",""sequenceNumber"":73,""name"":""WRITE_OFF_AMT"",""type"":""ENT""},{""columnName"":""WRITE_OFF_INT_AMT"",""sequenceNumber"":74,""name"":""WRITE_OFF_INT_AMT"",""type"":""ENT""},{""columnName"":""WRITE_OFF_PRIN_AMT"",""sequenceNumber"":75,""name"":""WRITE_OFF_PRIN_AMT"",""type"":""ENT""},{""columnName"":""LIMIT_REFERENCE_BKEY"",""sequenceNumber"":76,""name"":""LIMIT_REFERENCE_BKEY"",""type"":""ENT""},{""columnName"":""LIMIT_RENEWAL_DATE"",""sequenceNumber"":77,""name"":""LIMIT_RENEWAL_DATE"",""type"":""ENT""},{""columnName"":""LIMIT_START_DATE"",""sequenceNumber"":78,""name"":""LIMIT_START_DATE"",""type"":""ENT""},{""columnName"":""LINKED_LIMIT_AMT"",""sequenceNumber"":79,""name"":""LINKED_LIMIT_AMT"",""type"":""ENT""},{""columnName"":""LINKED_LIMIT_UTILIZED_AMT"",""sequenceNumber"":80,""name"":""LINKED_LIMIT_UTILIZED_AMT"",""type"":""ENT""},{""columnName"":""FINANCIAL_TAG_ID"",""sequenceNumber"":81,""name"":""FINANCIAL_TAG_ID"",""type"":""ENT""},{""columnName"":""SOURCE_NPA_FLAG"",""sequenceNumber"":82,""name"":""SOURCE_NPA_FLAG"",""type"":""ENT""},{""columnName"":""SOURCE_NPA_DATE"",""sequenceNumber"":83,""name"":""SOURCE_NPA_DATE"",""type"":""ENT""},{""columnName"":""SOURCE_ASSET_CLASS_CODE"",""sequenceNumber"":84,""name"":""SOURCE_ASSET_CLASS_CODE"",""type"":""ENT""},{""columnName"":""WRITTEN_OFF_DATE"",""sequenceNumber"":85,""name"":""WRITTEN_OFF_DATE"",""type"":""ENT""},{""columnName"":""SETTLEMENT_DATE"",""sequenceNumber"":86,""name"":""SETTLEMENT_DATE"",""type"":""ENT""},{""columnName"":""SETTLEMENT_AMT"",""sequenceNumber"":87,""name"":""SETTLEMENT_AMT"",""type"":""ENT""},{""columnName"":""FREE_TEXT_1"",""sequenceNumber"":88,""name"":""FREE_TEXT_1"",""type"":""ENT""},{""columnName"":""FREE_TEXT_2"",""sequenceNumber"":89,""name"":""FREE_TEXT_2"",""type"":""ENT""},{""columnName"":""FREE_TEXT_3"",""sequenceNumber"":90,""name"":""FREE_TEXT_3"",""type"":""ENT""},{""columnName"":""FREE_TEXT_4"",""sequenceNumber"":91,""name"":""FREE_TEXT_4"",""type"":""ENT""},{""columnName"":""FREE_TEXT_5"",""sequenceNumber"":92,""name"":""FREE_TEXT_5"",""type"":""ENT""},{""columnName"":""FREE_DATE_1"",""sequenceNumber"":93,""name"":""FREE_DATE_1"",""type"":""ENT""},{""columnName"":""MAX_DPD"",""sequenceNumber"":94,""name"":""MAX_DPD"",""type"":""ENT""},{""columnName"":""FREE_AMT_4"",""sequenceNumber"":95,""name"":""FREE_AMT_4"",""type"":""ENT""},{""columnName"":""FREE_AMT_5"",""sequenceNumber"":96,""name"":""FREE_AMT_5"",""type"":""ENT""},{""columnName"":""STAGE_CLASSIFICATION_ID"",""sequenceNumber"":97,""name"":""STAGE_CLASSIFICATION_ID"",""type"":""ENT""},{""columnName"":""STAGE_CLASSIFICATION_DATE"",""sequenceNumber"":98,""name"":""STAGE_CLASSIFICATION_DATE"",""type"":""ENT""},{""columnName"":""STAGE_RECLASS_ID"",""sequenceNumber"":99,""name"":""STAGE_RECLASS_ID"",""type"":""ENT""},{""columnName"":""BORROWER_STAGE_CLASSIFICATION_DATE"",""sequenceNumber"":100,""name"":""BORROWER_STAGE_CLASSIFICATION_DATE"",""type"":""ENT""},{""columnName"":""STAGE_AGEING"",""sequenceNumber"":101,""name"":""STAGE_AGEING"",""type"":""ENT""},{""columnName"":""ECL_CAUSAL_ACCOUNT"",""sequenceNumber"":102,""name"":""ECL_CAUSAL_ACCOUNT"",""type"":""ENT""},{""columnName"":""STAGE_CLASSIFICATION_REASON"",""sequenceNumber"":103,""name"":""STAGE_CLASSIFICATION_REASON"",""type"":""ENT""},{""columnName"":""CROSS_STAGE_DATE"",""sequenceNumber"":104,""name"":""CROSS_STAGE_DATE"",""type"":""ENT""},{""columnName"":""IS_STAGE_PERSIST"",""sequenceNumber"":105,""name"":""IS_STAGE_PERSIST"",""type"":""ENT""},{""columnName"":""INTEREST_DPD"",""sequenceNumber"":106,""name"":""INTEREST_DPD"",""type"":""ENT""},{""columnName"":""FREE_AMT_1"",""sequenceNumber"":107,""name"":""FREE_AMT_1"",""type"":""ENT""},{""columnName"":""IS_RE_RESTRUCTURE"",""sequenceNumber"":108,""name"":""IS_RE_RESTRUCTURE"",""type"":""ENT""},{""columnName"":""IS_RESTRUCTURE_ASSIGNED"",""sequenceNumber"":109,""name"":""IS_RESTRUCTURE_ASSIGNED"",""type"":""ENT""},{""columnName"":""NPA_EVENT_ID"",""sequenceNumber"":266,""name"":""FK_SPN"",""type"":""REL""},{""columnName"":""NPA_ID"",""sequenceNumber"":267,""name"":""FK_SPN"",""type"":""REL""},{""columnName"":""NPA_REASON"",""sequenceNumber"":268,""name"":""FK_SPN"",""type"":""REL""},{""columnName"":""OUTSTANDING_AMT"",""sequenceNumber"":269,""name"":""FK_SPN"",""type"":""REL""},{""columnName"":""OUTSTANDING_AMT_ACY"",""sequenceNumber"":270,""name"":""FK_SPN"",""type"":""REL""},{""columnName"":""OUTSTANDING_CHARGE_AMT"",""sequenceNumber"":271,""name"":""FK_SPN"",""type"":""REL""},{""columnName"":""OUTSTANDING_INTEREST_AMT"",""sequenceNumber"":272,""name"":""FK_SPN"",""type"":""REL""},{""columnName"":""OUTSTANDING_PRINC_AMT"",""sequenceNumber"":273,""name"":""FK_SPN"",""type"":""REL""},{""columnName"":""GROSS_NPA"",""sequenceNumber"":274,""name"":""FK_SPN"",""type"":""REL""},{""columnName"":""NET_NPA"",""sequenceNumber"":275,""name"":""FK_SPN"",""type"":""REL""},{""columnName"":""DPD"",""sequenceNumber"":276,""name"":""FK_SPN"",""type"":""REL""},{""columnName"":""SERVICE_OUTLET_ID"",""sequenceNumber"":277,""name"":""FK_SPN"",""type"":""REL""},{""columnName"":""CUSTOMER_TYPE_ID"",""sequenceNumber"":278,""name"":""FK_SPN"",""type"":""REL""},{""columnName"":""DEPARTMENT_ID"",""sequenceNumber"":279,""name"":""FK_SPN"",""type"":""REL""},{""columnName"":""FINANCIAL_TAG_ID"",""sequenceNumber"":280,""name"":""FK_SPN"",""type"":""REL""},{""columnName"":""BUSINESS_GROUP"",""sequenceNumber"":281,""name"":""FK_SPN"",""type"":""REL""},{""columnName"":""CURRENCY_ID"",""sequenceNumber"":282,""name"":""FK_SPN"",""type"":""REL""},{""columnName"":""ACY_TO_LCY_RATE"",""sequenceNumber"":283,""name"":""FK_SPN"",""type"":""REL""},{""columnName"":""MARK_TO_MARKET_AMT"",""sequenceNumber"":284,""name"":""FK_SPN"",""type"":""REL""},{""columnName"":""COLLATERAL_AMT"",""sequenceNumber"":285,""name"":""FK_SPN"",""type"":""REL""},{""columnName"":""IS_ACTIVE"",""sequenceNumber"":286,""name"":""FK_SPN"",""type"":""REL""},{""columnName"":""IS_ADDITIONAL_FINANCE"",""sequenceNumber"":287,""name"":""FK_SPN"",""type"":""REL""},{""columnName"":""IS_IBC_ADMITTED"",""sequenceNumber"":288,""name"":""FK_SPN"",""type"":""REL""},{""columnName"":""IS_IBC_FILING"",""sequenceNumber"":289,""name"":""FK_SPN"",""type"":""REL""},{""columnName"":""IS_RESTRUCTURE_ASSIGNED"",""sequenceNumber"":290,""name"":""FK_SPN"",""type"":""REL""},{""columnName"":""IS_RE_RESTRUCTURE"",""sequenceNumber"":291,""name"":""FK_SPN"",""type"":""REL""},{""columnName"":""IS_SECURED"",""sequenceNumber"":292,""name"":""FK_SPN"",""type"":""REL""},{""columnName"":""FRAUD_CODE"",""sequenceNumber"":293,""name"":""FK_SPN"",""type"":""REL""},{""columnName"":""SCHEME_ID"",""sequenceNumber"":294,""name"":""FK_SPN"",""type"":""REL""},{""columnName"":""PRODUCT_STATUS_ID"",""sequenceNumber"":295,""name"":""FK_SPN"",""type"":""REL""},{""columnName"":""PRIORITY_SECTOR_ID"",""sequenceNumber"":296,""name"":""FK_SPN"",""type"":""REL""},{""columnName"":""MAX_DPD"",""sequenceNumber"":297,""name"":""FK_SPN"",""type"":""REL""},{""columnName"":""STOCK_STATEMENT_DPD"",""sequenceNumber"":298,""name"":""FK_SPN"",""type"":""REL""},{""columnName"":""RUN_ID"",""sequenceNumber"":299,""name"":""FK_SPN"",""type"":""REL""},{""columnName"":""SYSTEM_IDENTIFIER"",""sequenceNumber"":300,""name"":""FK_SPN"",""type"":""REL""},{""columnName"":""PROV_PERCENT"",""sequenceNumber"":301,""name"":""FK_SPN"",""type"":""REL""},{""columnName"":""RECOVERED_AMT"",""sequenceNumber"":302,""name"":""FK_SPN"",""type"":""REL""},{""columnName"":""RECOVERED_INT_AMT"",""sequenceNumber"":303,""name"":""FK_SPN"",""type"":""REL""},{""columnName"":""RECOVERED_PRIN_AMT"",""sequenceNumber"":304,""name"":""FK_SPN"",""type"":""REL""},{""columnName"":""REMARKS"",""sequenceNumber"":305,""name"":""FK_SPN"",""type"":""REL""},{""columnName"":""RESTRUCTURED_DATE"",""sequenceNumber"":306,""name"":""FK_SPN"",""type"":""REL""},{""columnName"":""RESTRUCTURED_IND"",""sequenceNumber"":307,""name"":""FK_SPN"",""type"":""REL""},{""columnName"":""REVIEW_PERIOD_END_DATE"",""sequenceNumber"":308,""name"":""FK_SPN"",""type"":""REL""},{""columnName"":""REVIEW_PERIOD_START_DATE"",""sequenceNumber"":309,""name"":""FK_SPN"",""type"":""REL""},{""columnName"":""SYS_CALC_PROVISION_AMT"",""sequenceNumber"":310,""name"":""FK_SPN"",""type"":""REL""},{""columnName"":""SPECIFIC_PROVISION_AMT"",""sequenceNumber"":311,""name"":""FK_SPN"",""type"":""REL""},{""columnName"":""UNIFIED_CUSTOMER_DETAILS"",""sequenceNumber"":312,""name"":""FK_SPN"",""type"":""REL""},{""columnName"":""UNIFIED_CUSTOMER_ID"",""sequenceNumber"":313,""name"":""FK_SPN"",""type"":""REL""},{""columnName"":""UNIFIED_DATA_SOURCE_ID"",""sequenceNumber"":314,""name"":""FK_SPN"",""type"":""REL""},{""columnName"":""USER_BUSINESS_SEGMENT"",""sequenceNumber"":315,""name"":""FK_SPN"",""type"":""REL""},{""columnName"":""NPA_ACTION_ID"",""sequenceNumber"":316,""name"":""FK_SPN_ASSET"",""type"":""REL""},{""columnName"":""NPA_ACTION_CODE"",""sequenceNumber"":317,""name"":""FK_SPN_ASSET"",""type"":""REL""},{""columnName"":""NPA_ACTION_DESC"",""sequenceNumber"":318,""name"":""FK_SPN_ASSET"",""type"":""REL""},{""columnName"":""NPA_ACTION_DETAILS"",""sequenceNumber"":319,""name"":""FK_SPN_ASSET"",""type"":""REL""},{""columnName"":""SYSTEM_ENTRY_TIME"",""sequenceNumber"":320,""name"":""FK_SPN_ASSET"",""type"":""REL""},{""columnName"":""PRIORITY"",""sequenceNumber"":321,""name"":""FK_SPN_ASSET"",""type"":""REL""},{""columnName"":""DATA_SOURCE_ID"",""sequenceNumber"":322,""name"":""FK_SPN_ASSET"",""type"":""REL""},{""columnName"":""NPA_ACTION_ID"",""sequenceNumber"":323,""name"":""FK_SPN_RECLASS"",""type"":""REL""},{""columnName"":""NPA_ACTION_CODE"",""sequenceNumber"":324,""name"":""FK_SPN_RECLASS"",""type"":""REL""},{""columnName"":""NPA_ACTION_DESC"",""sequenceNumber"":325,""name"":""FK_SPN_RECLASS"",""type"":""REL""},{""columnName"":""NPA_ACTION_DETAILS"",""sequenceNumber"":326,""name"":""FK_SPN_RECLASS"",""type"":""REL""},{""columnName"":""SYSTEM_ENTRY_TIME"",""sequenceNumber"":327,""name"":""FK_SPN_RECLASS"",""type"":""REL""},{""columnName"":""PRIORITY"",""sequenceNumber"":328,""name"":""FK_SPN_RECLASS"",""type"":""REL""},{""columnName"":""DATA_SOURCE_ID"",""sequenceNumber"":329,""name"":""FK_SPN_RECLASS"",""type"":""REL""},{""columnName"":""CUSTOMER_ID"",""sequenceNumber"":330,""name"":""FK_FPM_AGG"",""type"":""REL""},{""columnName"":""PERIOD_ID"",""sequenceNumber"":331,""name"":""FK_FPM_AGG"",""type"":""REL""},{""columnName"":""UNIFIED_CUSTOMER_ID"",""sequenceNumber"":332,""name"":""FK_FPM_AGG"",""type"":""REL""},{""columnName"":""LIMIT_DPD"",""sequenceNumber"":333,""name"":""FK_FPM_AGG"",""type"":""REL""},{""columnName"":""OVERDRAWN_DPD"",""sequenceNumber"":334,""name"":""FK_FPM_AGG"",""type"":""REL""},{""columnName"":""PRINCIPAL_DPD"",""sequenceNumber"":335,""name"":""FK_FPM_AGG"",""type"":""REL""},{""columnName"":""BILL_DPD"",""sequenceNumber"":336,""name"":""FK_FPM_AGG"",""type"":""REL""},{""columnName"":""DP_DPD"",""sequenceNumber"":337,""name"":""FK_FPM_AGG"",""type"":""REL""},{""columnName"":""INTEREST_DPD"",""sequenceNumber"":338,""name"":""FK_FPM_AGG"",""type"":""REL""},{""columnName"":""PAYLATER_DPD"",""sequenceNumber"":339,""name"":""FK_FPM_AGG"",""type"":""REL""},{""columnName"":""OUT_OF_ORDER_DPD"",""sequenceNumber"":340,""name"":""FK_FPM_AGG"",""type"":""REL""},{""columnName"":""DFS_DPD"",""sequenceNumber"":341,""name"":""FK_FPM_AGG"",""type"":""REL""},{""columnName"":""OUTSTANDING_INTEREST_AMT"",""sequenceNumber"":121,""name"":""OUTSTANDING_INTEREST_AMT"",""type"":""ENT""},{""columnName"":""OUTSTANDING_PRINC_AMT"",""sequenceNumber"":122,""name"":""OUTSTANDING_PRINC_AMT"",""type"":""ENT""},{""columnName"":""OUTSTANDING_CHARGES_AMT"",""sequenceNumber"":123,""name"":""OUTSTANDING_CHARGES_AMT"",""type"":""ENT""},{""columnName"":""APPROVED_AMT"",""sequenceNumber"":124,""name"":""APPROVED_AMT"",""type"":""ENT""},{""columnName"":""GROSS_NPA"",""sequenceNumber"":125,""name"":""GROSS_NPA"",""type"":""ENT""},{""columnName"":""NET_NPA"",""sequenceNumber"":126,""name"":""NET_NPA"",""type"":""ENT""},{""columnName"":""OVERDUE_AMT"",""sequenceNumber"":127,""name"":""OVERDUE_AMT"",""type"":""ENT""},{""columnName"":""OVERDUE_INTEREST_AMT"",""sequenceNumber"":128,""name"":""OVERDUE_INTEREST_AMT"",""type"":""ENT""},{""columnName"":""OVERDUE_OTHER_AMT"",""sequenceNumber"":129,""name"":""OVERDUE_OTHER_AMT"",""type"":""ENT""},{""columnName"":""OVERDUE_PRINCIPAL_AMT"",""sequenceNumber"":130,""name"":""OVERDUE_PRINCIPAL_AMT"",""type"":""ENT""},{""columnName"":""OUTSTANDING_AMT_ACY"",""sequenceNumber"":131,""name"":""OUTSTANDING_AMT_ACY"",""type"":""ENT""},{""columnName"":""MARK_TO_MARKET_AMT"",""sequenceNumber"":132,""name"":""MARK_TO_MARKET_AMT"",""type"":""ENT""},{""columnName"":""ASSET_CLASS_DAYS"",""sequenceNumber"":133,""name"":""ASSET_CLASS_DAYS"",""type"":""ENT""},{""columnName"":""ASSET_CLASS_ID"",""sequenceNumber"":134,""name"":""ASSET_CLASS_ID"",""type"":""ENT""},{""columnName"":""CLASSIFICATION_DATE"",""sequenceNumber"":135,""name"":""CLASSIFICATION_DATE"",""type"":""ENT""},{""columnName"":""RECLASS_ASSET_ID"",""sequenceNumber"":136,""name"":""RECLASS_ASSET_ID"",""type"":""ENT""},{""columnName"":""FREE_DATE_4"",""sequenceNumber"":137,""name"":""FREE_DATE_4"",""type"":""ENT""},{""columnName"":""FREE_DATE_5"",""sequenceNumber"":138,""name"":""FREE_DATE_5"",""type"":""ENT""},{""columnName"":""PRODUCT_STATUS_ID"",""sequenceNumber"":139,""name"":""PRODUCT_STATUS_ID"",""type"":""ENT""},{""columnName"":""CUSTOMER_TYPE_ID"",""sequenceNumber"":140,""name"":""CUSTOMER_TYPE_ID"",""type"":""ENT""},{""columnName"":""BUSINESS_GROUP"",""sequenceNumber"":141,""name"":""BUSINESS_GROUP"",""type"":""ENT""},{""columnName"":""SERVICE_OUTLET_ID"",""sequenceNumber"":142,""name"":""SERVICE_OUTLET_ID"",""type"":""ENT""},{""columnName"":""SCHEME_ID"",""sequenceNumber"":143,""name"":""SCHEME_ID"",""type"":""ENT""},{""columnName"":""PRINCIPAL_DPD"",""sequenceNumber"":144,""name"":""PRINCIPAL_DPD"",""type"":""ENT""},{""columnName"":""SOURCE_PROVISION_PRINCIPAL_AMT"",""sequenceNumber"":145,""name"":""SOURCE_PROVISION_PRINCIPAL_AMT"",""type"":""ENT""},{""columnName"":""SOURCE_PROV_PERCENT_SECURED"",""sequenceNumber"":146,""name"":""SOURCE_PROV_PERCENT_SECURED"",""type"":""ENT""},{""columnName"":""SOURCE_PROV_PERCENT_UNSECURED"",""sequenceNumber"":147,""name"":""SOURCE_PROV_PERCENT_UNSECURED"",""type"":""ENT""},{""columnName"":""NO_OF_PAST_DUE_INSTALLMENTS"",""sequenceNumber"":148,""name"":""NO_OF_PAST_DUE_INSTALLMENTS"",""type"":""ENT""},{""columnName"":""PROVISION_TYPE_ID"",""sequenceNumber"":149,""name"":""PROVISION_TYPE_ID"",""type"":""ENT""},{""columnName"":""PRINCIPAL_COA_ID"",""sequenceNumber"":150,""name"":""PRINCIPAL_COA_ID"",""type"":""ENT""},{""columnName"":""INTEREST_COA_ID"",""sequenceNumber"":151,""name"":""INTEREST_COA_ID"",""type"":""ENT""},{""columnName"":""INTEREST_CREDIT_YTD"",""sequenceNumber"":152,""name"":""INTEREST_CREDIT_YTD"",""type"":""ENT""},{""columnName"":""AGGREGATE_EXPOSURE_AMT"",""sequenceNumber"":153,""name"":""AGGREGATE_EXPOSURE_AMT"",""type"":""ENT""},{""columnName"":""PAST_DUE_INTEREST_COA_ID"",""sequenceNumber"":154,""name"":""PAST_DUE_INTEREST_COA_ID"",""type"":""ENT""},{""columnName"":""PAST_DUE_PRINCIPAL_COA_ID"",""sequenceNumber"":155,""name"":""PAST_DUE_PRINCIPAL_COA_ID"",""type"":""ENT""},{""columnName"":""PRI_RESTRUCTR_ASSET_CLASS_ID"",""sequenceNumber"":156,""name"":""PRI_RESTRUCTR_ASSET_CLASS_ID"",""type"":""ENT""},{""columnName"":""RECOVERED_INT_AMT"",""sequenceNumber"":157,""name"":""RECOVERED_INT_AMT"",""type"":""ENT""},{""columnName"":""RECOVERED_PRIN_AMT"",""sequenceNumber"":158,""name"":""RECOVERED_PRIN_AMT"",""type"":""ENT""},{""columnName"":""REMARKS"",""sequenceNumber"":159,""name"":""REMARKS"",""type"":""ENT""},{""columnName"":""REPAYMENT_START_DATE"",""sequenceNumber"":160,""name"":""REPAYMENT_START_DATE"",""type"":""ENT""},{""columnName"":""RESTRUCTURE_ACCT_UPGRADE_DATE"",""sequenceNumber"":161,""name"":""RESTRUCTURE_ACCT_UPGRADE_DATE"",""type"":""ENT""},{""columnName"":""RESTRUCTURED_DATE"",""sequenceNumber"":162,""name"":""RESTRUCTURED_DATE"",""type"":""ENT""},{""columnName"":""RESTRUCTURED_IND"",""sequenceNumber"":163,""name"":""RESTRUCTURED_IND"",""type"":""ENT""},{""columnName"":""REVIEW_PERIOD_END_DATE"",""sequenceNumber"":164,""name"":""REVIEW_PERIOD_END_DATE"",""type"":""ENT""},{""columnName"":""REVIEW_PERIOD_START_DATE"",""sequenceNumber"":165,""name"":""REVIEW_PERIOD_START_DATE"",""type"":""ENT""},{""columnName"":""DATE_LAST_CREDIT_MONITORED"",""sequenceNumber"":166,""name"":""DATE_LAST_CREDIT_MONITORED"",""type"":""ENT""},{""columnName"":""STOCK_STMT_SUBMISSION_DATE"",""sequenceNumber"":167,""name"":""STOCK_STMT_SUBMISSION_DATE"",""type"":""ENT""},{""columnName"":""DELIQUENCY_STRING"",""sequenceNumber"":168,""name"":""DELIQUENCY_STRING"",""type"":""ENT""},{""columnName"":""AGRI_TYPE_ID"",""sequenceNumber"":169,""name"":""AGRI_TYPE_ID"",""type"":""ENT""},{""columnName"":""COUNTRY_ID"",""sequenceNumber"":170,""name"":""COUNTRY_ID"",""type"":""ENT""},{""columnName"":""PRIORITY_SECTOR_ID"",""sequenceNumber"":171,""name"":""PRIORITY_SECTOR_ID"",""type"":""ENT""},{""columnName"":""CRA_RATING_1_ID"",""sequenceNumber"":172,""name"":""CRA_RATING_1_ID"",""type"":""ENT""},{""columnName"":""CRA_RATING_2_ID"",""sequenceNumber"":173,""name"":""CRA_RATING_2_ID"",""type"":""ENT""},{""columnName"":""CUSTOMER_TYPE_ID"",""sequenceNumber"":174,""name"":""FK_CUSTOMER_TYPE"",""type"":""REL""},{""columnName"":""PARENT_CUSTOMER_TYPE_ID"",""sequenceNumber"":175,""name"":""FK_CUSTOMER_TYPE"",""type"":""REL""},{""columnName"":""CUSTOMER_TYPE_BKEY"",""sequenceNumber"":176,""name"":""FK_CUSTOMER_TYPE"",""type"":""REL""},{""columnName"":""CUSTOMER_TYPE_UCID"",""sequenceNumber"":177,""name"":""FK_CUSTOMER_TYPE"",""type"":""REL""},{""columnName"":""CUSTOMER_TYPE_DESC"",""sequenceNumber"":178,""name"":""FK_CUSTOMER_TYPE"",""type"":""REL""},{""columnName"":""CUSTOMER_TYPE_DESC_ALT_LANG"",""sequenceNumber"":179,""name"":""FK_CUSTOMER_TYPE"",""type"":""REL""},{""columnName"":""IS_ACTIVE"",""sequenceNumber"":180,""name"":""FK_CUSTOMER_TYPE"",""type"":""REL""},{""columnName"":""DATA_SOURCE_ID"",""sequenceNumber"":181,""name"":""FK_CUSTOMER_TYPE"",""type"":""REL""},{""columnName"":""LOAD_EXECUTION_ID"",""sequenceNumber"":182,""name"":""FK_CUSTOMER_TYPE"",""type"":""REL""},{""columnName"":""LEVEL_NUMBER"",""sequenceNumber"":183,""name"":""FK_CUSTOMER_TYPE"",""type"":""REL""},{""columnName"":""LEVEL_DESCRIPTION"",""sequenceNumber"":184,""name"":""FK_CUSTOMER_TYPE"",""type"":""REL""},{""columnName"":""PRODUCT_ID"",""sequenceNumber"":185,""name"":""FK_STD_PRODUCT"",""type"":""REL""},{""columnName"":""PRODUCT_BKEY"",""sequenceNumber"":186,""name"":""FK_STD_PRODUCT"",""type"":""REL""},{""columnName"":""PRODUCT_UCID"",""sequenceNumber"":187,""name"":""FK_STD_PRODUCT"",""type"":""REL""},{""columnName"":""PRODUCT_DESC"",""sequenceNumber"":188,""name"":""FK_STD_PRODUCT"",""type"":""REL""},{""columnName"":""DATA_SOURCE_ID"",""sequenceNumber"":189,""name"":""FK_STD_PRODUCT"",""type"":""REL""},{""columnName"":""LOAD_EXECUTION_ID"",""sequenceNumber"":190,""name"":""FK_STD_PRODUCT"",""type"":""REL""},{""columnName"":""PRODUCT_CLASS"",""sequenceNumber"":191,""name"":""FK_STD_PRODUCT"",""type"":""REL""},{""columnName"":""TYPE_OF_FUND"",""sequenceNumber"":192,""name"":""FK_STD_PRODUCT"",""type"":""REL""},{""columnName"":""IS_CROSSNPA_REQUIRED"",""sequenceNumber"":193,""name"":""FK_STD_PRODUCT"",""type"":""REL""},{""columnName"":""EARLY_WARNING_THRESHOLD_AMT"",""sequenceNumber"":194,""name"":""FK_STD_PRODUCT"",""type"":""REL""},{""columnName"":""NPA_ACTION_ID"",""sequenceNumber"":195,""name"":""FK_NPA_ACTION"",""type"":""REL""},{""columnName"":""NPA_ACTION_CODE"",""sequenceNumber"":196,""name"":""FK_NPA_ACTION"",""type"":""REL""},{""columnName"":""NPA_ACTION_DESC"",""sequenceNumber"":197,""name"":""FK_NPA_ACTION"",""type"":""REL""},{""columnName"":""NPA_ACTION_DETAILS"",""sequenceNumber"":198,""name"":""FK_NPA_ACTION"",""type"":""REL""},{""columnName"":""SYSTEM_ENTRY_TIME"",""sequenceNumber"":199,""name"":""FK_NPA_ACTION"",""type"":""REL""},{""columnName"":""PRIORITY"",""sequenceNumber"":200,""name"":""FK_NPA_ACTION"",""type"":""REL""},{""columnName"":""DATA_SOURCE_ID"",""sequenceNumber"":201,""name"":""FK_NPA_ACTION"",""type"":""REL""},{""columnName"":""NPA_ID"",""sequenceNumber"":202,""name"":""FK_NPA_CODE"",""type"":""REL""},{""columnName"":""NPA_CODE"",""sequenceNumber"":203,""name"":""FK_NPA_CODE"",""type"":""REL""},{""columnName"":""NPA_CODE_DESC"",""sequenceNumber"":204,""name"":""FK_NPA_CODE"",""type"":""REL""},{""columnName"":""SYSTEM_ENTRY_TIME"",""sequenceNumber"":205,""name"":""FK_NPA_CODE"",""type"":""REL""},{""columnName"":""USER_NAME"",""sequenceNumber"":206,""name"":""FK_SPN"",""type"":""REL""},{""columnName"":""USER_NPA_TAG"",""sequenceNumber"":207,""name"":""FK_SPN"",""type"":""REL""},{""columnName"":""VERSION_ID"",""sequenceNumber"":208,""name"":""FK_SPN"",""type"":""REL""},{""columnName"":""WRITE_OFF_AMT"",""sequenceNumber"":209,""name"":""FK_SPN"",""type"":""REL""},{""columnName"":""IS_WRITTEN_OFF"",""sequenceNumber"":210,""name"":""FK_SPN"",""type"":""REL""},{""columnName"":""WRITE_OFF_INT_AMT"",""sequenceNumber"":211,""name"":""FK_SPN"",""type"":""REL""},{""columnName"":""WRITE_OFF_PRIN_AMT"",""sequenceNumber"":212,""name"":""FK_SPN"",""type"":""REL""},{""columnName"":""WRITTEN_OFF_DATE"",""sequenceNumber"":213,""name"":""FK_SPN"",""type"":""REL""},{""columnName"":""INTERNAL_RATING_ID"",""sequenceNumber"":214,""name"":""FK_SPN"",""type"":""REL""},{""columnName"":""IS_RATING_DOWNGRADED"",""sequenceNumber"":215,""name"":""FK_SPN"",""type"":""REL""},{""columnName"":""CUSTOMER_CATEGORY_ID"",""sequenceNumber"":216,""name"":""FK_SPN"",""type"":""REL""},{""columnName"":""CUST_PORTFOLIO_VALUE"",""sequenceNumber"":217,""name"":""FK_SPN"",""type"":""REL""},{""columnName"":""FAIR_VALUE"",""sequenceNumber"":218,""name"":""FK_SPN"",""type"":""REL""},{""columnName"":""INTOS_ON_NPA_DATE"",""sequenceNumber"":219,""name"":""FK_SPN"",""type"":""REL""},{""columnName"":""PRINOS_ON_NPA_DATE"",""sequenceNumber"":220,""name"":""FK_SPN"",""type"":""REL""},{""columnName"":""OVERDUE_INTEREST_AMT"",""sequenceNumber"":221,""name"":""FK_SPN"",""type"":""REL""},{""columnName"":""PRI_RESTRUCTR_ASSET_CLASS_ID"",""sequenceNumber"":222,""name"":""FK_SPN"",""type"":""REL""},{""columnName"":""ACCT_OPEN_DATE"",""sequenceNumber"":223,""name"":""FK_SPN"",""type"":""REL""},{""columnName"":""NO_OF_PAST_DUE_INSTALLMENTS"",""sequenceNumber"":224,""name"":""FK_SPN"",""type"":""REL""},{""columnName"":""DELIQUENCY_STRING"",""sequenceNumber"":225,""name"":""FK_SPN"",""type"":""REL""},{""columnName"":""FREE_TEXT_1"",""sequenceNumber"":226,""name"":""FK_SPN"",""type"":""REL""},{""columnName"":""FREE_TEXT_2"",""sequenceNumber"":227,""name"":""FK_SPN"",""type"":""REL""},{""columnName"":""FREE_TEXT_3"",""sequenceNumber"":228,""name"":""FK_SPN"",""type"":""REL""},{""columnName"":""FREE_TEXT_4"",""sequenceNumber"":229,""name"":""FK_SPN"",""type"":""REL""},{""columnName"":""FREE_TEXT_5"",""sequenceNumber"":230,""name"":""FK_SPN"",""type"":""REL""},{""columnName"":""FREE_DATE_1"",""sequenceNumber"":231,""name"":""FK_SPN"",""type"":""REL""},{""columnName"":""FREE_DATE_2"",""sequenceNumber"":232,""name"":""FK_SPN"",""type"":""REL""},{""columnName"":""FREE_DATE_3"",""sequenceNumber"":233,""name"":""FK_SPN"",""type"":""REL""},{""columnName"":""FREE_DATE_4"",""sequenceNumber"":234,""name"":""FK_SPN"",""type"":""REL""},{""columnName"":""FREE_DATE_5"",""sequenceNumber"":235,""name"":""FK_SPN"",""type"":""REL""},{""columnName"":""FREE_AMT_1"",""sequenceNumber"":236,""name"":""FK_SPN"",""type"":""REL""},{""columnName"":""FREE_AMT_2"",""sequenceNumber"":237,""name"":""FK_SPN"",""type"":""REL""},{""columnName"":""FREE_AMT_3"",""sequenceNumber"":238,""name"":""FK_SPN"",""type"":""REL""},{""columnName"":""FREE_AMT_4"",""sequenceNumber"":239,""name"":""FK_SPN"",""type"":""REL""},{""columnName"":""FREE_AMT_5"",""sequenceNumber"":240,""name"":""FK_SPN"",""type"":""REL""},{""columnName"":""SOURCE_NPA_FLAG"",""sequenceNumber"":241,""name"":""FK_SPN"",""type"":""REL""},{""columnName"":""SOURCE_NPA_DATE"",""sequenceNumber"":242,""name"":""FK_SPN"",""type"":""REL""},{""columnName"":""SOURCE_ASSET_CLASS_CODE"",""sequenceNumber"":243,""name"":""FK_SPN"",""type"":""REL""},{""columnName"":""SOURCE_PROVISION_PRINCIPAL_AMT"",""sequenceNumber"":244,""name"":""FK_SPN"",""type"":""REL""},{""columnName"":""SOURCE_PROVISION_INTEREST_AMT"",""sequenceNumber"":245,""name"":""FK_SPN"",""type"":""REL""},{""columnName"":""SOURCE_PROV_PERCENT_SECURED"",""sequenceNumber"":246,""name"":""FK_SPN"",""type"":""REL""},{""columnName"":""SOURCE_PROV_PERCENT_UNSECURED"",""sequenceNumber"":247,""name"":""FK_SPN"",""type"":""REL""},{""columnName"":""PERIOD_ID"",""sequenceNumber"":248,""name"":""FK_SPN"",""type"":""REL""},{""columnName"":""DATA_SOURCE_ID"",""sequenceNumber"":249,""name"":""FK_SPN"",""type"":""REL""},{""columnName"":""PRODUCT_INSTANCE_BKEY"",""sequenceNumber"":250,""name"":""FK_SPN"",""type"":""REL""},{""columnName"":""PRODUCT_INSTANCE_ID"",""sequenceNumber"":251,""name"":""FK_SPN"",""type"":""REL""},{""columnName"":""CUSTOMER_BKEY"",""sequenceNumber"":252,""name"":""FK_SPN"",""type"":""REL""},{""columnName"":""CUSTOMER_ID"",""sequenceNumber"":253,""name"":""FK_SPN"",""type"":""REL""},{""columnName"":""CUSTOMER_NAME"",""sequenceNumber"":254,""name"":""FK_SPN"",""type"":""REL""},{""columnName"":""PRODUCT_SYSTEM"",""sequenceNumber"":255,""name"":""FK_SPN"",""type"":""REL""},{""columnName"":""PRODUCT_TYPE_ID"",""sequenceNumber"":256,""name"":""FK_SPN"",""type"":""REL""},{""columnName"":""ASSET_CLASSIFICATION_ID"",""sequenceNumber"":257,""name"":""FK_SPN"",""type"":""REL""},{""columnName"":""CLASSIFICATION_DATE"",""sequenceNumber"":258,""name"":""FK_SPN"",""type"":""REL""},{""columnName"":""RECLASS_ASSET_ID"",""sequenceNumber"":259,""name"":""FK_SPN"",""type"":""REL""},{""columnName"":""CROSS_NPA_DATE"",""sequenceNumber"":260,""name"":""FK_SPN"",""type"":""REL""},{""columnName"":""COBO_CROSS_NPA_DATE"",""sequenceNumber"":261,""name"":""FK_SPN"",""type"":""REL""},{""columnName"":""COBO_RECLASS_ASSET_ID"",""sequenceNumber"":262,""name"":""FK_SPN"",""type"":""REL""},{""columnName"":""CAUSAL_ACCOUNT"",""sequenceNumber"":263,""name"":""FK_SPN"",""type"":""REL""},{""columnName"":""NPA_STD_PRODUCT_TYPE_ID"",""sequenceNumber"":264,""name"":""FK_SPN"",""type"":""REL""},{""columnName"":""NPA_DATE"",""sequenceNumber"":265,""name"":""FK_SPN"",""type"":""REL""}]}",
FCT_PRODUCT_MASTER,NPA_STD_PRODUCT_TYPE_ID,Physical,Decision Table,"IF(AND(ISEMPTY(""FCT_PRODUCT_MASTER"".""RESTRUCTURED_DATE""),(""FCT_PRODUCT_MASTER"".""RESTRUCTURED_IND"")IN[""N""],(OR(AND((""FCT_PRODUCT_MASTER"".""fK_PRODUCT_TYPE"".""PRODUCT_TYPE_BKEY"") == ""OD"",(""FCT_PRODUCT_MASTER"".""fK_PRODUCT_TYPE"".""DATA_SOURCE_ID"") == 1))))) THEN(""10#@@#Over Drafts"") ELSEIF(AND(ISEMPTY(""FCT_PRODUCT_MASTER"".""RESTRUCTURED_DATE""),(""FCT_PRODUCT_MASTER"".""RESTRUCTURED_IND"") == ""N"",(OR(AND((""FCT_PRODUCT_MASTER"".""fK_PRODUCT_TYPE"".""PRODUCT_TYPE_BKEY"") == ""HL"",(""FCT_PRODUCT_MASTER"".""fK_PRODUCT_TYPE"".""DATA_SOURCE_ID"") == 1))))) THEN(""9#@@#Home Loans"") ELSEIF(AND(ISEMPTY(""FCT_PRODUCT_MASTER"".""RESTRUCTURED_DATE""),(""FCT_PRODUCT_MASTER"".""RESTRUCTURED_IND"") == ""N"",(OR(AND((""FCT_PRODUCT_MASTER"".""fK_PRODUCT_TYPE"".""PRODUCT_TYPE_BKEY"") == ""TL"",(""FCT_PRODUCT_MASTER"".""fK_PRODUCT_TYPE"".""DATA_SOURCE_ID"") == 1))))) THEN(""6#@@#Term Loans"") ELSEIF(AND(ISEMPTY(""FCT_PRODUCT_MASTER"".""RESTRUCTURED_DATE""),(""FCT_PRODUCT_MASTER"".""RESTRUCTURED_IND"") == ""N"",(OR(AND((""FCT_PRODUCT_MASTER"".""fK_PRODUCT_TYPE"".""PRODUCT_TYPE_BKEY"") == ""CARDS"",(""FCT_PRODUCT_MASTER"".""fK_PRODUCT_TYPE"".""DATA_SOURCE_ID"") == 2))))) THEN(""4#@@#Cards"") ELSEIF(AND(ISEMPTY(""FCT_PRODUCT_MASTER"".""RESTRUCTURED_DATE""),(""FCT_PRODUCT_MASTER"".""RESTRUCTURED_IND"") == ""N"",(OR(AND((""FCT_PRODUCT_MASTER"".""fK_PRODUCT_TYPE"".""PRODUCT_TYPE_BKEY"") == ""Agri"",(""FCT_PRODUCT_MASTER"".""fK_PRODUCT_TYPE"".""DATA_SOURCE_ID"") == 1))))) THEN(""1#@@#Agriculture Loan"") ELSEIF(AND(ISEMPTY(""FCT_PRODUCT_MASTER"".""RESTRUCTURED_DATE""),(""FCT_PRODUCT_MASTER"".""RESTRUCTURED_IND"") == ""N"",(OR(AND((""FCT_PRODUCT_MASTER"".""fK_PRODUCT_TYPE"".""PRODUCT_TYPE_BKEY"") == ""CC"",(""FCT_PRODUCT_MASTER"".""fK_PRODUCT_TYPE"".""DATA_SOURCE_ID"") == 1))))) THEN(""2#@@#Cash Credit"") ELSEIF(AND(ISEMPTY(""FCT_PRODUCT_MASTER"".""RESTRUCTURED_DATE""),(""FCT_PRODUCT_MASTER"".""RESTRUCTURED_IND"") == ""N"",(OR(AND((""FCT_PRODUCT_MASTER"".""fK_PRODUCT_TYPE"".""PRODUCT_TYPE_BKEY"") == ""BNPL"",(""FCT_PRODUCT_MASTER"".""fK_PRODUCT_TYPE"".""DATA_SOURCE_ID"") == 1))))) THEN(""3#@@#Buy Now Pay Later "") ELSEIF(AND(ISEMPTY(""FCT_PRODUCT_MASTER"".""RESTRUCTURED_DATE""),(""FCT_PRODUCT_MASTER"".""RESTRUCTURED_IND"") == ""N"",(OR(AND((""FCT_PRODUCT_MASTER"".""fK_PRODUCT_TYPE"".""PRODUCT_TYPE_BKEY"") == ""BL"",(""FCT_PRODUCT_MASTER"".""fK_PRODUCT_TYPE"".""DATA_SOURCE_ID"") == 1))))) THEN(""5#@@#Business Loan"") ELSEIF(AND(ISEMPTY(""FCT_PRODUCT_MASTER"".""RESTRUCTURED_DATE""),(""FCT_PRODUCT_MASTER"".""RESTRUCTURED_IND"") == ""N"",(OR(AND((""FCT_PRODUCT_MASTER"".""fK_PRODUCT_TYPE"".""PRODUCT_TYPE_BKEY"") == ""PL"",(""FCT_PRODUCT_MASTER"".""fK_PRODUCT_TYPE"".""DATA_SOURCE_ID"") == 1))))) THEN(""7#@@#Personal Loan"") ELSEIF(AND(ISEMPTY(""FCT_PRODUCT_MASTER"".""RESTRUCTURED_DATE""),(""FCT_PRODUCT_MASTER"".""RESTRUCTURED_IND"") == ""N"",(OR(AND((""FCT_PRODUCT_MASTER"".""fK_PRODUCT_TYPE"".""PRODUCT_TYPE_BKEY"") == ""CL"",(""FCT_PRODUCT_MASTER"".""fK_PRODUCT_TYPE"".""DATA_SOURCE_ID"") == 1))))) THEN(""8#@@#Car Loan"") ELSEIF(AND(ISEMPTY(""FCT_PRODUCT_MASTER"".""RESTRUCTURED_DATE""),(""FCT_PRODUCT_MASTER"".""RESTRUCTURED_IND"") == ""N"",(OR(AND((""FCT_PRODUCT_MASTER"".""fK_PRODUCT_TYPE"".""PRODUCT_TYPE_BKEY"") == ""BILLS"",(""FCT_PRODUCT_MASTER"".""fK_PRODUCT_TYPE"".""DATA_SOURCE_ID"") == 1))))) THEN(""11#@@#Bills"") ELSE(""-1#@@#Default"")",20-07-2026,ACTIVE,number,"{""decisionTableDetails"":[{""derivedValue"":""OD"",""sequenceNumber"":1,""conditionName"":""Over Drafts"",""conditionalLinksInfo"":[{""columnName"":""RESTRUCTURED_DATE"",""operator"":""ISEMPTY"",""rangeFrom"":"""",""rangeTo"":"""",""value"":"""",""name"":""RESTRUCTURED_DATE"",""type"":""ENT"",""isFilterSet"":""""},{""columnName"":""RESTRUCTURED_IND"",""operator"":""IN"",""rangeFrom"":"""",""rangeTo"":"""",""value"":""N"",""name"":""RESTRUCTURED_IND"",""type"":""ENT"",""isFilterSet"":""""},{""columnName"":""PRODUCT_TYPE_ID"",""operator"":""IN"",""rangeFrom"":"""",""rangeTo"":"""",""value"":"""",""name"":""PRODUCT_TYPE_ID"",""type"":""ENT"",""isFilterSet"":"""",""responseDDLookupColumnVO"":{""ddLookupColumnJSON"":{""ddLookupColumnListVOs"":[{""ddLookupColumnDerivedValuesVOs"":[{""columnName"":""PRODUCT_TYPE_ID"",""relationshipName"":""fK_PRODUCT_TYPE"",""columnType"":""ID"",""columnValue"":""10"",""columnUuid"":""a69272b7-a565-4f48-bda4-7426aa80d0d4"",""columnSequence"":-1,""isSelected"":false,""isVisible"":false,""dataTypeTechnicalName"":""Integer""},{""columnName"":""PRODUCT_TYPE_BKEY"",""relationshipName"":""fK_PRODUCT_TYPE"",""columnType"":""BKEY"",""columnValue"":""OD"",""columnUuid"":""a0f1a64c-74fa-479d-acb2-8477e748261c"",""columnSequence"":1,""isSelected"":false,""isVisible"":true,""dataTypeTechnicalName"":""String""},{""columnName"":""DATA_SOURCE_ID"",""relationshipName"":""fK_PRODUCT_TYPE"",""columnType"":""DATASOURCEID"",""columnValue"":""1"",""columnUuid"":""2cec2b06-a973-485e-973e-fbf4e6f290bf"",""columnSequence"":-1,""isSelected"":false,""isVisible"":false,""dataTypeTechnicalName"":""Integer""},{""columnName"":""DATA_SOURCE_NAME"",""relationshipName"":""FK_DATA_SOURCE"",""columnType"":""DATASOURCEBKEY"",""columnValue"":""CBS"",""columnUuid"":""25a9d36f-5cfc-4950-bece-41b94b4536bf"",""columnSequence"":2,""isSelected"":false,""isVisible"":true,""dataTypeTechnicalName"":""String""}]}],""isIdToBkey"":false,""relationshipName"":null},""linkedEntityName"":""DIM_PRODUCT_TYPE""}}]},{""derivedValue"":""HL"",""sequenceNumber"":2,""conditionName"":""Home Loans"",""conditionalLinksInfo"":[{""columnName"":""RESTRUCTURED_DATE"",""operator"":""ISEMPTY"",""rangeFrom"":"""",""rangeTo"":"""",""value"":"""",""name"":""RESTRUCTURED_DATE"",""type"":""ENT"",""isFilterSet"":""""},{""columnName"":""RESTRUCTURED_IND"",""operator"":""=="",""rangeFrom"":"""",""rangeTo"":"""",""value"":""N"",""name"":""RESTRUCTURED_IND"",""type"":""ENT"",""isFilterSet"":""""},{""columnName"":""PRODUCT_TYPE_ID"",""operator"":""IN"",""rangeFrom"":"""",""rangeTo"":"""",""value"":"""",""name"":""PRODUCT_TYPE_ID"",""type"":""ENT"",""isFilterSet"":"""",""responseDDLookupColumnVO"":{""ddLookupColumnJSON"":{""ddLookupColumnListVOs"":[{""ddLookupColumnDerivedValuesVOs"":[{""columnName"":""PRODUCT_TYPE_ID"",""relationshipName"":""fK_PRODUCT_TYPE"",""columnType"":""ID"",""columnValue"":""9"",""columnUuid"":""40b1b43c-9835-4537-83c9-c56f6d5facc6"",""columnSequence"":-1,""isSelected"":false,""isVisible"":false,""dataTypeTechnicalName"":""Integer""},{""columnName"":""PRODUCT_TYPE_BKEY"",""relationshipName"":""fK_PRODUCT_TYPE"",""columnType"":""BKEY"",""columnValue"":""HL"",""columnUuid"":""df015611-2ba5-4c07-b8da-d34ad9c079f8"",""columnSequence"":1,""isSelected"":false,""isVisible"":true,""dataTypeTechnicalName"":""String""},{""columnName"":""DATA_SOURCE_ID"",""relationshipName"":""fK_PRODUCT_TYPE"",""columnType"":""DATASOURCEID"",""columnValue"":""1"",""columnUuid"":""f0bcab2e-01c1-44ef-860e-34cf800f871d"",""columnSequence"":-1,""isSelected"":false,""isVisible"":false,""dataTypeTechnicalName"":""Integer""},{""columnName"":""DATA_SOURCE_NAME"",""relationshipName"":""FK_DATA_SOURCE"",""columnType"":""DATASOURCEBKEY"",""columnValue"":""CBS"",""columnUuid"":""6717a013-e4f6-4549-a821-e43c737e1bc1"",""columnSequence"":2,""isSelected"":false,""isVisible"":true,""dataTypeTechnicalName"":""String""}]}],""isIdToBkey"":false,""relationshipName"":null},""linkedEntityName"":""DIM_PRODUCT_TYPE""}}]},{""derivedValue"":""TL"",""sequenceNumber"":3,""conditionName"":""Term Loans"",""conditionalLinksInfo"":[{""columnName"":""RESTRUCTURED_DATE"",""operator"":""ISEMPTY"",""rangeFrom"":"""",""rangeTo"":"""",""value"":"""",""name"":""RESTRUCTURED_DATE"",""type"":""ENT"",""isFilterSet"":""""},{""columnName"":""RESTRUCTURED_IND"",""operator"":""=="",""rangeFrom"":"""",""rangeTo"":"""",""value"":""N"",""name"":""RESTRUCTURED_IND"",""type"":""ENT"",""isFilterSet"":""""},{""columnName"":""PRODUCT_TYPE_ID"",""operator"":""IN"",""rangeFrom"":"""",""rangeTo"":"""",""value"":"""",""name"":""PRODUCT_TYPE_ID"",""type"":""ENT"",""isFilterSet"":"""",""responseDDLookupColumnVO"":{""ddLookupColumnJSON"":{""ddLookupColumnListVOs"":[{""ddLookupColumnDerivedValuesVOs"":[{""columnName"":""PRODUCT_TYPE_ID"",""relationshipName"":""fK_PRODUCT_TYPE"",""columnType"":""ID"",""columnValue"":""6"",""columnUuid"":""a69272b7-a565-4f48-bda4-7426aa80d0d4"",""columnSequence"":-1,""isSelected"":false,""isVisible"":false,""dataTypeTechnicalName"":""Integer""},{""columnName"":""PRODUCT_TYPE_BKEY"",""relationshipName"":""fK_PRODUCT_TYPE"",""columnType"":""BKEY"",""columnValue"":""TL"",""columnUuid"":""a0f1a64c-74fa-479d-acb2-8477e748261c"",""columnSequence"":1,""isSelected"":false,""isVisible"":true,""dataTypeTechnicalName"":""String""},{""columnName"":""DATA_SOURCE_ID"",""relationshipName"":""fK_PRODUCT_TYPE"",""columnType"":""DATASOURCEID"",""columnValue"":""1"",""columnUuid"":""2cec2b06-a973-485e-973e-fbf4e6f290bf"",""columnSequence"":-1,""isSelected"":false,""isVisible"":false,""dataTypeTechnicalName"":""Integer""},{""columnName"":""DATA_SOURCE_NAME"",""relationshipName"":""FK_DATA_SOURCE"",""columnType"":""DATASOURCEBKEY"",""columnValue"":""CBS"",""columnUuid"":""25a9d36f-5cfc-4950-bece-41b94b4536bf"",""columnSequence"":2,""isSelected"":false,""isVisible"":true,""dataTypeTechnicalName"":""String""}]}],""isIdToBkey"":false,""relationshipName"":null},""linkedEntityName"":""DIM_PRODUCT_TYPE""}}]},{""derivedValue"":""CARDS"",""sequenceNumber"":4,""conditionName"":""Cards"",""conditionalLinksInfo"":[{""columnName"":""RESTRUCTURED_DATE"",""operator"":""ISEMPTY"",""rangeFrom"":"""",""rangeTo"":"""",""value"":"""",""name"":""RESTRUCTURED_DATE"",""type"":""ENT"",""isFilterSet"":""""},{""columnName"":""RESTRUCTURED_IND"",""operator"":""=="",""rangeFrom"":"""",""rangeTo"":"""",""value"":""N"",""name"":""RESTRUCTURED_IND"",""type"":""ENT"",""isFilterSet"":""""},{""columnName"":""PRODUCT_TYPE_ID"",""operator"":""IN"",""rangeFrom"":"""",""rangeTo"":"""",""value"":"""",""name"":""PRODUCT_TYPE_ID"",""type"":""ENT"",""isFilterSet"":"""",""responseDDLookupColumnVO"":{""ddLookupColumnJSON"":{""ddLookupColumnListVOs"":[{""ddLookupColumnDerivedValuesVOs"":[{""columnName"":""PRODUCT_TYPE_ID"",""relationshipName"":""fK_PRODUCT_TYPE"",""columnType"":""ID"",""columnValue"":""4"",""columnUuid"":""a69272b7-a565-4f48-bda4-7426aa80d0d4"",""columnSequence"":-1,""isSelected"":false,""isVisible"":false,""dataTypeTechnicalName"":""Integer""},{""columnName"":""PRODUCT_TYPE_BKEY"",""relationshipName"":""fK_PRODUCT_TYPE"",""columnType"":""BKEY"",""columnValue"":""CARDS"",""columnUuid"":""a0f1a64c-74fa-479d-acb2-8477e748261c"",""columnSequence"":1,""isSelected"":false,""isVisible"":true,""dataTypeTechnicalName"":""String""},{""columnName"":""DATA_SOURCE_ID"",""relationshipName"":""fK_PRODUCT_TYPE"",""columnType"":""DATASOURCEID"",""columnValue"":""2"",""columnUuid"":""2cec2b06-a973-485e-973e-fbf4e6f290bf"",""columnSequence"":-1,""isSelected"":false,""isVisible"":false,""dataTypeTechnicalName"":""Integer""},{""columnName"":""DATA_SOURCE_NAME"",""relationshipName"":""FK_DATA_SOURCE"",""columnType"":""DATASOURCEBKEY"",""columnValue"":""VISIONPLUS"",""columnUuid"":""25a9d36f-5cfc-4950-bece-41b94b4536bf"",""columnSequence"":2,""isSelected"":false,""isVisible"":true,""dataTypeTechnicalName"":""String""}]}],""isIdToBkey"":false,""relationshipName"":null},""linkedEntityName"":""DIM_PRODUCT_TYPE""}}]},{""derivedValue"":""Agri"",""sequenceNumber"":5,""conditionName"":""Agriculture Loan"",""conditionalLinksInfo"":[{""columnName"":""RESTRUCTURED_DATE"",""operator"":""ISEMPTY"",""rangeFrom"":"""",""rangeTo"":"""",""value"":"""",""name"":""RESTRUCTURED_DATE"",""type"":""ENT"",""isFilterSet"":""""},{""columnName"":""RESTRUCTURED_IND"",""operator"":""=="",""rangeFrom"":"""",""rangeTo"":"""",""value"":""N"",""name"":""RESTRUCTURED_IND"",""type"":""ENT"",""isFilterSet"":""""},{""columnName"":""PRODUCT_TYPE_ID"",""operator"":""IN"",""rangeFrom"":"""",""rangeTo"":"""",""value"":"""",""name"":""PRODUCT_TYPE_ID"",""type"":""ENT"",""isFilterSet"":"""",""responseDDLookupColumnVO"":{""ddLookupColumnJSON"":{""ddLookupColumnListVOs"":[{""ddLookupColumnDerivedValuesVOs"":[{""columnName"":""PRODUCT_TYPE_ID"",""relationshipName"":""fK_PRODUCT_TYPE"",""columnType"":""ID"",""columnValue"":""1"",""columnUuid"":""a69272b7-a565-4f48-bda4-7426aa80d0d4"",""columnSequence"":-1,""isSelected"":false,""isVisible"":false,""dataTypeTechnicalName"":""Integer""},{""columnName"":""PRODUCT_TYPE_BKEY"",""relationshipName"":""fK_PRODUCT_TYPE"",""columnType"":""BKEY"",""columnValue"":""Agri"",""columnUuid"":""a0f1a64c-74fa-479d-acb2-8477e748261c"",""columnSequence"":1,""isSelected"":false,""isVisible"":true,""dataTypeTechnicalName"":""String""},{""columnName"":""DATA_SOURCE_ID"",""relationshipName"":""fK_PRODUCT_TYPE"",""columnType"":""DATASOURCEID"",""columnValue"":""1"",""columnUuid"":""2cec2b06-a973-485e-973e-fbf4e6f290bf"",""columnSequence"":-1,""isSelected"":false,""isVisible"":false,""dataTypeTechnicalName"":""Integer""},{""columnName"":""DATA_SOURCE_NAME"",""relationshipName"":""FK_DATA_SOURCE"",""columnType"":""DATASOURCEBKEY"",""columnValue"":""CBS"",""columnUuid"":""25a9d36f-5cfc-4950-bece-41b94b4536bf"",""columnSequence"":2,""isSelected"":false,""isVisible"":true,""dataTypeTechnicalName"":""String""}]}],""isIdToBkey"":false,""relationshipName"":null},""linkedEntityName"":""DIM_PRODUCT_TYPE""}}]},{""derivedValue"":""CC"",""sequenceNumber"":6,""conditionName"":""Cash Credit"",""conditionalLinksInfo"":[{""columnName"":""RESTRUCTURED_DATE"",""operator"":""ISEMPTY"",""rangeFrom"":"""",""rangeTo"":"""",""value"":"""",""name"":""RESTRUCTURED_DATE"",""type"":""ENT"",""isFilterSet"":""""},{""columnName"":""RESTRUCTURED_IND"",""operator"":""=="",""rangeFrom"":"""",""rangeTo"":"""",""value"":""N"",""name"":""RESTRUCTURED_IND"",""type"":""ENT"",""isFilterSet"":""""},{""columnName"":""PRODUCT_TYPE_ID"",""operator"":""IN"",""rangeFrom"":"""",""rangeTo"":"""",""value"":"""",""name"":""PRODUCT_TYPE_ID"",""type"":""ENT"",""isFilterSet"":"""",""responseDDLookupColumnVO"":{""ddLookupColumnJSON"":{""ddLookupColumnListVOs"":[{""ddLookupColumnDerivedValuesVOs"":[{""columnName"":""PRODUCT_TYPE_ID"",""relationshipName"":""fK_PRODUCT_TYPE"",""columnType"":""ID"",""columnValue"":""2"",""columnUuid"":""a69272b7-a565-4f48-bda4-7426aa80d0d4"",""columnSequence"":-1,""isSelected"":false,""isVisible"":false,""dataTypeTechnicalName"":""Integer""},{""columnName"":""PRODUCT_TYPE_BKEY"",""relationshipName"":""fK_PRODUCT_TYPE"",""columnType"":""BKEY"",""columnValue"":""CC"",""columnUuid"":""a0f1a64c-74fa-479d-acb2-8477e748261c"",""columnSequence"":1,""isSelected"":false,""isVisible"":true,""dataTypeTechnicalName"":""String""},{""columnName"":""DATA_SOURCE_ID"",""relationshipName"":""fK_PRODUCT_TYPE"",""columnType"":""DATASOURCEID"",""columnValue"":""1"",""columnUuid"":""2cec2b06-a973-485e-973e-fbf4e6f290bf"",""columnSequence"":-1,""isSelected"":false,""isVisible"":false,""dataTypeTechnicalName"":""Integer""},{""columnName"":""DATA_SOURCE_NAME"",""relationshipName"":""FK_DATA_SOURCE"",""columnType"":""DATASOURCEBKEY"",""columnValue"":""CBS"",""columnUuid"":""25a9d36f-5cfc-4950-bece-41b94b4536bf"",""columnSequence"":2,""isSelected"":false,""isVisible"":true,""dataTypeTechnicalName"":""String""}]}],""isIdToBkey"":false,""relationshipName"":null},""linkedEntityName"":""DIM_PRODUCT_TYPE""}}]},{""derivedValue"":""BNPL"",""sequenceNumber"":7,""conditionName"":""Buy Now Pay Later "",""conditionalLinksInfo"":[{""columnName"":""RESTRUCTURED_DATE"",""operator"":""ISEMPTY"",""rangeFrom"":"""",""rangeTo"":"""",""value"":"""",""name"":""RESTRUCTURED_DATE"",""type"":""ENT"",""isFilterSet"":""""},{""columnName"":""RESTRUCTURED_IND"",""operator"":""=="",""rangeFrom"":"""",""rangeTo"":"""",""value"":""N"",""name"":""RESTRUCTURED_IND"",""type"":""ENT"",""isFilterSet"":""""},{""columnName"":""PRODUCT_TYPE_ID"",""operator"":""IN"",""rangeFrom"":"""",""rangeTo"":"""",""value"":"""",""name"":""PRODUCT_TYPE_ID"",""type"":""ENT"",""isFilterSet"":"""",""responseDDLookupColumnVO"":{""ddLookupColumnJSON"":{""ddLookupColumnListVOs"":[{""ddLookupColumnDerivedValuesVOs"":[{""columnName"":""PRODUCT_TYPE_ID"",""relationshipName"":""fK_PRODUCT_TYPE"",""columnType"":""ID"",""columnValue"":""3"",""columnUuid"":""a69272b7-a565-4f48-bda4-7426aa80d0d4"",""columnSequence"":-1,""isSelected"":false,""isVisible"":false,""dataTypeTechnicalName"":""Integer""},{""columnName"":""PRODUCT_TYPE_BKEY"",""relationshipName"":""fK_PRODUCT_TYPE"",""columnType"":""BKEY"",""columnValue"":""BNPL"",""columnUuid"":""a0f1a64c-74fa-479d-acb2-8477e748261c"",""columnSequence"":1,""isSelected"":false,""isVisible"":true,""dataTypeTechnicalName"":""String""},{""columnName"":""DATA_SOURCE_ID"",""relationshipName"":""fK_PRODUCT_TYPE"",""columnType"":""DATASOURCEID"",""columnValue"":""1"",""columnUuid"":""2cec2b06-a973-485e-973e-fbf4e6f290bf"",""columnSequence"":-1,""isSelected"":false,""isVisible"":false,""dataTypeTechnicalName"":""Integer""},{""columnName"":""DATA_SOURCE_NAME"",""relationshipName"":""FK_DATA_SOURCE"",""columnType"":""DATASOURCEBKEY"",""columnValue"":""CBS"",""columnUuid"":""25a9d36f-5cfc-4950-bece-41b94b4536bf"",""columnSequence"":2,""isSelected"":false,""isVisible"":true,""dataTypeTechnicalName"":""String""}]}],""isIdToBkey"":false,""relationshipName"":null},""linkedEntityName"":""DIM_PRODUCT_TYPE""}}]},{""derivedValue"":""BL"",""sequenceNumber"":8,""conditionName"":""Business Loan"",""conditionalLinksInfo"":[{""columnName"":""RESTRUCTURED_DATE"",""operator"":""ISEMPTY"",""rangeFrom"":"""",""rangeTo"":"""",""value"":"""",""name"":""RESTRUCTURED_DATE"",""type"":""ENT"",""isFilterSet"":""""},{""columnName"":""RESTRUCTURED_IND"",""operator"":""=="",""rangeFrom"":"""",""rangeTo"":"""",""value"":""N"",""name"":""RESTRUCTURED_IND"",""type"":""ENT"",""isFilterSet"":""""},{""columnName"":""PRODUCT_TYPE_ID"",""operator"":""IN"",""rangeFrom"":"""",""rangeTo"":"""",""value"":"""",""name"":""PRODUCT_TYPE_ID"",""type"":""ENT"",""isFilterSet"":"""",""responseDDLookupColumnVO"":{""ddLookupColumnJSON"":{""ddLookupColumnListVOs"":[{""ddLookupColumnDerivedValuesVOs"":[{""columnName"":""PRODUCT_TYPE_ID"",""relationshipName"":""fK_PRODUCT_TYPE"",""columnType"":""ID"",""columnValue"":""5"",""columnUuid"":""a69272b7-a565-4f48-bda4-7426aa80d0d4"",""columnSequence"":-1,""isSelected"":false,""isVisible"":false,""dataTypeTechnicalName"":""Integer""},{""columnName"":""PRODUCT_TYPE_BKEY"",""relationshipName"":""fK_PRODUCT_TYPE"",""columnType"":""BKEY"",""columnValue"":""BL"",""columnUuid"":""a0f1a64c-74fa-479d-acb2-8477e748261c"",""columnSequence"":1,""isSelected"":false,""isVisible"":true,""dataTypeTechnicalName"":""String""},{""columnName"":""DATA_SOURCE_ID"",""relationshipName"":""fK_PRODUCT_TYPE"",""columnType"":""DATASOURCEID"",""columnValue"":""1"",""columnUuid"":""2cec2b06-a973-485e-973e-fbf4e6f290bf"",""columnSequence"":-1,""isSelected"":false,""isVisible"":false,""dataTypeTechnicalName"":""Integer""},{""columnName"":""DATA_SOURCE_NAME"",""relationshipName"":""FK_DATA_SOURCE"",""columnType"":""DATASOURCEBKEY"",""columnValue"":""CBS"",""columnUuid"":""25a9d36f-5cfc-4950-bece-41b94b4536bf"",""columnSequence"":2,""isSelected"":false,""isVisible"":true,""dataTypeTechnicalName"":""String""}]}],""isIdToBkey"":false,""relationshipName"":null},""linkedEntityName"":""DIM_PRODUCT_TYPE""}}]},{""derivedValue"":""PL"",""sequenceNumber"":9,""conditionName"":""Personal Loan"",""conditionalLinksInfo"":[{""columnName"":""RESTRUCTURED_DATE"",""operator"":""ISEMPTY"",""rangeFrom"":"""",""rangeTo"":"""",""value"":"""",""name"":""RESTRUCTURED_DATE"",""type"":""ENT"",""isFilterSet"":""""},{""columnName"":""RESTRUCTURED_IND"",""operator"":""=="",""rangeFrom"":"""",""rangeTo"":"""",""value"":""N"",""name"":""RESTRUCTURED_IND"",""type"":""ENT"",""isFilterSet"":""""},{""columnName"":""PRODUCT_TYPE_ID"",""operator"":""IN"",""rangeFrom"":"""",""rangeTo"":"""",""value"":"""",""name"":""PRODUCT_TYPE_ID"",""type"":""ENT"",""isFilterSet"":"""",""responseDDLookupColumnVO"":{""ddLookupColumnJSON"":{""ddLookupColumnListVOs"":[{""ddLookupColumnDerivedValuesVOs"":[{""columnName"":""PRODUCT_TYPE_ID"",""relationshipName"":""fK_PRODUCT_TYPE"",""columnType"":""ID"",""columnValue"":""7"",""columnUuid"":""a69272b7-a565-4f48-bda4-7426aa80d0d4"",""columnSequence"":-1,""isSelected"":false,""isVisible"":false,""dataTypeTechnicalName"":""Integer""},{""columnName"":""PRODUCT_TYPE_BKEY"",""relationshipName"":""fK_PRODUCT_TYPE"",""columnType"":""BKEY"",""columnValue"":""PL"",""columnUuid"":""a0f1a64c-74fa-479d-acb2-8477e748261c"",""columnSequence"":1,""isSelected"":false,""isVisible"":true,""dataTypeTechnicalName"":""String""},{""columnName"":""DATA_SOURCE_ID"",""relationshipName"":""fK_PRODUCT_TYPE"",""columnType"":""DATASOURCEID"",""columnValue"":""1"",""columnUuid"":""2cec2b06-a973-485e-973e-fbf4e6f290bf"",""columnSequence"":-1,""isSelected"":false,""isVisible"":false,""dataTypeTechnicalName"":""Integer""},{""columnName"":""DATA_SOURCE_NAME"",""relationshipName"":""FK_DATA_SOURCE"",""columnType"":""DATASOURCEBKEY"",""columnValue"":""CBS"",""columnUuid"":""25a9d36f-5cfc-4950-bece-41b94b4536bf"",""columnSequence"":2,""isSelected"":false,""isVisible"":true,""dataTypeTechnicalName"":""String""}]}],""isIdToBkey"":false,""relationshipName"":null},""linkedEntityName"":""DIM_PRODUCT_TYPE""}}]},{""derivedValue"":""CL"",""sequenceNumber"":10,""conditionName"":""Car Loan"",""conditionalLinksInfo"":[{""columnName"":""RESTRUCTURED_DATE"",""operator"":""ISEMPTY"",""rangeFrom"":"""",""rangeTo"":"""",""value"":"""",""name"":""RESTRUCTURED_DATE"",""type"":""ENT"",""isFilterSet"":""""},{""columnName"":""RESTRUCTURED_IND"",""operator"":""=="",""rangeFrom"":"""",""rangeTo"":"""",""value"":""N"",""name"":""RESTRUCTURED_IND"",""type"":""ENT"",""isFilterSet"":""""},{""columnName"":""PRODUCT_TYPE_ID"",""operator"":""IN"",""rangeFrom"":"""",""rangeTo"":"""",""value"":"""",""name"":""PRODUCT_TYPE_ID"",""type"":""ENT"",""isFilterSet"":"""",""responseDDLookupColumnVO"":{""ddLookupColumnJSON"":{""ddLookupColumnListVOs"":[{""ddLookupColumnDerivedValuesVOs"":[{""columnName"":""PRODUCT_TYPE_ID"",""relationshipName"":""fK_PRODUCT_TYPE"",""columnType"":""ID"",""columnValue"":""8"",""columnUuid"":""a69272b7-a565-4f48-bda4-7426aa80d0d4"",""columnSequence"":-1,""isSelected"":false,""isVisible"":false,""dataTypeTechnicalName"":""Integer""},{""columnName"":""PRODUCT_TYPE_BKEY"",""relationshipName"":""fK_PRODUCT_TYPE"",""columnType"":""BKEY"",""columnValue"":""CL"",""columnUuid"":""a0f1a64c-74fa-479d-acb2-8477e748261c"",""columnSequence"":1,""isSelected"":false,""isVisible"":true,""dataTypeTechnicalName"":""String""},{""columnName"":""DATA_SOURCE_ID"",""relationshipName"":""fK_PRODUCT_TYPE"",""columnType"":""DATASOURCEID"",""columnValue"":""1"",""columnUuid"":""2cec2b06-a973-485e-973e-fbf4e6f290bf"",""columnSequence"":-1,""isSelected"":false,""isVisible"":false,""dataTypeTechnicalName"":""Integer""},{""columnName"":""DATA_SOURCE_NAME"",""relationshipName"":""FK_DATA_SOURCE"",""columnType"":""DATASOURCEBKEY"",""columnValue"":""CBS"",""columnUuid"":""25a9d36f-5cfc-4950-bece-41b94b4536bf"",""columnSequence"":2,""isSelected"":false,""isVisible"":true,""dataTypeTechnicalName"":""String""}]}],""isIdToBkey"":false,""relationshipName"":null},""linkedEntityName"":""DIM_PRODUCT_TYPE""}}]},{""derivedValue"":""BILLS"",""sequenceNumber"":11,""conditionName"":""Bills"",""conditionalLinksInfo"":[{""columnName"":""RESTRUCTURED_DATE"",""operator"":""ISEMPTY"",""rangeFrom"":"""",""rangeTo"":"""",""value"":"""",""name"":""RESTRUCTURED_DATE"",""type"":""ENT"",""isFilterSet"":""""},{""columnName"":""RESTRUCTURED_IND"",""operator"":""=="",""rangeFrom"":"""",""rangeTo"":"""",""value"":""N"",""name"":""RESTRUCTURED_IND"",""type"":""ENT"",""isFilterSet"":""""},{""columnName"":""PRODUCT_TYPE_ID"",""operator"":""IN"",""rangeFrom"":"""",""rangeTo"":"""",""value"":"""",""name"":""PRODUCT_TYPE_ID"",""type"":""ENT"",""isFilterSet"":"""",""responseDDLookupColumnVO"":{""ddLookupColumnJSON"":{""ddLookupColumnListVOs"":[{""ddLookupColumnDerivedValuesVOs"":[{""columnName"":""PRODUCT_TYPE_ID"",""relationshipName"":""fK_PRODUCT_TYPE"",""columnType"":""ID"",""columnValue"":""11"",""columnUuid"":""a69272b7-a565-4f48-bda4-7426aa80d0d4"",""columnSequence"":-1,""isSelected"":false,""isVisible"":false,""dataTypeTechnicalName"":""Integer""},{""columnName"":""PRODUCT_TYPE_BKEY"",""relationshipName"":""fK_PRODUCT_TYPE"",""columnType"":""BKEY"",""columnValue"":""BILLS"",""columnUuid"":""a0f1a64c-74fa-479d-acb2-8477e748261c"",""columnSequence"":1,""isSelected"":false,""isVisible"":true,""dataTypeTechnicalName"":""String""},{""columnName"":""DATA_SOURCE_ID"",""relationshipName"":""fK_PRODUCT_TYPE"",""columnType"":""DATASOURCEID"",""columnValue"":""1"",""columnUuid"":""2cec2b06-a973-485e-973e-fbf4e6f290bf"",""columnSequence"":-1,""isSelected"":false,""isVisible"":false,""dataTypeTechnicalName"":""Integer""},{""columnName"":""DATA_SOURCE_NAME"",""relationshipName"":""FK_DATA_SOURCE"",""columnType"":""DATASOURCEBKEY"",""columnValue"":""CBS"",""columnUuid"":""25a9d36f-5cfc-4950-bece-41b94b4536bf"",""columnSequence"":2,""isSelected"":false,""isVisible"":true,""dataTypeTechnicalName"":""String""}]}],""isIdToBkey"":false,""relationshipName"":null},""linkedEntityName"":""DIM_PRODUCT_TYPE""}}]},{""derivedValue"":""NA"",""sequenceNumber"":12,""conditionName"":""Default"",""conditionalLinksInfo"":[]}],""decisionTableSelectedColumns"":[{""columnName"":""LOAD_EXECUTION_ID"",""sequenceNumber"":1,""name"":""LOAD_EXECUTION_ID"",""type"":""ENT""},{""columnName"":""SYSTEM_IDENTIFIER"",""sequenceNumber"":2,""name"":""SYSTEM_IDENTIFIER"",""type"":""ENT""},{""columnName"":""INTERNAL_RATING_ID"",""sequenceNumber"":3,""name"":""INTERNAL_RATING_ID"",""type"":""ENT""},{""columnName"":""CUSTOMER_CATEGORY_ID"",""sequenceNumber"":4,""name"":""CUSTOMER_CATEGORY_ID"",""type"":""ENT""},{""columnName"":""NEXT_INSTALLMENT_INTEREST_AMT"",""sequenceNumber"":5,""name"":""NEXT_INSTALLMENT_INTEREST_AMT"",""type"":""ENT""},{""columnName"":""NEXT_INSTALLMENT_PRINCIPAL_AMT"",""sequenceNumber"":6,""name"":""NEXT_INSTALLMENT_PRINCIPAL_AMT"",""type"":""ENT""},{""columnName"":""FAIR_VALUE"",""sequenceNumber"":7,""name"":""FAIR_VALUE"",""type"":""ENT""},{""columnName"":""FREE_DATE_2"",""sequenceNumber"":8,""name"":""FREE_DATE_2"",""type"":""ENT""},{""columnName"":""FREE_DATE_3"",""sequenceNumber"":9,""name"":""FREE_DATE_3"",""type"":""ENT""},{""columnName"":""LAST_CUST_PORTFOLIO_VALUE"",""sequenceNumber"":10,""name"":""LAST_CUST_PORTFOLIO_VALUE"",""type"":""ENT""},{""columnName"":""INTERST_ON_ARREARS"",""sequenceNumber"":11,""name"":""INTERST_ON_ARREARS"",""type"":""ENT""},{""columnName"":""DRAWING_POWER_AMT"",""sequenceNumber"":12,""name"":""DRAWING_POWER_AMT"",""type"":""ENT""},{""columnName"":""INTOS_ON_NPA_DATE"",""sequenceNumber"":13,""name"":""INTOS_ON_NPA_DATE"",""type"":""ENT""},{""columnName"":""PRINOS_ON_NPA_DATE"",""sequenceNumber"":14,""name"":""PRINOS_ON_NPA_DATE"",""type"":""ENT""},{""columnName"":""DUE_DATE"",""sequenceNumber"":15,""name"":""DUE_DATE"",""type"":""ENT""},{""columnName"":""LAST_CREDIT_DATE"",""sequenceNumber"":16,""name"":""LAST_CREDIT_DATE"",""type"":""ENT""},{""columnName"":""PRINCIPAL_OVERDUE_DATE"",""sequenceNumber"":17,""name"":""PRINCIPAL_OVERDUE_DATE"",""type"":""ENT""},{""columnName"":""LAST_OVER_DRAWING_DATE"",""sequenceNumber"":18,""name"":""LAST_OVER_DRAWING_DATE"",""type"":""ENT""},{""columnName"":""LAST_REVIEW_DATE"",""sequenceNumber"":19,""name"":""LAST_REVIEW_DATE"",""type"":""ENT""},{""columnName"":""LAST_UNDER_DRAWING_DATE"",""sequenceNumber"":20,""name"":""LAST_UNDER_DRAWING_DATE"",""type"":""ENT""},{""columnName"":""LIMIT_AMT"",""sequenceNumber"":21,""name"":""LIMIT_AMT"",""type"":""ENT""},{""columnName"":""LIMIT_CURRENCY_ID"",""sequenceNumber"":22,""name"":""LIMIT_CURRENCY_ID"",""type"":""ENT""},{""columnName"":""LIMIT_END_DATE"",""sequenceNumber"":23,""name"":""LIMIT_END_DATE"",""type"":""ENT""},{""columnName"":""IS_SHORT_TERM"",""sequenceNumber"":24,""name"":""IS_SHORT_TERM"",""type"":""ENT""},{""columnName"":""IS_STICKY"",""sequenceNumber"":25,""name"":""IS_STICKY"",""type"":""ENT""},{""columnName"":""IS_SECURITIZED"",""sequenceNumber"":26,""name"":""IS_SECURITIZED"",""type"":""ENT""},{""columnName"":""IS_SETTLED"",""sequenceNumber"":27,""name"":""IS_SETTLED"",""type"":""ENT""},{""columnName"":""IS_WRITTEN_OFF"",""sequenceNumber"":28,""name"":""IS_WRITTEN_OFF"",""type"":""ENT""},{""columnName"":""IS_RATING_DOWNGRADED"",""sequenceNumber"":29,""name"":""IS_RATING_DOWNGRADED"",""type"":""ENT""},{""columnName"":""ACCT_OPEN_DATE"",""sequenceNumber"":30,""name"":""ACCT_OPEN_DATE"",""type"":""ENT""},{""columnName"":""LOAN_START_DATE"",""sequenceNumber"":31,""name"":""LOAN_START_DATE"",""type"":""ENT""},{""columnName"":""MATURITY_DATE"",""sequenceNumber"":32,""name"":""MATURITY_DATE"",""type"":""ENT""},{""columnName"":""CURRENCY_ID"",""sequenceNumber"":33,""name"":""CURRENCY_ID"",""type"":""ENT""},{""columnName"":""ACY_TO_LCY_RATE"",""sequenceNumber"":34,""name"":""ACY_TO_LCY_RATE"",""type"":""ENT""},{""columnName"":""DEPARTMENT_ID"",""sequenceNumber"":35,""name"":""DEPARTMENT_ID"",""type"":""ENT""},{""columnName"":""FREE_AMT_2"",""sequenceNumber"":36,""name"":""FREE_AMT_2"",""type"":""ENT""},{""columnName"":""FREE_AMT_3"",""sequenceNumber"":37,""name"":""FREE_AMT_3"",""type"":""ENT""},{""columnName"":""COLLATERAL_AMT"",""sequenceNumber"":38,""name"":""COLLATERAL_AMT"",""type"":""ENT""},{""columnName"":""COLLATERAL_CURRENCY_ID"",""sequenceNumber"":39,""name"":""COLLATERAL_CURRENCY_ID"",""type"":""ENT""},{""columnName"":""COLLATERAL_STATUS_ID"",""sequenceNumber"":40,""name"":""COLLATERAL_STATUS_ID"",""type"":""ENT""},{""columnName"":""COLLATERAL_TYPE_ID"",""sequenceNumber"":41,""name"":""COLLATERAL_TYPE_ID"",""type"":""ENT""},{""columnName"":""FRAUD_CODE"",""sequenceNumber"":42,""name"":""FRAUD_CODE"",""type"":""ENT""},{""columnName"":""IS_ADDITIONAL_FINANCE"",""sequenceNumber"":43,""name"":""IS_ADDITIONAL_FINANCE"",""type"":""ENT""},{""columnName"":""IS_FUND_BASED"",""sequenceNumber"":44,""name"":""IS_FUND_BASED"",""type"":""ENT""},{""columnName"":""IS_IBC_ADMITTED"",""sequenceNumber"":45,""name"":""IS_IBC_ADMITTED"",""type"":""ENT""},{""columnName"":""IS_IBC_FILING"",""sequenceNumber"":46,""name"":""IS_IBC_FILING"",""type"":""ENT""},{""columnName"":""IS_MSME"",""sequenceNumber"":47,""name"":""IS_MSME"",""type"":""ENT""},{""columnName"":""SOURCE_PROVISION_INTEREST_AMT"",""sequenceNumber"":48,""name"":""SOURCE_PROVISION_INTEREST_AMT"",""type"":""ENT""},{""columnName"":""PERIOD_ID"",""sequenceNumber"":49,""name"":""PERIOD_ID"",""type"":""ENT""},{""columnName"":""DATA_SOURCE_ID"",""sequenceNumber"":50,""name"":""DATA_SOURCE_ID"",""type"":""ENT""},{""columnName"":""PRODUCT_INSTANCE_BKEY"",""sequenceNumber"":51,""name"":""PRODUCT_INSTANCE_BKEY"",""type"":""ENT""},{""columnName"":""PRODUCT_INSTANCE_ID"",""sequenceNumber"":52,""name"":""PRODUCT_INSTANCE_ID"",""type"":""ENT""},{""columnName"":""CUSTOMER_BKEY"",""sequenceNumber"":53,""name"":""CUSTOMER_BKEY"",""type"":""ENT""},{""columnName"":""CUSTOMER_ID"",""sequenceNumber"":54,""name"":""CUSTOMER_ID"",""type"":""ENT""},{""columnName"":""CUSTOMER_NAME"",""sequenceNumber"":55,""name"":""CUSTOMER_NAME"",""type"":""ENT""},{""columnName"":""PRODUCT_SYSTEM"",""sequenceNumber"":56,""name"":""PRODUCT_SYSTEM"",""type"":""ENT""},{""columnName"":""PRODUCT_TYPE_ID"",""sequenceNumber"":57,""name"":""PRODUCT_TYPE_ID"",""type"":""ENT""},{""columnName"":""LIMIT_DPD"",""sequenceNumber"":58,""name"":""LIMIT_DPD"",""type"":""ENT""},{""columnName"":""BILL_DPD"",""sequenceNumber"":59,""name"":""BILL_DPD"",""type"":""ENT""},{""columnName"":""OUT_OF_ORDER_DPD"",""sequenceNumber"":60,""name"":""OUT_OF_ORDER_DPD"",""type"":""ENT""},{""columnName"":""OVERDRAWN_DPD"",""sequenceNumber"":61,""name"":""OVERDRAWN_DPD"",""type"":""ENT""},{""columnName"":""MONITORING_PERIOD_END_DATE"",""sequenceNumber"":62,""name"":""MONITORING_PERIOD_END_DATE"",""type"":""ENT""},{""columnName"":""MONITORING_PERIOD_START_DATE"",""sequenceNumber"":63,""name"":""MONITORING_PERIOD_START_DATE"",""type"":""ENT""},{""columnName"":""SPECIFIED_PERIOD_END_DATE"",""sequenceNumber"":64,""name"":""SPECIFIED_PERIOD_END_DATE"",""type"":""ENT""},{""columnName"":""SPECIFIED_PERIOD_START_DATE"",""sequenceNumber"":65,""name"":""SPECIFIED_PERIOD_START_DATE"",""type"":""ENT""},{""columnName"":""NEXT_INSTALLMENT_DATE"",""sequenceNumber"":66,""name"":""NEXT_INSTALLMENT_DATE"",""type"":""ENT""},{""columnName"":""PREVIOUS_INSTALLMENT_DATE"",""sequenceNumber"":67,""name"":""PREVIOUS_INSTALLMENT_DATE"",""type"":""ENT""},{""columnName"":""ORIGINAL_DCCO_DATE"",""sequenceNumber"":68,""name"":""ORIGINAL_DCCO_DATE"",""type"":""ENT""},{""columnName"":""REVISED_DCCO_DATE"",""sequenceNumber"":69,""name"":""REVISED_DCCO_DATE"",""type"":""ENT""},{""columnName"":""TOTAL_ARREARS_CREDIT"",""sequenceNumber"":70,""name"":""TOTAL_ARREARS_CREDIT"",""type"":""ENT""},{""columnName"":""TOTAL_CREDIT_YTD"",""sequenceNumber"":71,""name"":""TOTAL_CREDIT_YTD"",""type"":""ENT""},{""columnName"":""USER_NAME"",""sequenceNumber"":72,""name"":""USER_NAME"",""type"":""ENT""},{""columnName"":""WRITE_OFF_AMT"",""sequenceNumber"":73,""name"":""WRITE_OFF_AMT"",""type"":""ENT""},{""columnName"":""WRITE_OFF_INT_AMT"",""sequenceNumber"":74,""name"":""WRITE_OFF_INT_AMT"",""type"":""ENT""},{""columnName"":""WRITE_OFF_PRIN_AMT"",""sequenceNumber"":75,""name"":""WRITE_OFF_PRIN_AMT"",""type"":""ENT""},{""columnName"":""LIMIT_REFERENCE_BKEY"",""sequenceNumber"":76,""name"":""LIMIT_REFERENCE_BKEY"",""type"":""ENT""},{""columnName"":""LIMIT_RENEWAL_DATE"",""sequenceNumber"":77,""name"":""LIMIT_RENEWAL_DATE"",""type"":""ENT""},{""columnName"":""LIMIT_START_DATE"",""sequenceNumber"":78,""name"":""LIMIT_START_DATE"",""type"":""ENT""},{""columnName"":""LINKED_LIMIT_AMT"",""sequenceNumber"":79,""name"":""LINKED_LIMIT_AMT"",""type"":""ENT""},{""columnName"":""LINKED_LIMIT_UTILIZED_AMT"",""sequenceNumber"":80,""name"":""LINKED_LIMIT_UTILIZED_AMT"",""type"":""ENT""},{""columnName"":""FINANCIAL_TAG_ID"",""sequenceNumber"":81,""name"":""FINANCIAL_TAG_ID"",""type"":""ENT""},{""columnName"":""SOURCE_NPA_FLAG"",""sequenceNumber"":82,""name"":""SOURCE_NPA_FLAG"",""type"":""ENT""},{""columnName"":""SOURCE_NPA_DATE"",""sequenceNumber"":83,""name"":""SOURCE_NPA_DATE"",""type"":""ENT""},{""columnName"":""SOURCE_ASSET_CLASS_CODE"",""sequenceNumber"":84,""name"":""SOURCE_ASSET_CLASS_CODE"",""type"":""ENT""},{""columnName"":""WRITTEN_OFF_DATE"",""sequenceNumber"":85,""name"":""WRITTEN_OFF_DATE"",""type"":""ENT""},{""columnName"":""SETTLEMENT_DATE"",""sequenceNumber"":86,""name"":""SETTLEMENT_DATE"",""type"":""ENT""},{""columnName"":""SETTLEMENT_AMT"",""sequenceNumber"":87,""name"":""SETTLEMENT_AMT"",""type"":""ENT""},{""columnName"":""FREE_TEXT_1"",""sequenceNumber"":88,""name"":""FREE_TEXT_1"",""type"":""ENT""},{""columnName"":""FREE_TEXT_2"",""sequenceNumber"":89,""name"":""FREE_TEXT_2"",""type"":""ENT""},{""columnName"":""FREE_TEXT_3"",""sequenceNumber"":90,""name"":""FREE_TEXT_3"",""type"":""ENT""},{""columnName"":""FREE_TEXT_4"",""sequenceNumber"":91,""name"":""FREE_TEXT_4"",""type"":""ENT""},{""columnName"":""FREE_TEXT_5"",""sequenceNumber"":92,""name"":""FREE_TEXT_5"",""type"":""ENT""},{""columnName"":""FREE_DATE_1"",""sequenceNumber"":93,""name"":""FREE_DATE_1"",""type"":""ENT""},{""columnName"":""MAX_DPD"",""sequenceNumber"":94,""name"":""MAX_DPD"",""type"":""ENT""},{""columnName"":""FREE_AMT_4"",""sequenceNumber"":95,""name"":""FREE_AMT_4"",""type"":""ENT""},{""columnName"":""FREE_AMT_5"",""sequenceNumber"":96,""name"":""FREE_AMT_5"",""type"":""ENT""},{""columnName"":""STAGE_CLASSIFICATION_ID"",""sequenceNumber"":97,""name"":""STAGE_CLASSIFICATION_ID"",""type"":""ENT""},{""columnName"":""STAGE_CLASSIFICATION_DATE"",""sequenceNumber"":98,""name"":""STAGE_CLASSIFICATION_DATE"",""type"":""ENT""},{""columnName"":""STAGE_RECLASS_ID"",""sequenceNumber"":99,""name"":""STAGE_RECLASS_ID"",""type"":""ENT""},{""columnName"":""BORROWER_STAGE_CLASSIFICATION_DATE"",""sequenceNumber"":100,""name"":""BORROWER_STAGE_CLASSIFICATION_DATE"",""type"":""ENT""},{""columnName"":""STAGE_AGEING"",""sequenceNumber"":101,""name"":""STAGE_AGEING"",""type"":""ENT""},{""columnName"":""ECL_CAUSAL_ACCOUNT"",""sequenceNumber"":102,""name"":""ECL_CAUSAL_ACCOUNT"",""type"":""ENT""},{""columnName"":""STAGE_CLASSIFICATION_REASON"",""sequenceNumber"":103,""name"":""STAGE_CLASSIFICATION_REASON"",""type"":""ENT""},{""columnName"":""CROSS_STAGE_DATE"",""sequenceNumber"":104,""name"":""CROSS_STAGE_DATE"",""type"":""ENT""},{""columnName"":""IS_STAGE_PERSIST"",""sequenceNumber"":105,""name"":""IS_STAGE_PERSIST"",""type"":""ENT""},{""columnName"":""INTEREST_DPD"",""sequenceNumber"":106,""name"":""INTEREST_DPD"",""type"":""ENT""},{""columnName"":""FREE_AMT_1"",""sequenceNumber"":107,""name"":""FREE_AMT_1"",""type"":""ENT""},{""columnName"":""IS_RE_RESTRUCTURE"",""sequenceNumber"":108,""name"":""IS_RE_RESTRUCTURE"",""type"":""ENT""},{""columnName"":""IS_RESTRUCTURE_ASSIGNED"",""sequenceNumber"":109,""name"":""IS_RESTRUCTURE_ASSIGNED"",""type"":""ENT""},{""columnName"":""IS_SECURED"",""sequenceNumber"":110,""name"":""IS_SECURED"",""type"":""ENT""},{""columnName"":""PAYLATER_DPD"",""sequenceNumber"":111,""name"":""PAYLATER_DPD"",""type"":""ENT""},{""columnName"":""STOCK_STATEMENT_DPD"",""sequenceNumber"":112,""name"":""STOCK_STATEMENT_DPD"",""type"":""ENT""},{""columnName"":""CUST_PORTFOLIO_VALUE"",""sequenceNumber"":113,""name"":""CUST_PORTFOLIO_VALUE"",""type"":""ENT""},{""columnName"":""NPA_STD_PRODUCT_TYPE_ID"",""sequenceNumber"":114,""name"":""NPA_STD_PRODUCT_TYPE_ID"",""type"":""ENT""},{""columnName"":""NPA_DATE"",""sequenceNumber"":115,""name"":""NPA_DATE"",""type"":""ENT""},{""columnName"":""NPA_EVENT_ID"",""sequenceNumber"":116,""name"":""NPA_EVENT_ID"",""type"":""ENT""},{""columnName"":""NPA_EXCLUSION_FLAG"",""sequenceNumber"":117,""name"":""NPA_EXCLUSION_FLAG"",""type"":""ENT""},{""columnName"":""NPA_ID"",""sequenceNumber"":118,""name"":""NPA_ID"",""type"":""ENT""},{""columnName"":""NPA_EXCLUSION_REASON"",""sequenceNumber"":119,""name"":""NPA_EXCLUSION_REASON"",""type"":""ENT""},{""columnName"":""OUTSTANDING_AMT"",""sequenceNumber"":120,""name"":""OUTSTANDING_AMT"",""type"":""ENT""},{""columnName"":""OUTSTANDING_INTEREST_AMT"",""sequenceNumber"":121,""name"":""OUTSTANDING_INTEREST_AMT"",""type"":""ENT""},{""columnName"":""OUTSTANDING_PRINC_AMT"",""sequenceNumber"":122,""name"":""OUTSTANDING_PRINC_AMT"",""type"":""ENT""},{""columnName"":""OUTSTANDING_CHARGES_AMT"",""sequenceNumber"":123,""name"":""OUTSTANDING_CHARGES_AMT"",""type"":""ENT""},{""columnName"":""APPROVED_AMT"",""sequenceNumber"":124,""name"":""APPROVED_AMT"",""type"":""ENT""},{""columnName"":""GROSS_NPA"",""sequenceNumber"":125,""name"":""GROSS_NPA"",""type"":""ENT""},{""columnName"":""NET_NPA"",""sequenceNumber"":126,""name"":""NET_NPA"",""type"":""ENT""},{""columnName"":""OVERDUE_AMT"",""sequenceNumber"":127,""name"":""OVERDUE_AMT"",""type"":""ENT""},{""columnName"":""OVERDUE_INTEREST_AMT"",""sequenceNumber"":128,""name"":""OVERDUE_INTEREST_AMT"",""type"":""ENT""},{""columnName"":""OVERDUE_OTHER_AMT"",""sequenceNumber"":129,""name"":""OVERDUE_OTHER_AMT"",""type"":""ENT""},{""columnName"":""OVERDUE_PRINCIPAL_AMT"",""sequenceNumber"":130,""name"":""OVERDUE_PRINCIPAL_AMT"",""type"":""ENT""},{""columnName"":""OUTSTANDING_AMT_ACY"",""sequenceNumber"":131,""name"":""OUTSTANDING_AMT_ACY"",""type"":""ENT""},{""columnName"":""MARK_TO_MARKET_AMT"",""sequenceNumber"":132,""name"":""MARK_TO_MARKET_AMT"",""type"":""ENT""},{""columnName"":""ASSET_CLASS_DAYS"",""sequenceNumber"":133,""name"":""ASSET_CLASS_DAYS"",""type"":""ENT""},{""columnName"":""ASSET_CLASS_ID"",""sequenceNumber"":134,""name"":""ASSET_CLASS_ID"",""type"":""ENT""},{""columnName"":""CLASSIFICATION_DATE"",""sequenceNumber"":135,""name"":""CLASSIFICATION_DATE"",""type"":""ENT""},{""columnName"":""RECLASS_ASSET_ID"",""sequenceNumber"":136,""name"":""RECLASS_ASSET_ID"",""type"":""ENT""},{""columnName"":""FREE_DATE_4"",""sequenceNumber"":137,""name"":""FREE_DATE_4"",""type"":""ENT""},{""columnName"":""FREE_DATE_5"",""sequenceNumber"":138,""name"":""FREE_DATE_5"",""type"":""ENT""},{""columnName"":""PRODUCT_STATUS_ID"",""sequenceNumber"":139,""name"":""PRODUCT_STATUS_ID"",""type"":""ENT""},{""columnName"":""CUSTOMER_TYPE_ID"",""sequenceNumber"":140,""name"":""CUSTOMER_TYPE_ID"",""type"":""ENT""},{""columnName"":""BUSINESS_GROUP"",""sequenceNumber"":141,""name"":""BUSINESS_GROUP"",""type"":""ENT""},{""columnName"":""SERVICE_OUTLET_ID"",""sequenceNumber"":142,""name"":""SERVICE_OUTLET_ID"",""type"":""ENT""},{""columnName"":""SCHEME_ID"",""sequenceNumber"":143,""name"":""SCHEME_ID"",""type"":""ENT""},{""columnName"":""PRINCIPAL_DPD"",""sequenceNumber"":144,""name"":""PRINCIPAL_DPD"",""type"":""ENT""},{""columnName"":""SOURCE_PROVISION_PRINCIPAL_AMT"",""sequenceNumber"":145,""name"":""SOURCE_PROVISION_PRINCIPAL_AMT"",""type"":""ENT""},{""columnName"":""SOURCE_PROV_PERCENT_SECURED"",""sequenceNumber"":146,""name"":""SOURCE_PROV_PERCENT_SECURED"",""type"":""ENT""},{""columnName"":""SOURCE_PROV_PERCENT_UNSECURED"",""sequenceNumber"":147,""name"":""SOURCE_PROV_PERCENT_UNSECURED"",""type"":""ENT""},{""columnName"":""NO_OF_PAST_DUE_INSTALLMENTS"",""sequenceNumber"":148,""name"":""NO_OF_PAST_DUE_INSTALLMENTS"",""type"":""ENT""},{""columnName"":""PROVISION_TYPE_ID"",""sequenceNumber"":149,""name"":""PROVISION_TYPE_ID"",""type"":""ENT""},{""columnName"":""PRINCIPAL_COA_ID"",""sequenceNumber"":150,""name"":""PRINCIPAL_COA_ID"",""type"":""ENT""},{""columnName"":""INTEREST_COA_ID"",""sequenceNumber"":151,""name"":""INTEREST_COA_ID"",""type"":""ENT""},{""columnName"":""INTEREST_CREDIT_YTD"",""sequenceNumber"":152,""name"":""INTEREST_CREDIT_YTD"",""type"":""ENT""},{""columnName"":""AGGREGATE_EXPOSURE_AMT"",""sequenceNumber"":153,""name"":""AGGREGATE_EXPOSURE_AMT"",""type"":""ENT""},{""columnName"":""PAST_DUE_INTEREST_COA_ID"",""sequenceNumber"":154,""name"":""PAST_DUE_INTEREST_COA_ID"",""type"":""ENT""},{""columnName"":""PAST_DUE_PRINCIPAL_COA_ID"",""sequenceNumber"":155,""name"":""PAST_DUE_PRINCIPAL_COA_ID"",""type"":""ENT""},{""columnName"":""PRI_RESTRUCTR_ASSET_CLASS_ID"",""sequenceNumber"":156,""name"":""PRI_RESTRUCTR_ASSET_CLASS_ID"",""type"":""ENT""},{""columnName"":""RECOVERED_INT_AMT"",""sequenceNumber"":157,""name"":""RECOVERED_INT_AMT"",""type"":""ENT""},{""columnName"":""RECOVERED_PRIN_AMT"",""sequenceNumber"":158,""name"":""RECOVERED_PRIN_AMT"",""type"":""ENT""},{""columnName"":""REMARKS"",""sequenceNumber"":159,""name"":""REMARKS"",""type"":""ENT""},{""columnName"":""REPAYMENT_START_DATE"",""sequenceNumber"":160,""name"":""REPAYMENT_START_DATE"",""type"":""ENT""},{""columnName"":""RESTRUCTURE_ACCT_UPGRADE_DATE"",""sequenceNumber"":161,""name"":""RESTRUCTURE_ACCT_UPGRADE_DATE"",""type"":""ENT""},{""columnName"":""RESTRUCTURED_DATE"",""sequenceNumber"":162,""name"":""RESTRUCTURED_DATE"",""type"":""ENT""},{""columnName"":""RESTRUCTURED_IND"",""sequenceNumber"":163,""name"":""RESTRUCTURED_IND"",""type"":""ENT""},{""columnName"":""REVIEW_PERIOD_END_DATE"",""sequenceNumber"":164,""name"":""REVIEW_PERIOD_END_DATE"",""type"":""ENT""},{""columnName"":""REVIEW_PERIOD_START_DATE"",""sequenceNumber"":165,""name"":""REVIEW_PERIOD_START_DATE"",""type"":""ENT""},{""columnName"":""DATE_LAST_CREDIT_MONITORED"",""sequenceNumber"":166,""name"":""DATE_LAST_CREDIT_MONITORED"",""type"":""ENT""},{""columnName"":""STOCK_STMT_SUBMISSION_DATE"",""sequenceNumber"":167,""name"":""STOCK_STMT_SUBMISSION_DATE"",""type"":""ENT""},{""columnName"":""DELIQUENCY_STRING"",""sequenceNumber"":168,""name"":""DELIQUENCY_STRING"",""type"":""ENT""},{""columnName"":""AGRI_TYPE_ID"",""sequenceNumber"":169,""name"":""AGRI_TYPE_ID"",""type"":""ENT""},{""columnName"":""COUNTRY_ID"",""sequenceNumber"":170,""name"":""COUNTRY_ID"",""type"":""ENT""},{""columnName"":""PRIORITY_SECTOR_ID"",""sequenceNumber"":171,""name"":""PRIORITY_SECTOR_ID"",""type"":""ENT""},{""columnName"":""CRA_RATING_1_ID"",""sequenceNumber"":172,""name"":""CRA_RATING_1_ID"",""type"":""ENT""},{""columnName"":""BUSINESS_DATE"",""sequenceNumber"":419,""name"":""var"",""type"":""TEMP""},{""columnName"":""PREV_DAY_ASSET_CLASS"",""sequenceNumber"":420,""name"":""var"",""type"":""TEMP""},{""columnName"":""CRA_RATING_2_ID"",""sequenceNumber"":173,""name"":""CRA_RATING_2_ID"",""type"":""ENT""},{""columnName"":""CUSTOMER_TYPE_ID"",""sequenceNumber"":174,""name"":""FK_CUSTOMER_TYPE"",""type"":""REL""},{""columnName"":""PARENT_CUSTOMER_TYPE_ID"",""sequenceNumber"":175,""name"":""FK_CUSTOMER_TYPE"",""type"":""REL""},{""columnName"":""CUSTOMER_TYPE_BKEY"",""sequenceNumber"":176,""name"":""FK_CUSTOMER_TYPE"",""type"":""REL""},{""columnName"":""CUSTOMER_TYPE_UCID"",""sequenceNumber"":177,""name"":""FK_CUSTOMER_TYPE"",""type"":""REL""},{""columnName"":""CUSTOMER_TYPE_DESC"",""sequenceNumber"":178,""name"":""FK_CUSTOMER_TYPE"",""type"":""REL""},{""columnName"":""CUSTOMER_TYPE_DESC_ALT_LANG"",""sequenceNumber"":179,""name"":""FK_CUSTOMER_TYPE"",""type"":""REL""},{""columnName"":""IS_ACTIVE"",""sequenceNumber"":180,""name"":""FK_CUSTOMER_TYPE"",""type"":""REL""},{""columnName"":""DATA_SOURCE_ID"",""sequenceNumber"":181,""name"":""FK_CUSTOMER_TYPE"",""type"":""REL""},{""columnName"":""LOAD_EXECUTION_ID"",""sequenceNumber"":182,""name"":""FK_CUSTOMER_TYPE"",""type"":""REL""},{""columnName"":""LEVEL_NUMBER"",""sequenceNumber"":183,""name"":""FK_CUSTOMER_TYPE"",""type"":""REL""},{""columnName"":""LEVEL_DESCRIPTION"",""sequenceNumber"":184,""name"":""FK_CUSTOMER_TYPE"",""type"":""REL""},{""columnName"":""PRODUCT_ID"",""sequenceNumber"":185,""name"":""FK_STD_PRODUCT"",""type"":""REL""},{""columnName"":""PRODUCT_BKEY"",""sequenceNumber"":186,""name"":""FK_STD_PRODUCT"",""type"":""REL""},{""columnName"":""PRODUCT_UCID"",""sequenceNumber"":187,""name"":""FK_STD_PRODUCT"",""type"":""REL""},{""columnName"":""PRODUCT_DESC"",""sequenceNumber"":188,""name"":""FK_STD_PRODUCT"",""type"":""REL""},{""columnName"":""DATA_SOURCE_ID"",""sequenceNumber"":189,""name"":""FK_STD_PRODUCT"",""type"":""REL""},{""columnName"":""LOAD_EXECUTION_ID"",""sequenceNumber"":190,""name"":""FK_STD_PRODUCT"",""type"":""REL""},{""columnName"":""PRODUCT_CLASS"",""sequenceNumber"":191,""name"":""FK_STD_PRODUCT"",""type"":""REL""},{""columnName"":""TYPE_OF_FUND"",""sequenceNumber"":192,""name"":""FK_STD_PRODUCT"",""type"":""REL""},{""columnName"":""IS_CROSSNPA_REQUIRED"",""sequenceNumber"":193,""name"":""FK_STD_PRODUCT"",""type"":""REL""},{""columnName"":""EARLY_WARNING_THRESHOLD_AMT"",""sequenceNumber"":194,""name"":""FK_STD_PRODUCT"",""type"":""REL""},{""columnName"":""NPA_ACTION_ID"",""sequenceNumber"":195,""name"":""FK_NPA_ACTION"",""type"":""REL""},{""columnName"":""NPA_ACTION_CODE"",""sequenceNumber"":196,""name"":""FK_NPA_ACTION"",""type"":""REL""},{""columnName"":""NPA_ACTION_DESC"",""sequenceNumber"":197,""name"":""FK_NPA_ACTION"",""type"":""REL""},{""columnName"":""NPA_ACTION_DETAILS"",""sequenceNumber"":198,""name"":""FK_NPA_ACTION"",""type"":""REL""},{""columnName"":""SYSTEM_ENTRY_TIME"",""sequenceNumber"":199,""name"":""FK_NPA_ACTION"",""type"":""REL""},{""columnName"":""PRIORITY"",""sequenceNumber"":200,""name"":""FK_NPA_ACTION"",""type"":""REL""},{""columnName"":""DATA_SOURCE_ID"",""sequenceNumber"":201,""name"":""FK_NPA_ACTION"",""type"":""REL""},{""columnName"":""NPA_ID"",""sequenceNumber"":202,""name"":""FK_NPA_CODE"",""type"":""REL""},{""columnName"":""NPA_CODE"",""sequenceNumber"":203,""name"":""FK_NPA_CODE"",""type"":""REL""},{""columnName"":""NPA_CODE_DESC"",""sequenceNumber"":204,""name"":""FK_NPA_CODE"",""type"":""REL""},{""columnName"":""SYSTEM_ENTRY_TIME"",""sequenceNumber"":205,""name"":""FK_NPA_CODE"",""type"":""REL""},{""columnName"":""USER_NAME"",""sequenceNumber"":206,""name"":""FK_SPN"",""type"":""REL""},{""columnName"":""USER_NPA_TAG"",""sequenceNumber"":207,""name"":""FK_SPN"",""type"":""REL""},{""columnName"":""VERSION_ID"",""sequenceNumber"":208,""name"":""FK_SPN"",""type"":""REL""},{""columnName"":""WRITE_OFF_AMT"",""sequenceNumber"":209,""name"":""FK_SPN"",""type"":""REL""},{""columnName"":""IS_WRITTEN_OFF"",""sequenceNumber"":210,""name"":""FK_SPN"",""type"":""REL""},{""columnName"":""WRITE_OFF_INT_AMT"",""sequenceNumber"":211,""name"":""FK_SPN"",""type"":""REL""},{""columnName"":""WRITE_OFF_PRIN_AMT"",""sequenceNumber"":212,""name"":""FK_SPN"",""type"":""REL""},{""columnName"":""WRITTEN_OFF_DATE"",""sequenceNumber"":213,""name"":""FK_SPN"",""type"":""REL""},{""columnName"":""INTERNAL_RATING_ID"",""sequenceNumber"":214,""name"":""FK_SPN"",""type"":""REL""},{""columnName"":""IS_RATING_DOWNGRADED"",""sequenceNumber"":215,""name"":""FK_SPN"",""type"":""REL""},{""columnName"":""CUSTOMER_CATEGORY_ID"",""sequenceNumber"":216,""name"":""FK_SPN"",""type"":""REL""},{""columnName"":""CUST_PORTFOLIO_VALUE"",""sequenceNumber"":217,""name"":""FK_SPN"",""type"":""REL""},{""columnName"":""FAIR_VALUE"",""sequenceNumber"":218,""name"":""FK_SPN"",""type"":""REL""},{""columnName"":""INTOS_ON_NPA_DATE"",""sequenceNumber"":219,""name"":""FK_SPN"",""type"":""REL""},{""columnName"":""PRINOS_ON_NPA_DATE"",""sequenceNumber"":220,""name"":""FK_SPN"",""type"":""REL""},{""columnName"":""OVERDUE_INTEREST_AMT"",""sequenceNumber"":221,""name"":""FK_SPN"",""type"":""REL""},{""columnName"":""PRI_RESTRUCTR_ASSET_CLASS_ID"",""sequenceNumber"":222,""name"":""FK_SPN"",""type"":""REL""},{""columnName"":""ACCT_OPEN_DATE"",""sequenceNumber"":223,""name"":""FK_SPN"",""type"":""REL""},{""columnName"":""NO_OF_PAST_DUE_INSTALLMENTS"",""sequenceNumber"":224,""name"":""FK_SPN"",""type"":""REL""},{""columnName"":""DELIQUENCY_STRING"",""sequenceNumber"":225,""name"":""FK_SPN"",""type"":""REL""},{""columnName"":""FREE_TEXT_1"",""sequenceNumber"":226,""name"":""FK_SPN"",""type"":""REL""},{""columnName"":""FREE_TEXT_2"",""sequenceNumber"":227,""name"":""FK_SPN"",""type"":""REL""},{""columnName"":""FREE_TEXT_3"",""sequenceNumber"":228,""name"":""FK_SPN"",""type"":""REL""},{""columnName"":""FREE_TEXT_4"",""sequenceNumber"":229,""name"":""FK_SPN"",""type"":""REL""},{""columnName"":""FREE_TEXT_5"",""sequenceNumber"":230,""name"":""FK_SPN"",""type"":""REL""},{""columnName"":""FREE_DATE_1"",""sequenceNumber"":231,""name"":""FK_SPN"",""type"":""REL""},{""columnName"":""FREE_DATE_2"",""sequenceNumber"":232,""name"":""FK_SPN"",""type"":""REL""},{""columnName"":""FREE_DATE_3"",""sequenceNumber"":233,""name"":""FK_SPN"",""type"":""REL""},{""columnName"":""FREE_DATE_4"",""sequenceNumber"":234,""name"":""FK_SPN"",""type"":""REL""},{""columnName"":""FREE_DATE_5"",""sequenceNumber"":235,""name"":""FK_SPN"",""type"":""REL""},{""columnName"":""FREE_AMT_1"",""sequenceNumber"":236,""name"":""FK_SPN"",""type"":""REL""},{""columnName"":""FREE_AMT_2"",""sequenceNumber"":237,""name"":""FK_SPN"",""type"":""REL""},{""columnName"":""FREE_AMT_3"",""sequenceNumber"":238,""name"":""FK_SPN"",""type"":""REL""},{""columnName"":""FREE_AMT_4"",""sequenceNumber"":239,""name"":""FK_SPN"",""type"":""REL""},{""columnName"":""FREE_AMT_5"",""sequenceNumber"":240,""name"":""FK_SPN"",""type"":""REL""},{""columnName"":""SOURCE_NPA_FLAG"",""sequenceNumber"":241,""name"":""FK_SPN"",""type"":""REL""},{""columnName"":""SOURCE_NPA_DATE"",""sequenceNumber"":242,""name"":""FK_SPN"",""type"":""REL""},{""columnName"":""SOURCE_ASSET_CLASS_CODE"",""sequenceNumber"":243,""name"":""FK_SPN"",""type"":""REL""},{""columnName"":""SOURCE_PROVISION_PRINCIPAL_AMT"",""sequenceNumber"":244,""name"":""FK_SPN"",""type"":""REL""},{""columnName"":""SOURCE_PROVISION_INTEREST_AMT"",""sequenceNumber"":245,""name"":""FK_SPN"",""type"":""REL""},{""columnName"":""SOURCE_PROV_PERCENT_SECURED"",""sequenceNumber"":246,""name"":""FK_SPN"",""type"":""REL""},{""columnName"":""SOURCE_PROV_PERCENT_UNSECURED"",""sequenceNumber"":247,""name"":""FK_SPN"",""type"":""REL""},{""columnName"":""PERIOD_ID"",""sequenceNumber"":248,""name"":""FK_SPN"",""type"":""REL""},{""columnName"":""DATA_SOURCE_ID"",""sequenceNumber"":249,""name"":""FK_SPN"",""type"":""REL""},{""columnName"":""PRODUCT_INSTANCE_BKEY"",""sequenceNumber"":250,""name"":""FK_SPN"",""type"":""REL""},{""columnName"":""PRODUCT_INSTANCE_ID"",""sequenceNumber"":251,""name"":""FK_SPN"",""type"":""REL""},{""columnName"":""CUSTOMER_BKEY"",""sequenceNumber"":252,""name"":""FK_SPN"",""type"":""REL""},{""columnName"":""CUSTOMER_ID"",""sequenceNumber"":253,""name"":""FK_SPN"",""type"":""REL""},{""columnName"":""CUSTOMER_NAME"",""sequenceNumber"":254,""name"":""FK_SPN"",""type"":""REL""},{""columnName"":""PRODUCT_SYSTEM"",""sequenceNumber"":255,""name"":""FK_SPN"",""type"":""REL""},{""columnName"":""PRODUCT_TYPE_ID"",""sequenceNumber"":256,""name"":""FK_SPN"",""type"":""REL""},{""columnName"":""ASSET_CLASSIFICATION_ID"",""sequenceNumber"":257,""name"":""FK_SPN"",""type"":""REL""},{""columnName"":""CLASSIFICATION_DATE"",""sequenceNumber"":258,""name"":""FK_SPN"",""type"":""REL""},{""columnName"":""RECLASS_ASSET_ID"",""sequenceNumber"":259,""name"":""FK_SPN"",""type"":""REL""},{""columnName"":""CROSS_NPA_DATE"",""sequenceNumber"":260,""name"":""FK_SPN"",""type"":""REL""},{""columnName"":""COBO_CROSS_NPA_DATE"",""sequenceNumber"":261,""name"":""FK_SPN"",""type"":""REL""},{""columnName"":""COBO_RECLASS_ASSET_ID"",""sequenceNumber"":262,""name"":""FK_SPN"",""type"":""REL""},{""columnName"":""CAUSAL_ACCOUNT"",""sequenceNumber"":263,""name"":""FK_SPN"",""type"":""REL""},{""columnName"":""NPA_STD_PRODUCT_TYPE_ID"",""sequenceNumber"":264,""name"":""FK_SPN"",""type"":""REL""},{""columnName"":""NPA_DATE"",""sequenceNumber"":265,""name"":""FK_SPN"",""type"":""REL""},{""columnName"":""NPA_EVENT_ID"",""sequenceNumber"":266,""name"":""FK_SPN"",""type"":""REL""},{""columnName"":""NPA_ID"",""sequenceNumber"":267,""name"":""FK_SPN"",""type"":""REL""},{""columnName"":""NPA_REASON"",""sequenceNumber"":268,""name"":""FK_SPN"",""type"":""REL""},{""columnName"":""OUTSTANDING_AMT"",""sequenceNumber"":269,""name"":""FK_SPN"",""type"":""REL""},{""columnName"":""OUTSTANDING_AMT_ACY"",""sequenceNumber"":270,""name"":""FK_SPN"",""type"":""REL""},{""columnName"":""OUTSTANDING_CHARGE_AMT"",""sequenceNumber"":271,""name"":""FK_SPN"",""type"":""REL""},{""columnName"":""OUTSTANDING_INTEREST_AMT"",""sequenceNumber"":272,""name"":""FK_SPN"",""type"":""REL""},{""columnName"":""OUTSTANDING_PRINC_AMT"",""sequenceNumber"":273,""name"":""FK_SPN"",""type"":""REL""},{""columnName"":""GROSS_NPA"",""sequenceNumber"":274,""name"":""FK_SPN"",""type"":""REL""},{""columnName"":""NET_NPA"",""sequenceNumber"":275,""name"":""FK_SPN"",""type"":""REL""},{""columnName"":""DPD"",""sequenceNumber"":276,""name"":""FK_SPN"",""type"":""REL""},{""columnName"":""SERVICE_OUTLET_ID"",""sequenceNumber"":277,""name"":""FK_SPN"",""type"":""REL""},{""columnName"":""CUSTOMER_TYPE_ID"",""sequenceNumber"":278,""name"":""FK_SPN"",""type"":""REL""},{""columnName"":""DEPARTMENT_ID"",""sequenceNumber"":279,""name"":""FK_SPN"",""type"":""REL""},{""columnName"":""FINANCIAL_TAG_ID"",""sequenceNumber"":280,""name"":""FK_SPN"",""type"":""REL""},{""columnName"":""BUSINESS_GROUP"",""sequenceNumber"":281,""name"":""FK_SPN"",""type"":""REL""},{""columnName"":""CURRENCY_ID"",""sequenceNumber"":282,""name"":""FK_SPN"",""type"":""REL""},{""columnName"":""ACY_TO_LCY_RATE"",""sequenceNumber"":283,""name"":""FK_SPN"",""type"":""REL""},{""columnName"":""MARK_TO_MARKET_AMT"",""sequenceNumber"":284,""name"":""FK_SPN"",""type"":""REL""},{""columnName"":""COLLATERAL_AMT"",""sequenceNumber"":285,""name"":""FK_SPN"",""type"":""REL""},{""columnName"":""IS_ACTIVE"",""sequenceNumber"":286,""name"":""FK_SPN"",""type"":""REL""},{""columnName"":""IS_ADDITIONAL_FINANCE"",""sequenceNumber"":287,""name"":""FK_SPN"",""type"":""REL""},{""columnName"":""IS_IBC_ADMITTED"",""sequenceNumber"":288,""name"":""FK_SPN"",""type"":""REL""},{""columnName"":""IS_IBC_FILING"",""sequenceNumber"":289,""name"":""FK_SPN"",""type"":""REL""},{""columnName"":""IS_RESTRUCTURE_ASSIGNED"",""sequenceNumber"":290,""name"":""FK_SPN"",""type"":""REL""},{""columnName"":""IS_RE_RESTRUCTURE"",""sequenceNumber"":291,""name"":""FK_SPN"",""type"":""REL""},{""columnName"":""IS_SECURED"",""sequenceNumber"":292,""name"":""FK_SPN"",""type"":""REL""},{""columnName"":""FRAUD_CODE"",""sequenceNumber"":293,""name"":""FK_SPN"",""type"":""REL""},{""columnName"":""SCHEME_ID"",""sequenceNumber"":294,""name"":""FK_SPN"",""type"":""REL""},{""columnName"":""PRODUCT_STATUS_ID"",""sequenceNumber"":295,""name"":""FK_SPN"",""type"":""REL""},{""columnName"":""PRIORITY_SECTOR_ID"",""sequenceNumber"":296,""name"":""FK_SPN"",""type"":""REL""},{""columnName"":""MAX_DPD"",""sequenceNumber"":297,""name"":""FK_SPN"",""type"":""REL""},{""columnName"":""STOCK_STATEMENT_DPD"",""sequenceNumber"":298,""name"":""FK_SPN"",""type"":""REL""},{""columnName"":""RUN_ID"",""sequenceNumber"":299,""name"":""FK_SPN"",""type"":""REL""},{""columnName"":""SYSTEM_IDENTIFIER"",""sequenceNumber"":300,""name"":""FK_SPN"",""type"":""REL""},{""columnName"":""PROV_PERCENT"",""sequenceNumber"":301,""name"":""FK_SPN"",""type"":""REL""},{""columnName"":""RECOVERED_AMT"",""sequenceNumber"":302,""name"":""FK_SPN"",""type"":""REL""},{""columnName"":""RECOVERED_INT_AMT"",""sequenceNumber"":303,""name"":""FK_SPN"",""type"":""REL""},{""columnName"":""RECOVERED_PRIN_AMT"",""sequenceNumber"":304,""name"":""FK_SPN"",""type"":""REL""},{""columnName"":""REMARKS"",""sequenceNumber"":305,""name"":""FK_SPN"",""type"":""REL""},{""columnName"":""RESTRUCTURED_DATE"",""sequenceNumber"":306,""name"":""FK_SPN"",""type"":""REL""},{""columnName"":""RESTRUCTURED_IND"",""sequenceNumber"":307,""name"":""FK_SPN"",""type"":""REL""},{""columnName"":""REVIEW_PERIOD_END_DATE"",""sequenceNumber"":308,""name"":""FK_SPN"",""type"":""REL""},{""columnName"":""REVIEW_PERIOD_START_DATE"",""sequenceNumber"":309,""name"":""FK_SPN"",""type"":""REL""},{""columnName"":""SYS_CALC_PROVISION_AMT"",""sequenceNumber"":310,""name"":""FK_SPN"",""type"":""REL""},{""columnName"":""SPECIFIC_PROVISION_AMT"",""sequenceNumber"":311,""name"":""FK_SPN"",""type"":""REL""},{""columnName"":""UNIFIED_CUSTOMER_DETAILS"",""sequenceNumber"":312,""name"":""FK_SPN"",""type"":""REL""},{""columnName"":""UNIFIED_CUSTOMER_ID"",""sequenceNumber"":313,""name"":""FK_SPN"",""type"":""REL""},{""columnName"":""UNIFIED_DATA_SOURCE_ID"",""sequenceNumber"":314,""name"":""FK_SPN"",""type"":""REL""},{""columnName"":""USER_BUSINESS_SEGMENT"",""sequenceNumber"":315,""name"":""FK_SPN"",""type"":""REL""},{""columnName"":""NPA_ACTION_ID"",""sequenceNumber"":316,""name"":""FK_SPN_ASSET"",""type"":""REL""},{""columnName"":""NPA_ACTION_CODE"",""sequenceNumber"":317,""name"":""FK_SPN_ASSET"",""type"":""REL""},{""columnName"":""NPA_ACTION_DESC"",""sequenceNumber"":318,""name"":""FK_SPN_ASSET"",""type"":""REL""},{""columnName"":""NPA_ACTION_DETAILS"",""sequenceNumber"":319,""name"":""FK_SPN_ASSET"",""type"":""REL""},{""columnName"":""SYSTEM_ENTRY_TIME"",""sequenceNumber"":320,""name"":""FK_SPN_ASSET"",""type"":""REL""},{""columnName"":""PRIORITY"",""sequenceNumber"":321,""name"":""FK_SPN_ASSET"",""type"":""REL""},{""columnName"":""DATA_SOURCE_ID"",""sequenceNumber"":322,""name"":""FK_SPN_ASSET"",""type"":""REL""},{""columnName"":""NPA_ACTION_ID"",""sequenceNumber"":323,""name"":""FK_SPN_RECLASS"",""type"":""REL""},{""columnName"":""NPA_ACTION_CODE"",""sequenceNumber"":324,""name"":""FK_SPN_RECLASS"",""type"":""REL""},{""columnName"":""NPA_ACTION_DESC"",""sequenceNumber"":325,""name"":""FK_SPN_RECLASS"",""type"":""REL""},{""columnName"":""NPA_ACTION_DETAILS"",""sequenceNumber"":326,""name"":""FK_SPN_RECLASS"",""type"":""REL""},{""columnName"":""SYSTEM_ENTRY_TIME"",""sequenceNumber"":327,""name"":""FK_SPN_RECLASS"",""type"":""REL""},{""columnName"":""PRIORITY"",""sequenceNumber"":328,""name"":""FK_SPN_RECLASS"",""type"":""REL""},{""columnName"":""DATA_SOURCE_ID"",""sequenceNumber"":329,""name"":""FK_SPN_RECLASS"",""type"":""REL""},{""columnName"":""CUSTOMER_ID"",""sequenceNumber"":330,""name"":""FK_FPM_AGG"",""type"":""REL""},{""columnName"":""PERIOD_ID"",""sequenceNumber"":331,""name"":""FK_FPM_AGG"",""type"":""REL""},{""columnName"":""UNIFIED_CUSTOMER_ID"",""sequenceNumber"":332,""name"":""FK_FPM_AGG"",""type"":""REL""},{""columnName"":""LIMIT_DPD"",""sequenceNumber"":333,""name"":""FK_FPM_AGG"",""type"":""REL""},{""columnName"":""OVERDRAWN_DPD"",""sequenceNumber"":334,""name"":""FK_FPM_AGG"",""type"":""REL""},{""columnName"":""PRINCIPAL_DPD"",""sequenceNumber"":335,""name"":""FK_FPM_AGG"",""type"":""REL""},{""columnName"":""BILL_DPD"",""sequenceNumber"":336,""name"":""FK_FPM_AGG"",""type"":""REL""},{""columnName"":""DP_DPD"",""sequenceNumber"":337,""name"":""FK_FPM_AGG"",""type"":""REL""},{""columnName"":""INTEREST_DPD"",""sequenceNumber"":338,""name"":""FK_FPM_AGG"",""type"":""REL""},{""columnName"":""PAYLATER_DPD"",""sequenceNumber"":339,""name"":""FK_FPM_AGG"",""type"":""REL""},{""columnName"":""OUT_OF_ORDER_DPD"",""sequenceNumber"":340,""name"":""FK_FPM_AGG"",""type"":""REL""},{""columnName"":""DFS_DPD"",""sequenceNumber"":341,""name"":""FK_FPM_AGG"",""type"":""REL""},{""columnName"":""FREE_DPD_1"",""sequenceNumber"":342,""name"":""FK_FPM_AGG"",""type"":""REL""},{""columnName"":""FREE_DPD_2"",""sequenceNumber"":343,""name"":""FK_FPM_AGG"",""type"":""REL""},{""columnName"":""FREE_DPD_3"",""sequenceNumber"":344,""name"":""FK_FPM_AGG"",""type"":""REL""},{""columnName"":""FREE_DPD_4"",""sequenceNumber"":345,""name"":""FK_FPM_AGG"",""type"":""REL""},{""columnName"":""FREE_DPD_5"",""sequenceNumber"":346,""name"":""FK_FPM_AGG"",""type"":""REL""},{""columnName"":""FREE_DPD_6"",""sequenceNumber"":347,""name"":""FK_FPM_AGG"",""type"":""REL""},{""columnName"":""FREE_DPD_7"",""sequenceNumber"":348,""name"":""FK_FPM_AGG"",""type"":""REL""},{""columnName"":""FREE_DPD_8"",""sequenceNumber"":349,""name"":""FK_FPM_AGG"",""type"":""REL""},{""columnName"":""FREE_DPD_9"",""sequenceNumber"":350,""name"":""FK_FPM_AGG"",""type"":""REL""},{""columnName"":""FREE_DPD_10"",""sequenceNumber"":351,""name"":""FK_FPM_AGG"",""type"":""REL""},{""columnName"":""MAX_DPD"",""sequenceNumber"":352,""name"":""FK_FPM_AGG"",""type"":""REL""},{""columnName"":""TOTAL_OUTSTANDING_AMT"",""sequenceNumber"":353,""name"":""FK_FPM_AGG"",""type"":""REL""},{""columnName"":""MAX_MIS_DPD_1"",""sequenceNumber"":354,""name"":""FK_FPM_AGG"",""type"":""REL""},{""columnName"":""MAX_MIS_DPD_10"",""sequenceNumber"":355,""name"":""FK_FPM_AGG"",""type"":""REL""},{""columnName"":""MAX_MIS_DPD_2"",""sequenceNumber"":356,""name"":""FK_FPM_AGG"",""type"":""REL""},{""columnName"":""MAX_MIS_DPD_3"",""sequenceNumber"":357,""name"":""FK_FPM_AGG"",""type"":""REL""},{""columnName"":""MAX_MIS_DPD_4"",""sequenceNumber"":358,""name"":""FK_FPM_AGG"",""type"":""REL""},{""columnName"":""MAX_MIS_DPD_5"",""sequenceNumber"":359,""name"":""FK_FPM_AGG"",""type"":""REL""},{""columnName"":""MAX_MIS_DPD_6"",""sequenceNumber"":360,""name"":""FK_FPM_AGG"",""type"":""REL""},{""columnName"":""MAX_MIS_DPD_7"",""sequenceNumber"":361,""name"":""FK_FPM_AGG"",""type"":""REL""},{""columnName"":""MAX_MIS_DPD_8"",""sequenceNumber"":362,""name"":""FK_FPM_AGG"",""type"":""REL""},{""columnName"":""MAX_MIS_DPD_9"",""sequenceNumber"":363,""name"":""FK_FPM_AGG"",""type"":""REL""},{""columnName"":""COLLATERAL_AMOUNT"",""sequenceNumber"":364,""name"":""FK_FPM_AGG"",""type"":""REL""},{""columnName"":""COLLATERAL_TO_OUTSTNDING_RATIO"",""sequenceNumber"":365,""name"":""FK_FPM_AGG"",""type"":""REL""},{""columnName"":""DATA_SOURCE_ID"",""sequenceNumber"":366,""name"":""FK_DATA_SOURCE"",""type"":""REL""},{""columnName"":""DATA_SOURCE_NAME"",""sequenceNumber"":367,""name"":""FK_DATA_SOURCE"",""type"":""REL""},{""columnName"":""IS_SCGL_IND"",""sequenceNumber"":368,""name"":""FK_DATA_SOURCE"",""type"":""REL""},{""columnName"":""SCGL_CURRENCY_UCID"",""sequenceNumber"":369,""name"":""FK_DATA_SOURCE"",""type"":""REL""},{""columnName"":""FINANCIAL_YEAR_TYPE_ID"",""sequenceNumber"":370,""name"":""FK_DATA_SOURCE"",""type"":""REL""},{""columnName"":""AUDIT_GL_DATA_SOURCE_ID"",""sequenceNumber"":371,""name"":""FK_DATA_SOURCE"",""type"":""REL""},{""columnName"":""PRODUCT_TYPE_ID"",""sequenceNumber"":372,""name"":""fK_PRODUCT_TYPE"",""type"":""REL""},{""columnName"":""PRODUCT_TYPE_BKEY"",""sequenceNumber"":373,""name"":""fK_PRODUCT_TYPE"",""type"":""REL""},{""columnName"":""PRODUCT_TYPE_DESC"",""sequenceNumber"":374,""name"":""fK_PRODUCT_TYPE"",""type"":""REL""},{""columnName"":""LEVEL_DESC"",""sequenceNumber"":375,""name"":""fK_PRODUCT_TYPE"",""type"":""REL""},{""columnName"":""LEVEL_NUMBER"",""sequenceNumber"":376,""name"":""fK_PRODUCT_TYPE"",""type"":""REL""},{""columnName"":""DATA_SOURCE_ID"",""sequenceNumber"":377,""name"":""fK_PRODUCT_TYPE"",""type"":""REL""},{""columnName"":""PRODUCT_TYPE_DESC_ALT_LANG"",""sequenceNumber"":378,""name"":""fK_PRODUCT_TYPE"",""type"":""REL""},{""columnName"":""PARENT_PRODUCT_TYPE_ID"",""sequenceNumber"":379,""name"":""fK_PRODUCT_TYPE"",""type"":""REL""},{""columnName"":""PRODUCT_SYSTEM"",""sequenceNumber"":380,""name"":""fK_PRODUCT_TYPE"",""type"":""REL""},{""columnName"":""PRODUCT_TYPE_MNEMONIC"",""sequenceNumber"":381,""name"":""fK_PRODUCT_TYPE"",""type"":""REL""},{""columnName"":""IS_ACTIVE"",""sequenceNumber"":382,""name"":""fK_PRODUCT_TYPE"",""type"":""REL""},{""columnName"":""LOAD_EXECUTION_ID"",""sequenceNumber"":383,""name"":""fK_PRODUCT_TYPE"",""type"":""REL""},{""columnName"":""DENOMINATION"",""sequenceNumber"":384,""name"":""fK_PRODUCT_TYPE"",""type"":""REL""},{""columnName"":""DEBIT_BALANCE_COA_ID"",""sequenceNumber"":385,""name"":""fK_PRODUCT_TYPE"",""type"":""REL""},{""columnName"":""CREDIT_BALANCE_COA_ID"",""sequenceNumber"":386,""name"":""fK_PRODUCT_TYPE"",""type"":""REL""},{""columnName"":""DEBIT_ACCRUED_INT_COA_ID"",""sequenceNumber"":387,""name"":""fK_PRODUCT_TYPE"",""type"":""REL""},{""columnName"":""CREDIT_ACCRUED_INT_COA_ID"",""sequenceNumber"":388,""name"":""fK_PRODUCT_TYPE"",""type"":""REL""},{""columnName"":""INTEREST_INCOME_COA_ID"",""sequenceNumber"":389,""name"":""fK_PRODUCT_TYPE"",""type"":""REL""},{""columnName"":""INTEREST_EXPENSE_COA_ID"",""sequenceNumber"":390,""name"":""fK_PRODUCT_TYPE"",""type"":""REL""},{""columnName"":""MATURED_BALANCE_COA_ID"",""sequenceNumber"":391,""name"":""fK_PRODUCT_TYPE"",""type"":""REL""},{""columnName"":""SYSTEM_ENTRY_TIME"",""sequenceNumber"":392,""name"":""fK_PRODUCT_TYPE"",""type"":""REL""},{""columnName"":""MIS_CODE_1_ID"",""sequenceNumber"":393,""name"":""fK_PRODUCT_TYPE"",""type"":""REL""},{""columnName"":""MIS_CODE_2_ID"",""sequenceNumber"":394,""name"":""fK_PRODUCT_TYPE"",""type"":""REL""},{""columnName"":""MIS_CODE_3_ID"",""sequenceNumber"":395,""name"":""fK_PRODUCT_TYPE"",""type"":""REL""},{""columnName"":""MIS_CODE_4_ID"",""sequenceNumber"":396,""name"":""fK_PRODUCT_TYPE"",""type"":""REL""},{""columnName"":""MIS_CODE_5_ID"",""sequenceNumber"":397,""name"":""fK_PRODUCT_TYPE"",""type"":""REL""},{""columnName"":""MIS_CODE_6_ID"",""sequenceNumber"":398,""name"":""fK_PRODUCT_TYPE"",""type"":""REL""},{""columnName"":""MIS_CODE_7_ID"",""sequenceNumber"":399,""name"":""fK_PRODUCT_TYPE"",""type"":""REL""},{""columnName"":""MIS_CODE_8_ID"",""sequenceNumber"":400,""name"":""fK_PRODUCT_TYPE"",""type"":""REL""},{""columnName"":""MIS_CODE_9_ID"",""sequenceNumber"":401,""name"":""fK_PRODUCT_TYPE"",""type"":""REL""},{""columnName"":""MIS_CODE_10_ID"",""sequenceNumber"":402,""name"":""fK_PRODUCT_TYPE"",""type"":""REL""},{""columnName"":""PRODUCT_TYPE_UCID"",""sequenceNumber"":403,""name"":""fK_PRODUCT_TYPE"",""type"":""REL""},{""columnName"":""PRODUCT_TYPE_EFFECTIVE_DATE"",""sequenceNumber"":404,""name"":""fK_PRODUCT_TYPE"",""type"":""REL""},{""columnName"":""PRODUCT_TYPE_END_DATE"",""sequenceNumber"":405,""name"":""fK_PRODUCT_TYPE"",""type"":""REL""},{""columnName"":""PRODUCT_SYSTEM_CODE"",""sequenceNumber"":406,""name"":""fK_PRODUCT_TYPE"",""type"":""REL""},{""columnName"":""SIGNIFICANT_PRODUCT_GROUP"",""sequenceNumber"":407,""name"":""fK_PRODUCT_TYPE"",""type"":""REL""},{""columnName"":""PROVISION_TYPE_ID"",""sequenceNumber"":408,""name"":""fK_PROVISION_TYPE"",""type"":""REL""},{""columnName"":""PROVISION_TYPE_CODE"",""sequenceNumber"":409,""name"":""fK_PROVISION_TYPE"",""type"":""REL""},{""columnName"":""PROVISION_TYPE_DESC"",""sequenceNumber"":410,""name"":""fK_PROVISION_TYPE"",""type"":""REL""},{""columnName"":""PROVISION_TYPE_ALT_LANG"",""sequenceNumber"":411,""name"":""fK_PROVISION_TYPE"",""type"":""REL""},{""columnName"":""IS_ACTIVE"",""sequenceNumber"":412,""name"":""fK_PROVISION_TYPE"",""type"":""REL""},{""columnName"":""SYSTEM_ENTRY_TIME"",""sequenceNumber"":413,""name"":""fK_PROVISION_TYPE"",""type"":""REL""},{""columnName"":""STAGE_CLASSIFICATION_ID"",""sequenceNumber"":414,""name"":""FK_STAGE_CLASSIFICATION"",""type"":""REL""},{""columnName"":""STAGE_CLASSIFICATION_CODE"",""sequenceNumber"":415,""name"":""FK_STAGE_CLASSIFICATION"",""type"":""REL""},{""columnName"":""STAGE_CLASSIFICATION_DESC"",""sequenceNumber"":416,""name"":""FK_STAGE_CLASSIFICATION"",""type"":""REL""},{""columnName"":""COOLING_PERIOD_DAYS"",""sequenceNumber"":417,""name"":""FK_STAGE_CLASSIFICATION"",""type"":""REL""},{""columnName"":""IS_ACTIVE"",""sequenceNumber"":418,""name"":""FK_STAGE_CLASSIFICATION"",""type"":""REL""}]}",
Pract4thNov,sum,Physical,Formula Expression,"IF(""Pract4thNov"".""first"" < ""Pract4thNov"".""second"")THEN(""greater"")ELSE(""Smaller"")",20-07-2026,ACTIVE,number,,
FCT_ECL_PRODUCT,Internal_Rating_Down_2notches,Temporary,Formula Expression,"IF((""FCT_ECL_PRODUCT"".""var"".""Previous_internal_rating"")-(""FCT_ECL_PRODUCT"".""INTERNAL_RATING_ID"")<2)THEN(""Y"")ELSE(""N"")",20-07-2026,ACTIVE,string,,
FCT_ECL_PRODUCT,LTV_More_Than_90,Temporary,Formula Expression,"IF((""FCT_ECL_PRODUCT"".""OUTSTANDING_AMT"")/(""FCT_ECL_PRODUCT"".""COLLATERAL_AMT"")>0.9)THEN(""Y"")ELSE(""N"")",20-07-2026,ACTIVE,string,,
FCT_NPA_PRODUCT,PREV_DAY_ASSET_CLASS,Temporary,Formula Expression,"IF(""FCT_NPA_PRODUCT"".""var"".""PREV_DAY_ASSET_CLASS_ID""==2)THEN(""Sub Standard"")ELSEIF(""FCT_NPA_PRODUCT"".""var"".""PREV_DAY_ASSET_CLASS_ID""==3)THEN(""Doubtful 1"")ELSEIF(""FCT_NPA_PRODUCT"".""var"".""PREV_DAY_ASSET_CLASS_ID""==4)THEN(""Doubtful 2"")ELSEIF(""FCT_NPA_PRODUCT"".""var"".""PREV_DAY_ASSET_CLASS_ID""==5)THEN(""Doubtful 3"")ELSEIF(""FCT_NPA_PRODUCT"".""var"".""PREV_DAY_ASSET_CLASS_ID""==6)THEN(""Loss"")ELSEIF(""FCT_NPA_PRODUCT"".""var"".""PREV_DAY_ASSET_CLASS_ID""==7)THEN(""Standard Restructure"")ELSE(""Standard"")",20-07-2026,ACTIVE,string,,
FCT_NPA_PRODUCT,COLLATERAL_OUTSTANDING_RATIO,Temporary,Formula Expression,"IF(AND(""FCT_NPA_PRODUCT"".""COLLATERAL_AMT"">0,""FCT_NPA_PRODUCT"".""OUTSTANDING_AMT"">0))THEN(((""FCT_NPA_PRODUCT"".""COLLATERAL_AMT"")/(""FCT_NPA_PRODUCT"".""OUTSTANDING_AMT""))*100)ELSE(0)",20-07-2026,ACTIVE,number,,
FCT_NPA_PRODUCT,NPA_DATE,Physical,Formula Expression,"IF(ISNOTEMPTY(""FCT_NPA_PRODUCT"".""FK_SPN"".""CROSS_NPA_DATE""))THEN(""FCT_NPA_PRODUCT"".""FK_SPN"".""CROSS_NPA_DATE"")ELSE(""FCT_NPA_PRODUCT"".""var"".""BUSINESS_DATE"")",20-07-2026,ACTIVE,datetime,,
FCT_NPA_PRODUCT,CLASSIFICATION_DATE,Physical,Formula Expression,"IF(ISNOTEMPTY(""FCT_NPA_PRODUCT"".""FK_SPN"".""FREE_DATE_1""))THEN(""FCT_NPA_PRODUCT"".""FK_SPN"".""FREE_DATE_1"")ELSE(""FCT_NPA_PRODUCT"".""var"".""BUSINESS_DATE"")",20-07-2026,ACTIVE,datetime,,
FCT_NPA_PRODUCT,ASSET_CLASSIFICATION_ID,Physical,Decision Table,"IF(AND(ISEMPTY(""FCT_NPA_PRODUCT"".""FRAUD_CODE""),(""FCT_NPA_PRODUCT"".""FK_FPM_AGG"".""MAX_DPD"") == 0,(""FCT_NPA_PRODUCT"".""var"".""COLLATERAL_OUTSTANDING_RATIO"") > 10,(""FCT_NPA_PRODUCT"".""FK_COLLATERAL"".""EROSION_PERCENT"") < 50,(""FCT_NPA_PRODUCT"".""var"".""PREV_DAY_ASSET_CLASS"") == ""Standard"")) THEN(""1#@@#Standard-Continue"") ELSEIF(AND((""FCT_NPA_PRODUCT"".""var"".""COLLATERAL_OUTSTANDING_RATIO"") > 100,(""FCT_NPA_PRODUCT"".""FK_COLLATERAL"".""COLLATERAL_TYPE_ID"") == 5)) THEN(""1#@@#Downgrade Exception - Collateral more than Outstanding"") ELSEIF(AND(ISEMPTY(""FCT_NPA_PRODUCT"".""FRAUD_CODE""),(""FCT_NPA_PRODUCT"".""FK_FPM_AGG"".""MAX_DPD"") == 0,(""FCT_NPA_PRODUCT"".""var"".""COLLATERAL_OUTSTANDING_RATIO"") > 10,(""FCT_NPA_PRODUCT"".""FK_COLLATERAL"".""EROSION_PERCENT"") < 50,(""FCT_NPA_PRODUCT"".""var"".""PREV_DAY_ASSET_CLASS"") != ""Standard"")) THEN(""1#@@#Upgrade to Standard due to no DPD, Fraud and Security erosion"") ELSEIF(AND((""FCT_NPA_PRODUCT"".""FK_FPM_AGG"".""MAX_DPD"") > 0,(""FCT_NPA_PRODUCT"".""var"".""PREV_DAY_ASSET_CLASS"") == ""Loss"",(""FCT_NPA_PRODUCT"".""var"".""ASSET_CLASS_DAYS"") >= 1)) THEN(""6#@@#Loss- Continue"") ELSEIF((""FCT_NPA_PRODUCT"".""FRAUD_CODE"")CONTAINS[""Fraud""]) THEN(""6#@@#Downgrade - Loss - Fraud detected"") ELSEIF(AND((""FCT_NPA_PRODUCT"".""var"".""COLLATERAL_OUTSTANDING_RATIO"") < 10,(""FCT_NPA_PRODUCT"".""IS_SECURED"") == ""Y"",(""FCT_NPA_PRODUCT"".""var"".""COLLATERAL_AMT_CHECK"") == ""TRUE"")) THEN(""6#@@#Downgrade - Loss - Collateral to outstanding <10 Percent"") ELSEIF(AND((""FCT_NPA_PRODUCT"".""FK_FPM_AGG"".""MAX_DPD"") > 0,(""FCT_NPA_PRODUCT"".""var"".""PREV_DAY_ASSET_CLASS"") == ""Doubtful 3"",(""FCT_NPA_PRODUCT"".""var"".""ASSET_CLASS_DAYS"") >= 1)) THEN(""5#@@#Doubtful 3 - Continue"") ELSEIF(AND((""FCT_NPA_PRODUCT"".""FK_COLLATERAL"".""EROSION_PERCENT"") > 50,(""FCT_NPA_PRODUCT"".""IS_SECURED"") == ""Y"",(""FCT_NPA_PRODUCT"".""var"".""COLLATERAL_AMT_CHECK"") == ""TRUE"")) THEN(""5#@@#Downgrade - Doubtful 3 - Erosion >50 Percent"") ELSEIF(AND((""FCT_NPA_PRODUCT"".""FK_FPM_AGG"".""MAX_DPD"") > 0,(""FCT_NPA_PRODUCT"".""var"".""PREV_DAY_ASSET_CLASS"") == ""Doubtful 2"",(""FCT_NPA_PRODUCT"".""var"".""ASSET_CLASS_DAYS"") >= 731)) THEN(""5#@@#Downgrade - Doubtful 3 Previous Doubtful 2"") ELSEIF(AND((""FCT_NPA_PRODUCT"".""FK_FPM_AGG"".""MAX_DPD"") > 0,(""FCT_NPA_PRODUCT"".""var"".""PREV_DAY_ASSET_CLASS"") == ""Sub Standard"",(""FCT_NPA_PRODUCT"".""var"".""ASSET_CLASS_DAYS"") BETWEEN [1,365])) THEN(""2#@@#Sub Standard - Continue"") ELSEIF(AND((""FCT_NPA_PRODUCT"".""FK_FPM_AGG"".""MAX_DPD"") >= 365,(""FCT_NPA_PRODUCT"".""var"".""ASSET_CLASS_DAYS"") < 365,(OR(AND((""FCT_NPA_PRODUCT"".""fK_PRODUCT_TYPE"".""PRODUCT_TYPE_BKEY"") == ""Agri"",(""FCT_NPA_PRODUCT"".""fK_PRODUCT_TYPE"".""DATA_SOURCE_ID"") == 1))),(""FCT_NPA_PRODUCT"".""var"".""PREV_DAY_ASSET_CLASS"") == ""Standard"")) THEN(""2#@@#Downgrade - Substandard Agri"") ELSEIF(AND((""FCT_NPA_PRODUCT"".""FK_FPM_AGG"".""MAX_DPD"") >= 90,(""FCT_NPA_PRODUCT"".""var"".""ASSET_CLASS_DAYS"") < 365,(OR(AND((""FCT_NPA_PRODUCT"".""fK_PRODUCT_TYPE"".""PRODUCT_TYPE_BKEY"") == ""BILLS"",(""FCT_NPA_PRODUCT"".""fK_PRODUCT_TYPE"".""DATA_SOURCE_ID"") == 1),AND((""FCT_NPA_PRODUCT"".""fK_PRODUCT_TYPE"".""PRODUCT_TYPE_BKEY"") == ""BL"",(""FCT_NPA_PRODUCT"".""fK_PRODUCT_TYPE"".""DATA_SOURCE_ID"") == 1),AND((""FCT_NPA_PRODUCT"".""fK_PRODUCT_TYPE"".""PRODUCT_TYPE_BKEY"") == ""BNPL"",(""FCT_NPA_PRODUCT"".""fK_PRODUCT_TYPE"".""DATA_SOURCE_ID"") == 1),AND((""FCT_NPA_PRODUCT"".""fK_PRODUCT_TYPE"".""PRODUCT_TYPE_BKEY"") == ""CARDS"",(""FCT_NPA_PRODUCT"".""fK_PRODUCT_TYPE"".""DATA_SOURCE_ID"") == 2),AND((""FCT_NPA_PRODUCT"".""fK_PRODUCT_TYPE"".""PRODUCT_TYPE_BKEY"") == ""CL"",(""FCT_NPA_PRODUCT"".""fK_PRODUCT_TYPE"".""DATA_SOURCE_ID"") == 1),AND((""FCT_NPA_PRODUCT"".""fK_PRODUCT_TYPE"".""PRODUCT_TYPE_BKEY"") == ""CC"",(""FCT_NPA_PRODUCT"".""fK_PRODUCT_TYPE"".""DATA_SOURCE_ID"") == 1),AND((""FCT_NPA_PRODUCT"".""fK_PRODUCT_TYPE"".""PRODUCT_TYPE_BKEY"") == ""HL"",(""FCT_NPA_PRODUCT"".""fK_PRODUCT_TYPE"".""DATA_SOURCE_ID"") == 1),AND((""FCT_NPA_PRODUCT"".""fK_PRODUCT_TYPE"".""PRODUCT_TYPE_BKEY"") == ""OD"",(""FCT_NPA_PRODUCT"".""fK_PRODUCT_TYPE"".""DATA_SOURCE_ID"") == 1),AND((""FCT_NPA_PRODUCT"".""fK_PRODUCT_TYPE"".""PRODUCT_TYPE_BKEY"") == ""PL"",(""FCT_NPA_PRODUCT"".""fK_PRODUCT_TYPE"".""DATA_SOURCE_ID"") == 1),AND((""FCT_NPA_PRODUCT"".""fK_PRODUCT_TYPE"".""PRODUCT_TYPE_BKEY"") == ""TL"",(""FCT_NPA_PRODUCT"".""fK_PRODUCT_TYPE"".""DATA_SOURCE_ID"") == 1))),(""FCT_NPA_PRODUCT"".""var"".""PREV_DAY_ASSET_CLASS"") == ""Standard"")) THEN(""2#@@#Downgrade - Substandard"") ELSEIF(AND((""FCT_NPA_PRODUCT"".""FK_FPM_AGG"".""MAX_DPD"") > 0,(""FCT_NPA_PRODUCT"".""var"".""ASSET_CLASS_DAYS"") BETWEEN [1,365],(""FCT_NPA_PRODUCT"".""var"".""PREV_DAY_ASSET_CLASS"") == ""Doubtful 1"")) THEN(""3#@@#Doubtful 1 - Continue"") ELSEIF(AND((""FCT_NPA_PRODUCT"".""FK_FPM_AGG"".""MAX_DPD"") > 0,(""FCT_NPA_PRODUCT"".""var"".""ASSET_CLASS_DAYS"") BETWEEN [366,730],(""FCT_NPA_PRODUCT"".""var"".""PREV_DAY_ASSET_CLASS"") == ""Sub Standard"")) THEN(""3#@@#Downgrade - Doubtful 1 Previous Substandard"") ELSEIF(AND((""FCT_NPA_PRODUCT"".""FK_FPM_AGG"".""MAX_DPD"") > 0,(""FCT_NPA_PRODUCT"".""var"".""ASSET_CLASS_DAYS"") BETWEEN [1,730],(""FCT_NPA_PRODUCT"".""var"".""PREV_DAY_ASSET_CLASS"") == ""Doubtful 2"")) THEN(""4#@@#Doubtful 2 - Continue"") ELSEIF(AND((""FCT_NPA_PRODUCT"".""FK_FPM_AGG"".""MAX_DPD"") > 0,(""FCT_NPA_PRODUCT"".""var"".""ASSET_CLASS_DAYS"") BETWEEN [366,730],(""FCT_NPA_PRODUCT"".""var"".""PREV_DAY_ASSET_CLASS"") == ""Doubtful 1"")) THEN(""4#@@#Downgrade - Doubtful 2 Previous Doubtful 1"") ELSEIF(AND((""FCT_NPA_PRODUCT"".""RESTRUCTURED_IND"") == ""Y"",(""FCT_NPA_PRODUCT"".""var"".""RESTRUCTURE_MONITORING_PERIOD"") <= 0)) THEN(""7#@@#Upgrade Exception - Under Restructure Monitoring"") ELSE(""-1#@@#Default"")",20-07-2026,ACTIVE,number,"{""decisionTableDetails"":[{""derivedValue"":""Standard"",""sequenceNumber"":1,""conditionName"":""Standard-Continue"",""conditionalLinksInfo"":[{""columnName"":""FRAUD_CODE"",""operator"":""ISEMPTY"",""rangeFrom"":"""",""rangeTo"":"""",""value"":"""",""name"":""FRAUD_CODE"",""type"":""ENT"",""isFilterSet"":""""},{""columnName"":""MAX_DPD"",""operator"":""=="",""rangeFrom"":"""",""rangeTo"":"""",""value"":""0"",""name"":""FK_FPM_AGG"",""type"":""REL"",""isFilterSet"":""""},{""columnName"":""COLLATERAL_OUTSTANDING_RATIO"",""operator"":"">"",""rangeFrom"":"""",""rangeTo"":"""",""value"":""10"",""name"":""var"",""type"":""TEMP"",""isFilterSet"":""""},{""columnName"":""EROSION_PERCENT"",""operator"":""<"",""rangeFrom"":"""",""rangeTo"":"""",""value"":""50"",""name"":""FK_COLLATERAL"",""type"":""REL"",""isFilterSet"":""""},{""columnName"":""PREV_DAY_ASSET_CLASS"",""operator"":""=="",""rangeFrom"":"""",""rangeTo"":"""",""value"":""Standard"",""name"":""var"",""type"":""TEMP"",""isFilterSet"":""""}]},{""derivedValue"":""Standard"",""sequenceNumber"":2,""conditionName"":""Downgrade Exception - Collateral more than Outstanding"",""conditionalLinksInfo"":[{""columnName"":""COLLATERAL_OUTSTANDING_RATIO"",""operator"":"">"",""rangeFrom"":"""",""rangeTo"":"""",""value"":""100"",""name"":""var"",""type"":""TEMP"",""isFilterSet"":""""},{""columnName"":""COLLATERAL_TYPE_ID"",""operator"":""=="",""rangeFrom"":"""",""rangeTo"":"""",""value"":""5"",""name"":""FK_COLLATERAL"",""type"":""REL"",""isFilterSet"":""""}]},{""derivedValue"":""Standard"",""sequenceNumber"":3,""conditionName"":""Upgrade to Standard due to no DPD, Fraud and Security erosion"",""conditionalLinksInfo"":[{""columnName"":""FRAUD_CODE"",""operator"":""ISEMPTY"",""rangeFrom"":"""",""rangeTo"":"""",""value"":"""",""name"":""FRAUD_CODE"",""type"":""ENT"",""isFilterSet"":""""},{""columnName"":""MAX_DPD"",""operator"":""=="",""rangeFrom"":"""",""rangeTo"":"""",""value"":""0"",""name"":""FK_FPM_AGG"",""type"":""REL"",""isFilterSet"":""""},{""columnName"":""COLLATERAL_OUTSTANDING_RATIO"",""operator"":"">"",""rangeFrom"":"""",""rangeTo"":"""",""value"":""10"",""name"":""var"",""type"":""TEMP"",""isFilterSet"":""""},{""columnName"":""EROSION_PERCENT"",""operator"":""<"",""rangeFrom"":"""",""rangeTo"":"""",""value"":""50"",""name"":""FK_COLLATERAL"",""type"":""REL"",""isFilterSet"":""""},{""columnName"":""PREV_DAY_ASSET_CLASS"",""operator"":""!="",""rangeFrom"":"""",""rangeTo"":"""",""value"":""Standard"",""name"":""var"",""type"":""TEMP"",""isFilterSet"":""""}]},{""derivedValue"":""Loss"",""sequenceNumber"":4,""conditionName"":""Loss- Continue"",""conditionalLinksInfo"":[{""columnName"":""MAX_DPD"",""operator"":"">"",""rangeFrom"":"""",""rangeTo"":"""",""value"":""0"",""name"":""FK_FPM_AGG"",""type"":""REL"",""isFilterSet"":""""},{""columnName"":""PREV_DAY_ASSET_CLASS"",""operator"":""=="",""rangeFrom"":"""",""rangeTo"":"""",""value"":""Loss"",""name"":""var"",""type"":""TEMP"",""isFilterSet"":""""},{""columnName"":""ASSET_CLASS_DAYS"",""operator"":"">="",""rangeFrom"":"""",""rangeTo"":"""",""value"":""1"",""name"":""var"",""type"":""TEMP"",""isFilterSet"":""""}]},{""derivedValue"":""Loss"",""sequenceNumber"":5,""conditionName"":""Downgrade - Loss - Fraud detected"",""conditionalLinksInfo"":[{""columnName"":""FRAUD_CODE"",""operator"":""CONTAINS"",""rangeFrom"":"""",""rangeTo"":"""",""value"":""Fraud"",""name"":""FRAUD_CODE"",""type"":""ENT"",""isFilterSet"":""""}]},{""derivedValue"":""Loss"",""sequenceNumber"":6,""conditionName"":""Downgrade - Loss - Collateral to outstanding <10 Percent"",""conditionalLinksInfo"":[{""columnName"":""COLLATERAL_OUTSTANDING_RATIO"",""operator"":""<"",""rangeFrom"":"""",""rangeTo"":"""",""value"":""10"",""name"":""var"",""type"":""TEMP"",""isFilterSet"":""""},{""columnName"":""IS_SECURED"",""operator"":""=="",""rangeFrom"":"""",""rangeTo"":"""",""value"":""Y"",""name"":""IS_SECURED"",""type"":""ENT"",""isFilterSet"":""""},{""columnName"":""COLLATERAL_AMT_CHECK"",""operator"":""=="",""rangeFrom"":"""",""rangeTo"":"""",""value"":""TRUE"",""name"":""var"",""type"":""TEMP"",""isFilterSet"":""""}]},{""derivedValue"":""Doubtful 3"",""sequenceNumber"":7,""conditionName"":""Doubtful 3 - Continue"",""conditionalLinksInfo"":[{""columnName"":""MAX_DPD"",""operator"":"">"",""rangeFrom"":"""",""rangeTo"":"""",""value"":""0"",""name"":""FK_FPM_AGG"",""type"":""REL"",""isFilterSet"":""""},{""columnName"":""PREV_DAY_ASSET_CLASS"",""operator"":""=="",""rangeFrom"":"""",""rangeTo"":"""",""value"":""Doubtful 3"",""name"":""var"",""type"":""TEMP"",""isFilterSet"":""""},{""columnName"":""ASSET_CLASS_DAYS"",""operator"":"">="",""rangeFrom"":"""",""rangeTo"":"""",""value"":""1"",""name"":""var"",""type"":""TEMP"",""isFilterSet"":""""}]},{""derivedValue"":""Doubtful 3"",""sequenceNumber"":8,""conditionName"":""Downgrade - Doubtful 3 - Erosion >50 Percent"",""conditionalLinksInfo"":[{""columnName"":""EROSION_PERCENT"",""operator"":"">"",""rangeFrom"":"""",""rangeTo"":"""",""value"":""50"",""name"":""FK_COLLATERAL"",""type"":""REL"",""isFilterSet"":""""},{""columnName"":""IS_SECURED"",""operator"":""=="",""rangeFrom"":"""",""rangeTo"":"""",""value"":""Y"",""name"":""IS_SECURED"",""type"":""ENT"",""isFilterSet"":""""},{""columnName"":""COLLATERAL_AMT_CHECK"",""operator"":""=="",""rangeFrom"":"""",""rangeTo"":"""",""value"":""TRUE"",""name"":""var"",""type"":""TEMP"",""isFilterSet"":""""}]},{""derivedValue"":""Doubtful 3"",""sequenceNumber"":9,""conditionName"":""Downgrade - Doubtful 3 Previous Doubtful 2"",""conditionalLinksInfo"":[{""columnName"":""MAX_DPD"",""operator"":"">"",""rangeFrom"":"""",""rangeTo"":"""",""value"":""0"",""name"":""FK_FPM_AGG"",""type"":""REL"",""isFilterSet"":""""},{""columnName"":""PREV_DAY_ASSET_CLASS"",""operator"":""=="",""rangeFrom"":"""",""rangeTo"":"""",""value"":""Doubtful 2"",""name"":""var"",""type"":""TEMP"",""isFilterSet"":""""},{""columnName"":""ASSET_CLASS_DAYS"",""operator"":"">="",""rangeFrom"":"""",""rangeTo"":"""",""value"":""731"",""name"":""var"",""type"":""TEMP"",""isFilterSet"":""""}]},{""derivedValue"":""Sub Standard"",""sequenceNumber"":10,""conditionName"":""Sub Standard - Continue"",""conditionalLinksInfo"":[{""columnName"":""MAX_DPD"",""operator"":"">"",""rangeFrom"":"""",""rangeTo"":"""",""value"":""0"",""name"":""FK_FPM_AGG"",""type"":""REL"",""isFilterSet"":""""},{""columnName"":""PREV_DAY_ASSET_CLASS"",""operator"":""=="",""rangeFrom"":"""",""rangeTo"":"""",""value"":""Sub Standard"",""name"":""var"",""type"":""TEMP"",""isFilterSet"":""""},{""columnName"":""ASSET_CLASS_DAYS"",""operator"":""BETWEEN"",""rangeFrom"":""1"",""rangeTo"":""365"",""value"":"""",""name"":""var"",""type"":""TEMP"",""isFilterSet"":""""}]},{""derivedValue"":""Sub Standard"",""sequenceNumber"":11,""conditionName"":""Downgrade - Substandard Agri"",""conditionalLinksInfo"":[{""columnName"":""MAX_DPD"",""operator"":"">="",""rangeFrom"":"""",""rangeTo"":"""",""value"":""365"",""name"":""FK_FPM_AGG"",""type"":""REL"",""isFilterSet"":""""},{""columnName"":""ASSET_CLASS_DAYS"",""operator"":""<"",""rangeFrom"":"""",""rangeTo"":"""",""value"":""365"",""name"":""var"",""type"":""TEMP"",""isFilterSet"":""""},{""columnName"":""PRODUCT_TYPE_ID"",""operator"":""IN"",""rangeFrom"":"""",""rangeTo"":"""",""value"":"""",""name"":""PRODUCT_TYPE_ID"",""type"":""ENT"",""isFilterSet"":"""",""responseDDLookupColumnVO"":{""ddLookupColumnJSON"":{""ddLookupColumnListVOs"":[{""ddLookupColumnDerivedValuesVOs"":[{""columnName"":""PRODUCT_TYPE_ID"",""relationshipName"":""fK_PRODUCT_TYPE"",""columnType"":""ID"",""columnValue"":""1"",""columnUuid"":""40b1b43c-9835-4537-83c9-c56f6d5facc6"",""columnSequence"":-1,""isSelected"":false,""isVisible"":false,""dataTypeTechnicalName"":""Integer""},{""columnName"":""PRODUCT_TYPE_BKEY"",""relationshipName"":""fK_PRODUCT_TYPE"",""columnType"":""BKEY"",""columnValue"":""Agri"",""columnUuid"":""df015611-2ba5-4c07-b8da-d34ad9c079f8"",""columnSequence"":1,""isSelected"":false,""isVisible"":true,""dataTypeTechnicalName"":""String""},{""columnName"":""DATA_SOURCE_ID"",""relationshipName"":""fK_PRODUCT_TYPE"",""columnType"":""DATASOURCEID"",""columnValue"":""1"",""columnUuid"":""f0bcab2e-01c1-44ef-860e-34cf800f871d"",""columnSequence"":-1,""isSelected"":false,""isVisible"":false,""dataTypeTechnicalName"":""Integer""},{""columnName"":""DATA_SOURCE_NAME"",""relationshipName"":""FK_DATA_SOURCE"",""columnType"":""DATASOURCEBKEY"",""columnValue"":""CBS"",""columnUuid"":""6717a013-e4f6-4549-a821-e43c737e1bc1"",""columnSequence"":2,""isSelected"":false,""isVisible"":true,""dataTypeTechnicalName"":""String""}]}],""isIdToBkey"":false,""relationshipName"":null},""linkedEntityName"":""DIM_PRODUCT_TYPE""}},{""columnName"":""PREV_DAY_ASSET_CLASS"",""operator"":""=="",""rangeFrom"":"""",""rangeTo"":"""",""value"":""Standard"",""name"":""var"",""type"":""TEMP"",""isFilterSet"":""""}]},{""derivedValue"":""Sub Standard"",""sequenceNumber"":12,""conditionName"":""Downgrade - Substandard"",""conditionalLinksInfo"":[{""columnName"":""MAX_DPD"",""operator"":"">="",""rangeFrom"":"""",""rangeTo"":"""",""value"":""90"",""name"":""FK_FPM_AGG"",""type"":""REL"",""isFilterSet"":""""},{""columnName"":""ASSET_CLASS_DAYS"",""operator"":""<"",""rangeFrom"":"""",""rangeTo"":"""",""value"":""365"",""name"":""var"",""type"":""TEMP"",""isFilterSet"":""""},{""columnName"":""PRODUCT_TYPE_ID"",""operator"":""IN"",""rangeFrom"":"""",""rangeTo"":"""",""value"":"""",""name"":""PRODUCT_TYPE_ID"",""type"":""ENT"",""isFilterSet"":"""",""responseDDLookupColumnVO"":{""ddLookupColumnJSON"":{""ddLookupColumnListVOs"":[{""ddLookupColumnDerivedValuesVOs"":[{""columnName"":""PRODUCT_TYPE_ID"",""relationshipName"":""fK_PRODUCT_TYPE"",""columnType"":""ID"",""columnValue"":""11"",""columnUuid"":""40b1b43c-9835-4537-83c9-c56f6d5facc6"",""columnSequence"":-1,""isSelected"":false,""isVisible"":false,""dataTypeTechnicalName"":""Integer""},{""columnName"":""PRODUCT_TYPE_BKEY"",""relationshipName"":""fK_PRODUCT_TYPE"",""columnType"":""BKEY"",""columnValue"":""BILLS"",""columnUuid"":""df015611-2ba5-4c07-b8da-d34ad9c079f8"",""columnSequence"":1,""isSelected"":false,""isVisible"":true,""dataTypeTechnicalName"":""String""},{""columnName"":""DATA_SOURCE_ID"",""relationshipName"":""fK_PRODUCT_TYPE"",""columnType"":""DATASOURCEID"",""columnValue"":""1"",""columnUuid"":""f0bcab2e-01c1-44ef-860e-34cf800f871d"",""columnSequence"":-1,""isSelected"":false,""isVisible"":false,""dataTypeTechnicalName"":""Integer""},{""columnName"":""DATA_SOURCE_NAME"",""relationshipName"":""FK_DATA_SOURCE"",""columnType"":""DATASOURCEBKEY"",""columnValue"":""CBS"",""columnUuid"":""6717a013-e4f6-4549-a821-e43c737e1bc1"",""columnSequence"":2,""isSelected"":false,""isVisible"":true,""dataTypeTechnicalName"":""String""}]},{""ddLookupColumnDerivedValuesVOs"":[{""columnName"":""PRODUCT_TYPE_ID"",""relationshipName"":""fK_PRODUCT_TYPE"",""columnType"":""ID"",""columnValue"":""5"",""columnUuid"":""40b1b43c-9835-4537-83c9-c56f6d5facc6"",""columnSequence"":-1,""isSelected"":false,""isVisible"":false,""dataTypeTechnicalName"":""Integer""},{""columnName"":""PRODUCT_TYPE_BKEY"",""relationshipName"":""fK_PRODUCT_TYPE"",""columnType"":""BKEY"",""columnValue"":""BL"",""columnUuid"":""df015611-2ba5-4c07-b8da-d34ad9c079f8"",""columnSequence"":1,""isSelected"":false,""isVisible"":true,""dataTypeTechnicalName"":""String""},{""columnName"":""DATA_SOURCE_ID"",""relationshipName"":""fK_PRODUCT_TYPE"",""columnType"":""DATASOURCEID"",""columnValue"":""1"",""columnUuid"":""f0bcab2e-01c1-44ef-860e-34cf800f871d"",""columnSequence"":-1,""isSelected"":false,""isVisible"":false,""dataTypeTechnicalName"":""Integer""},{""columnName"":""DATA_SOURCE_NAME"",""relationshipName"":""FK_DATA_SOURCE"",""columnType"":""DATASOURCEBKEY"",""columnValue"":""CBS"",""columnUuid"":""6717a013-e4f6-4549-a821-e43c737e1bc1"",""columnSequence"":2,""isSelected"":false,""isVisible"":true,""dataTypeTechnicalName"":""String""}]},{""ddLookupColumnDerivedValuesVOs"":[{""columnName"":""PRODUCT_TYPE_ID"",""relationshipName"":""fK_PRODUCT_TYPE"",""columnType"":""ID"",""columnValue"":""3"",""columnUuid"":""40b1b43c-9835-4537-83c9-c56f6d5facc6"",""columnSequence"":-1,""isSelected"":false,""isVisible"":false,""dataTypeTechnicalName"":""Integer""},{""columnName"":""PRODUCT_TYPE_BKEY"",""relationshipName"":""fK_PRODUCT_TYPE"",""columnType"":""BKEY"",""columnValue"":""BNPL"",""columnUuid"":""df015611-2ba5-4c07-b8da-d34ad9c079f8"",""columnSequence"":1,""isSelected"":false,""isVisible"":true,""dataTypeTechnicalName"":""String""},{""columnName"":""DATA_SOURCE_ID"",""relationshipName"":""fK_PRODUCT_TYPE"",""columnType"":""DATASOURCEID"",""columnValue"":""1"",""columnUuid"":""f0bcab2e-01c1-44ef-860e-34cf800f871d"",""columnSequence"":-1,""isSelected"":false,""isVisible"":false,""dataTypeTechnicalName"":""Integer""},{""columnName"":""DATA_SOURCE_NAME"",""relationshipName"":""FK_DATA_SOURCE"",""columnType"":""DATASOURCEBKEY"",""columnValue"":""CBS"",""columnUuid"":""6717a013-e4f6-4549-a821-e43c737e1bc1"",""columnSequence"":2,""isSelected"":false,""isVisible"":true,""dataTypeTechnicalName"":""String""}]},{""ddLookupColumnDerivedValuesVOs"":[{""columnName"":""PRODUCT_TYPE_ID"",""relationshipName"":""fK_PRODUCT_TYPE"",""columnType"":""ID"",""columnValue"":""4"",""columnUuid"":""40b1b43c-9835-4537-83c9-c56f6d5facc6"",""columnSequence"":-1,""isSelected"":false,""isVisible"":false,""dataTypeTechnicalName"":""Integer""},{""columnName"":""PRODUCT_TYPE_BKEY"",""relationshipName"":""fK_PRODUCT_TYPE"",""columnType"":""BKEY"",""columnValue"":""CARDS"",""columnUuid"":""df015611-2ba5-4c07-b8da-d34ad9c079f8"",""columnSequence"":1,""isSelected"":false,""isVisible"":true,""dataTypeTechnicalName"":""String""},{""columnName"":""DATA_SOURCE_ID"",""relationshipName"":""fK_PRODUCT_TYPE"",""columnType"":""DATASOURCEID"",""columnValue"":""2"",""columnUuid"":""f0bcab2e-01c1-44ef-860e-34cf800f871d"",""columnSequence"":-1,""isSelected"":false,""isVisible"":false,""dataTypeTechnicalName"":""Integer""},{""columnName"":""DATA_SOURCE_NAME"",""relationshipName"":""FK_DATA_SOURCE"",""columnType"":""DATASOURCEBKEY"",""columnValue"":""VISIONPLUS"",""columnUuid"":""6717a013-e4f6-4549-a821-e43c737e1bc1"",""columnSequence"":2,""isSelected"":false,""isVisible"":true,""dataTypeTechnicalName"":""String""}]},{""ddLookupColumnDerivedValuesVOs"":[{""columnName"":""PRODUCT_TYPE_ID"",""relationshipName"":""fK_PRODUCT_TYPE"",""columnType"":""ID"",""columnValue"":""8"",""columnUuid"":""40b1b43c-9835-4537-83c9-c56f6d5facc6"",""columnSequence"":-1,""isSelected"":false,""isVisible"":false,""dataTypeTechnicalName"":""Integer""},{""columnName"":""PRODUCT_TYPE_BKEY"",""relationshipName"":""fK_PRODUCT_TYPE"",""columnType"":""BKEY"",""columnValue"":""CL"",""columnUuid"":""df015611-2ba5-4c07-b8da-d34ad9c079f8"",""columnSequence"":1,""isSelected"":false,""isVisible"":true,""dataTypeTechnicalName"":""String""},{""columnName"":""DATA_SOURCE_ID"",""relationshipName"":""fK_PRODUCT_TYPE"",""columnType"":""DATASOURCEID"",""columnValue"":""1"",""columnUuid"":""f0bcab2e-01c1-44ef-860e-34cf800f871d"",""columnSequence"":-1,""isSelected"":false,""isVisible"":false,""dataTypeTechnicalName"":""Integer""},{""columnName"":""DATA_SOURCE_NAME"",""relationshipName"":""FK_DATA_SOURCE"",""columnType"":""DATASOURCEBKEY"",""columnValue"":""CBS"",""columnUuid"":""6717a013-e4f6-4549-a821-e43c737e1bc1"",""columnSequence"":2,""isSelected"":false,""isVisible"":true,""dataTypeTechnicalName"":""String""}]},{""ddLookupColumnDerivedValuesVOs"":[{""columnName"":""PRODUCT_TYPE_ID"",""relationshipName"":""fK_PRODUCT_TYPE"",""columnType"":""ID"",""columnValue"":""2"",""columnUuid"":""40b1b43c-9835-4537-83c9-c56f6d5facc6"",""columnSequence"":-1,""isSelected"":false,""isVisible"":false,""dataTypeTechnicalName"":""Integer""},{""columnName"":""PRODUCT_TYPE_BKEY"",""relationshipName"":""fK_PRODUCT_TYPE"",""columnType"":""BKEY"",""columnValue"":""CC"",""columnUuid"":""df015611-2ba5-4c07-b8da-d34ad9c079f8"",""columnSequence"":1,""isSelected"":false,""isVisible"":true,""dataTypeTechnicalName"":""String""},{""columnName"":""DATA_SOURCE_ID"",""relationshipName"":""fK_PRODUCT_TYPE"",""columnType"":""DATASOURCEID"",""columnValue"":""1"",""columnUuid"":""f0bcab2e-01c1-44ef-860e-34cf800f871d"",""columnSequence"":-1,""isSelected"":false,""isVisible"":false,""dataTypeTechnicalName"":""Integer""},{""columnName"":""DATA_SOURCE_NAME"",""relationshipName"":""FK_DATA_SOURCE"",""columnType"":""DATASOURCEBKEY"",""columnValue"":""CBS"",""columnUuid"":""6717a013-e4f6-4549-a821-e43c737e1bc1"",""columnSequence"":2,""isSelected"":false,""isVisible"":true,""dataTypeTechnicalName"":""String""}]},{""ddLookupColumnDerivedValuesVOs"":[{""columnName"":""PRODUCT_TYPE_ID"",""relationshipName"":""fK_PRODUCT_TYPE"",""columnType"":""ID"",""columnValue"":""9"",""columnUuid"":""40b1b43c-9835-4537-83c9-c56f6d5facc6"",""columnSequence"":-1,""isSelected"":false,""isVisible"":false,""dataTypeTechnicalName"":""Integer""},{""columnName"":""PRODUCT_TYPE_BKEY"",""relationshipName"":""fK_PRODUCT_TYPE"",""columnType"":""BKEY"",""columnValue"":""HL"",""columnUuid"":""df015611-2ba5-4c07-b8da-d34ad9c079f8"",""columnSequence"":1,""isSelected"":false,""isVisible"":true,""dataTypeTechnicalName"":""String""},{""columnName"":""DATA_SOURCE_ID"",""relationshipName"":""fK_PRODUCT_TYPE"",""columnType"":""DATASOURCEID"",""columnValue"":""1"",""columnUuid"":""f0bcab2e-01c1-44ef-860e-34cf800f871d"",""columnSequence"":-1,""isSelected"":false,""isVisible"":false,""dataTypeTechnicalName"":""Integer""},{""columnName"":""DATA_SOURCE_NAME"",""relationshipName"":""FK_DATA_SOURCE"",""columnType"":""DATASOURCEBKEY"",""columnValue"":""CBS"",""columnUuid"":""6717a013-e4f6-4549-a821-e43c737e1bc1"",""columnSequence"":2,""isSelected"":false,""isVisible"":true,""dataTypeTechnicalName"":""String""}]},{""ddLookupColumnDerivedValuesVOs"":[{""columnName"":""PRODUCT_TYPE_ID"",""relationshipName"":""fK_PRODUCT_TYPE"",""columnType"":""ID"",""columnValue"":""10"",""columnUuid"":""40b1b43c-9835-4537-83c9-c56f6d5facc6"",""columnSequence"":-1,""isSelected"":false,""isVisible"":false,""dataTypeTechnicalName"":""Integer""},{""columnName"":""PRODUCT_TYPE_BKEY"",""relationshipName"":""fK_PRODUCT_TYPE"",""columnType"":""BKEY"",""columnValue"":""OD"",""columnUuid"":""df015611-2ba5-4c07-b8da-d34ad9c079f8"",""columnSequence"":1,""isSelected"":false,""isVisible"":true,""dataTypeTechnicalName"":""String""},{""columnName"":""DATA_SOURCE_ID"",""relationshipName"":""fK_PRODUCT_TYPE"",""columnType"":""DATASOURCEID"",""columnValue"":""1"",""columnUuid"":""f0bcab2e-01c1-44ef-860e-34cf800f871d"",""columnSequence"":-1,""isSelected"":false,""isVisible"":false,""dataTypeTechnicalName"":""Integer""},{""columnName"":""DATA_SOURCE_NAME"",""relationshipName"":""FK_DATA_SOURCE"",""columnType"":""DATASOURCEBKEY"",""columnValue"":""CBS"",""columnUuid"":""6717a013-e4f6-4549-a821-e43c737e1bc1"",""columnSequence"":2,""isSelected"":false,""isVisible"":true,""dataTypeTechnicalName"":""String""}]},{""ddLookupColumnDerivedValuesVOs"":[{""columnName"":""PRODUCT_TYPE_ID"",""relationshipName"":""fK_PRODUCT_TYPE"",""columnType"":""ID"",""columnValue"":""7"",""columnUuid"":""40b1b43c-9835-4537-83c9-c56f6d5facc6"",""columnSequence"":-1,""isSelected"":false,""isVisible"":false,""dataTypeTechnicalName"":""Integer""},{""columnName"":""PRODUCT_TYPE_BKEY"",""relationshipName"":""fK_PRODUCT_TYPE"",""columnType"":""BKEY"",""columnValue"":""PL"",""columnUuid"":""df015611-2ba5-4c07-b8da-d34ad9c079f8"",""columnSequence"":1,""isSelected"":false,""isVisible"":true,""dataTypeTechnicalName"":""String""},{""columnName"":""DATA_SOURCE_ID"",""relationshipName"":""fK_PRODUCT_TYPE"",""columnType"":""DATASOURCEID"",""columnValue"":""1"",""columnUuid"":""f0bcab2e-01c1-44ef-860e-34cf800f871d"",""columnSequence"":-1,""isSelected"":false,""isVisible"":false,""dataTypeTechnicalName"":""Integer""},{""columnName"":""DATA_SOURCE_NAME"",""relationshipName"":""FK_DATA_SOURCE"",""columnType"":""DATASOURCEBKEY"",""columnValue"":""CBS"",""columnUuid"":""6717a013-e4f6-4549-a821-e43c737e1bc1"",""columnSequence"":2,""isSelected"":false,""isVisible"":true,""dataTypeTechnicalName"":""String""}]},{""ddLookupColumnDerivedValuesVOs"":[{""columnName"":""PRODUCT_TYPE_ID"",""relationshipName"":""fK_PRODUCT_TYPE"",""columnType"":""ID"",""columnValue"":""6"",""columnUuid"":""40b1b43c-9835-4537-83c9-c56f6d5facc6"",""columnSequence"":-1,""isSelected"":false,""isVisible"":false,""dataTypeTechnicalName"":""Integer""},{""columnName"":""PRODUCT_TYPE_BKEY"",""relationshipName"":""fK_PRODUCT_TYPE"",""columnType"":""BKEY"",""columnValue"":""TL"",""columnUuid"":""df015611-2ba5-4c07-b8da-d34ad9c079f8"",""columnSequence"":1,""isSelected"":false,""isVisible"":true,""dataTypeTechnicalName"":""String""},{""columnName"":""DATA_SOURCE_ID"",""relationshipName"":""fK_PRODUCT_TYPE"",""columnType"":""DATASOURCEID"",""columnValue"":""1"",""columnUuid"":""f0bcab2e-01c1-44ef-860e-34cf800f871d"",""columnSequence"":-1,""isSelected"":false,""isVisible"":false,""dataTypeTechnicalName"":""Integer""},{""columnName"":""DATA_SOURCE_NAME"",""relationshipName"":""FK_DATA_SOURCE"",""columnType"":""DATASOURCEBKEY"",""columnValue"":""CBS"",""columnUuid"":""6717a013-e4f6-4549-a821-e43c737e1bc1"",""columnSequence"":2,""isSelected"":false,""isVisible"":true,""dataTypeTechnicalName"":""String""}]}],""isIdToBkey"":false,""relationshipName"":null},""linkedEntityName"":""DIM_PRODUCT_TYPE""}},{""columnName"":""PREV_DAY_ASSET_CLASS"",""operator"":""=="",""rangeFrom"":"""",""rangeTo"":"""",""value"":""Standard"",""name"":""var"",""type"":""TEMP"",""isFilterSet"":""""}]},{""derivedValue"":""Doubtful 1"",""sequenceNumber"":13,""conditionName"":""Doubtful 1 - Continue"",""conditionalLinksInfo"":[{""columnName"":""MAX_DPD"",""operator"":"">"",""rangeFrom"":"""",""rangeTo"":"""",""value"":""0"",""name"":""FK_FPM_AGG"",""type"":""REL"",""isFilterSet"":""""},{""columnName"":""ASSET_CLASS_DAYS"",""operator"":""BETWEEN"",""rangeFrom"":""1"",""rangeTo"":""365"",""value"":"""",""name"":""var"",""type"":""TEMP"",""isFilterSet"":""""},{""columnName"":""PREV_DAY_ASSET_CLASS"",""operator"":""=="",""rangeFrom"":"""",""rangeTo"":"""",""value"":""Doubtful 1"",""name"":""var"",""type"":""TEMP"",""isFilterSet"":""""}]},{""derivedValue"":""Doubtful 1"",""sequenceNumber"":14,""conditionName"":""Downgrade - Doubtful 1 Previous Substandard"",""conditionalLinksInfo"":[{""columnName"":""MAX_DPD"",""operator"":"">"",""rangeFrom"":"""",""rangeTo"":"""",""value"":""0"",""name"":""FK_FPM_AGG"",""type"":""REL"",""isFilterSet"":""""},{""columnName"":""ASSET_CLASS_DAYS"",""operator"":""BETWEEN"",""rangeFrom"":""366"",""rangeTo"":""730"",""value"":"""",""name"":""var"",""type"":""TEMP"",""isFilterSet"":""""},{""columnName"":""PREV_DAY_ASSET_CLASS"",""operator"":""=="",""rangeFrom"":"""",""rangeTo"":"""",""value"":""Sub Standard"",""name"":""var"",""type"":""TEMP"",""isFilterSet"":""""}]},{""derivedValue"":""Doubtful 2"",""sequenceNumber"":15,""conditionName"":""Doubtful 2 - Continue"",""conditionalLinksInfo"":[{""columnName"":""MAX_DPD"",""operator"":"">"",""rangeFrom"":"""",""rangeTo"":"""",""value"":""0"",""name"":""FK_FPM_AGG"",""type"":""REL"",""isFilterSet"":""""},{""columnName"":""ASSET_CLASS_DAYS"",""operator"":""BETWEEN"",""rangeFrom"":""1"",""rangeTo"":""730"",""value"":"""",""name"":""var"",""type"":""TEMP"",""isFilterSet"":""""},{""columnName"":""PREV_DAY_ASSET_CLASS"",""operator"":""=="",""rangeFrom"":"""",""rangeTo"":"""",""value"":""Doubtful 2"",""name"":""var"",""type"":""TEMP"",""isFilterSet"":""""}]},{""derivedValue"":""Doubtful 2"",""sequenceNumber"":16,""conditionName"":""Downgrade - Doubtful 2 Previous Doubtful 1"",""conditionalLinksInfo"":[{""columnName"":""MAX_DPD"",""operator"":"">"",""rangeFrom"":"""",""rangeTo"":"""",""value"":""0"",""name"":""FK_FPM_AGG"",""type"":""REL"",""isFilterSet"":""""},{""columnName"":""ASSET_CLASS_DAYS"",""operator"":""BETWEEN"",""rangeFrom"":""366"",""rangeTo"":""730"",""value"":"""",""name"":""var"",""type"":""TEMP"",""isFilterSet"":""""},{""columnName"":""PREV_DAY_ASSET_CLASS"",""operator"":""=="",""rangeFrom"":"""",""rangeTo"":"""",""value"":""Doubtful 1"",""name"":""var"",""type"":""TEMP"",""isFilterSet"":""""}]},{""derivedValue"":""Std-Restructure"",""sequenceNumber"":17,""conditionName"":""Upgrade Exception - Under Restructure Monitoring"",""conditionalLinksInfo"":[{""columnName"":""RESTRUCTURED_IND"",""operator"":""=="",""rangeFrom"":"""",""rangeTo"":"""",""value"":""Y"",""name"":""RESTRUCTURED_IND"",""type"":""ENT"",""isFilterSet"":""""},{""columnName"":""RESTRUCTURE_MONITORING_PERIOD"",""operator"":""<="",""rangeFrom"":"""",""rangeTo"":"""",""value"":""0"",""name"":""var"",""type"":""TEMP"",""isFilterSet"":""""}]},{""derivedValue"":""NA"",""sequenceNumber"":18,""conditionName"":""Default"",""conditionalLinksInfo"":[]}],""decisionTableSelectedColumns"":[{""columnName"":""FREE_DATE_1"",""sequenceNumber"":62,""name"":""FREE_DATE_1"",""type"":""ENT""},{""columnName"":""FREE_DATE_2"",""sequenceNumber"":63,""name"":""FREE_DATE_2"",""type"":""ENT""},{""columnName"":""FREE_DATE_3"",""sequenceNumber"":64,""name"":""FREE_DATE_3"",""type"":""ENT""},{""columnName"":""FREE_DATE_4"",""sequenceNumber"":65,""name"":""FREE_DATE_4"",""type"":""ENT""},{""columnName"":""FREE_DATE_5"",""sequenceNumber"":66,""name"":""FREE_DATE_5"",""type"":""ENT""},{""columnName"":""FREE_AMT_1"",""sequenceNumber"":67,""name"":""FREE_AMT_1"",""type"":""ENT""},{""columnName"":""FREE_AMT_2"",""sequenceNumber"":68,""name"":""FREE_AMT_2"",""type"":""ENT""},{""columnName"":""FREE_AMT_3"",""sequenceNumber"":69,""name"":""FREE_AMT_3"",""type"":""ENT""},{""columnName"":""FREE_AMT_4"",""sequenceNumber"":70,""name"":""FREE_AMT_4"",""type"":""ENT""},{""columnName"":""FREE_AMT_5"",""sequenceNumber"":71,""name"":""FREE_AMT_5"",""type"":""ENT""},{""columnName"":""SOURCE_NPA_FLAG"",""sequenceNumber"":72,""name"":""SOURCE_NPA_FLAG"",""type"":""ENT""},{""columnName"":""SOURCE_NPA_DATE"",""sequenceNumber"":73,""name"":""SOURCE_NPA_DATE"",""type"":""ENT""},{""columnName"":""SOURCE_ASSET_CLASS_CODE"",""sequenceNumber"":74,""name"":""SOURCE_ASSET_CLASS_CODE"",""type"":""ENT""},{""columnName"":""SOURCE_PROVISION_PRINCIPAL_AMT"",""sequenceNumber"":75,""name"":""SOURCE_PROVISION_PRINCIPAL_AMT"",""type"":""ENT""},{""columnName"":""SOURCE_PROVISION_INTEREST_AMT"",""sequenceNumber"":76,""name"":""SOURCE_PROVISION_INTEREST_AMT"",""type"":""ENT""},{""columnName"":""SOURCE_PROV_PERCENT_SECURED"",""sequenceNumber"":77,""name"":""SOURCE_PROV_PERCENT_SECURED"",""type"":""ENT""},{""columnName"":""SOURCE_PROV_PERCENT_UNSECURED"",""sequenceNumber"":78,""name"":""SOURCE_PROV_PERCENT_UNSECURED"",""type"":""ENT""},{""columnName"":""PERIOD_ID"",""sequenceNumber"":79,""name"":""PERIOD_ID"",""type"":""ENT""},{""columnName"":""DATA_SOURCE_ID"",""sequenceNumber"":80,""name"":""DATA_SOURCE_ID"",""type"":""ENT""},{""columnName"":""PRODUCT_INSTANCE_BKEY"",""sequenceNumber"":81,""name"":""PRODUCT_INSTANCE_BKEY"",""type"":""ENT""},{""columnName"":""PRODUCT_INSTANCE_ID"",""sequenceNumber"":82,""name"":""PRODUCT_INSTANCE_ID"",""type"":""ENT""},{""columnName"":""CUSTOMER_BKEY"",""sequenceNumber"":83,""name"":""CUSTOMER_BKEY"",""type"":""ENT""},{""columnName"":""CUSTOMER_ID"",""sequenceNumber"":84,""name"":""CUSTOMER_ID"",""type"":""ENT""},{""columnName"":""CUSTOMER_NAME"",""sequenceNumber"":85,""name"":""CUSTOMER_NAME"",""type"":""ENT""},{""columnName"":""PRODUCT_SYSTEM"",""sequenceNumber"":86,""name"":""PRODUCT_SYSTEM"",""type"":""ENT""},{""columnName"":""PRODUCT_TYPE_ID"",""sequenceNumber"":87,""name"":""PRODUCT_TYPE_ID"",""type"":""ENT""},{""columnName"":""ASSET_CLASSIFICATION_ID"",""sequenceNumber"":88,""name"":""ASSET_CLASSIFICATION_ID"",""type"":""ENT""},{""columnName"":""CLASSIFICATION_DATE"",""sequenceNumber"":89,""name"":""CLASSIFICATION_DATE"",""type"":""ENT""},{""columnName"":""RECLASS_ASSET_ID"",""sequenceNumber"":90,""name"":""RECLASS_ASSET_ID"",""type"":""ENT""},{""columnName"":""CROSS_NPA_DATE"",""sequenceNumber"":91,""name"":""CROSS_NPA_DATE"",""type"":""ENT""},{""columnName"":""COBO_CROSS_NPA_DATE"",""sequenceNumber"":92,""name"":""COBO_CROSS_NPA_DATE"",""type"":""ENT""},{""columnName"":""COBO_RECLASS_ASSET_ID"",""sequenceNumber"":93,""name"":""COBO_RECLASS_ASSET_ID"",""type"":""ENT""},{""columnName"":""CAUSAL_ACCOUNT"",""sequenceNumber"":94,""name"":""CAUSAL_ACCOUNT"",""type"":""ENT""},{""columnName"":""NPA_STD_PRODUCT_TYPE_ID"",""sequenceNumber"":95,""name"":""NPA_STD_PRODUCT_TYPE_ID"",""type"":""ENT""},{""columnName"":""NPA_DATE"",""sequenceNumber"":96,""name"":""NPA_DATE"",""type"":""ENT""},{""columnName"":""NPA_EVENT_ID"",""sequenceNumber"":97,""name"":""NPA_EVENT_ID"",""type"":""ENT""},{""columnName"":""NPA_ID"",""sequenceNumber"":98,""name"":""NPA_ID"",""type"":""ENT""},{""columnName"":""NPA_REASON"",""sequenceNumber"":99,""name"":""NPA_REASON"",""type"":""ENT""},{""columnName"":""OUTSTANDING_AMT"",""sequenceNumber"":100,""name"":""OUTSTANDING_AMT"",""type"":""ENT""},{""columnName"":""OUTSTANDING_AMT_ACY"",""sequenceNumber"":101,""name"":""OUTSTANDING_AMT_ACY"",""type"":""ENT""},{""columnName"":""OUTSTANDING_CHARGE_AMT"",""sequenceNumber"":102,""name"":""OUTSTANDING_CHARGE_AMT"",""type"":""ENT""},{""columnName"":""OUTSTANDING_INTEREST_AMT"",""sequenceNumber"":103,""name"":""OUTSTANDING_INTEREST_AMT"",""type"":""ENT""},{""columnName"":""OUTSTANDING_PRINC_AMT"",""sequenceNumber"":104,""name"":""OUTSTANDING_PRINC_AMT"",""type"":""ENT""},{""columnName"":""GROSS_NPA"",""sequenceNumber"":105,""name"":""GROSS_NPA"",""type"":""ENT""},{""columnName"":""NET_NPA"",""sequenceNumber"":106,""name"":""NET_NPA"",""type"":""ENT""},{""columnName"":""DPD"",""sequenceNumber"":107,""name"":""DPD"",""type"":""ENT""},{""columnName"":""SERVICE_OUTLET_ID"",""sequenceNumber"":108,""name"":""SERVICE_OUTLET_ID"",""type"":""ENT""},{""columnName"":""CUSTOMER_TYPE_ID"",""sequenceNumber"":109,""name"":""CUSTOMER_TYPE_ID"",""type"":""ENT""},{""columnName"":""DEPARTMENT_ID"",""sequenceNumber"":110,""name"":""DEPARTMENT_ID"",""type"":""ENT""},{""columnName"":""USER_NAME"",""sequenceNumber"":111,""name"":""FK_SPN"",""type"":""REL""},{""columnName"":""USER_NPA_TAG"",""sequenceNumber"":112,""name"":""FK_SPN"",""type"":""REL""},{""columnName"":""VERSION_ID"",""sequenceNumber"":113,""name"":""FK_SPN"",""type"":""REL""},{""columnName"":""WRITE_OFF_AMT"",""sequenceNumber"":114,""name"":""FK_SPN"",""type"":""REL""},{""columnName"":""IS_WRITTEN_OFF"",""sequenceNumber"":115,""name"":""FK_SPN"",""type"":""REL""},{""columnName"":""WRITE_OFF_INT_AMT"",""sequenceNumber"":116,""name"":""FK_SPN"",""type"":""REL""},{""columnName"":""WRITE_OFF_PRIN_AMT"",""sequenceNumber"":117,""name"":""FK_SPN"",""type"":""REL""},{""columnName"":""WRITTEN_OFF_DATE"",""sequenceNumber"":118,""name"":""FK_SPN"",""type"":""REL""},{""columnName"":""INTERNAL_RATING_ID"",""sequenceNumber"":119,""name"":""FK_SPN"",""type"":""REL""},{""columnName"":""IS_RATING_DOWNGRADED"",""sequenceNumber"":120,""name"":""FK_SPN"",""type"":""REL""},{""columnName"":""CUSTOMER_CATEGORY_ID"",""sequenceNumber"":121,""name"":""FK_SPN"",""type"":""REL""},{""columnName"":""CUST_PORTFOLIO_VALUE"",""sequenceNumber"":122,""name"":""FK_SPN"",""type"":""REL""},{""columnName"":""FAIR_VALUE"",""sequenceNumber"":123,""name"":""FK_SPN"",""type"":""REL""},{""columnName"":""INTOS_ON_NPA_DATE"",""sequenceNumber"":124,""name"":""FK_SPN"",""type"":""REL""},{""columnName"":""PRINOS_ON_NPA_DATE"",""sequenceNumber"":125,""name"":""FK_SPN"",""type"":""REL""},{""columnName"":""OVERDUE_INTEREST_AMT"",""sequenceNumber"":126,""name"":""FK_SPN"",""type"":""REL""},{""columnName"":""PRI_RESTRUCTR_ASSET_CLASS_ID"",""sequenceNumber"":127,""name"":""FK_SPN"",""type"":""REL""},{""columnName"":""ACCT_OPEN_DATE"",""sequenceNumber"":128,""name"":""FK_SPN"",""type"":""REL""},{""columnName"":""NO_OF_PAST_DUE_INSTALLMENTS"",""sequenceNumber"":129,""name"":""FK_SPN"",""type"":""REL""},{""columnName"":""DELIQUENCY_STRING"",""sequenceNumber"":130,""name"":""FK_SPN"",""type"":""REL""},{""columnName"":""FREE_TEXT_1"",""sequenceNumber"":131,""name"":""FK_SPN"",""type"":""REL""},{""columnName"":""FREE_TEXT_2"",""sequenceNumber"":132,""name"":""FK_SPN"",""type"":""REL""},{""columnName"":""FREE_TEXT_3"",""sequenceNumber"":133,""name"":""FK_SPN"",""type"":""REL""},{""columnName"":""FREE_TEXT_4"",""sequenceNumber"":134,""name"":""FK_SPN"",""type"":""REL""},{""columnName"":""FREE_TEXT_5"",""sequenceNumber"":135,""name"":""FK_SPN"",""type"":""REL""},{""columnName"":""FREE_DATE_1"",""sequenceNumber"":136,""name"":""FK_SPN"",""type"":""REL""},{""columnName"":""FREE_DATE_2"",""sequenceNumber"":137,""name"":""FK_SPN"",""type"":""REL""},{""columnName"":""FREE_DATE_3"",""sequenceNumber"":138,""name"":""FK_SPN"",""type"":""REL""},{""columnName"":""FREE_DATE_4"",""sequenceNumber"":139,""name"":""FK_SPN"",""type"":""REL""},{""columnName"":""FREE_DATE_5"",""sequenceNumber"":140,""name"":""FK_SPN"",""type"":""REL""},{""columnName"":""FREE_AMT_1"",""sequenceNumber"":141,""name"":""FK_SPN"",""type"":""REL""},{""columnName"":""FREE_AMT_2"",""sequenceNumber"":142,""name"":""FK_SPN"",""type"":""REL""},{""columnName"":""FREE_AMT_3"",""sequenceNumber"":143,""name"":""FK_SPN"",""type"":""REL""},{""columnName"":""FREE_AMT_4"",""sequenceNumber"":144,""name"":""FK_SPN"",""type"":""REL""},{""columnName"":""FREE_AMT_5"",""sequenceNumber"":145,""name"":""FK_SPN"",""type"":""REL""},{""columnName"":""SOURCE_NPA_FLAG"",""sequenceNumber"":146,""name"":""FK_SPN"",""type"":""REL""},{""columnName"":""SOURCE_NPA_DATE"",""sequenceNumber"":147,""name"":""FK_SPN"",""type"":""REL""},{""columnName"":""SOURCE_ASSET_CLASS_CODE"",""sequenceNumber"":148,""name"":""FK_SPN"",""type"":""REL""},{""columnName"":""SOURCE_PROVISION_PRINCIPAL_AMT"",""sequenceNumber"":149,""name"":""FK_SPN"",""type"":""REL""},{""columnName"":""SOURCE_PROVISION_INTEREST_AMT"",""sequenceNumber"":150,""name"":""FK_SPN"",""type"":""REL""},{""columnName"":""SOURCE_PROV_PERCENT_SECURED"",""sequenceNumber"":151,""name"":""FK_SPN"",""type"":""REL""},{""columnName"":""SOURCE_PROV_PERCENT_UNSECURED"",""sequenceNumber"":152,""name"":""FK_SPN"",""type"":""REL""},{""columnName"":""PERIOD_ID"",""sequenceNumber"":153,""name"":""FK_SPN"",""type"":""REL""},{""columnName"":""DATA_SOURCE_ID"",""sequenceNumber"":154,""name"":""FK_SPN"",""type"":""REL""},{""columnName"":""PRODUCT_INSTANCE_BKEY"",""sequenceNumber"":155,""name"":""FK_SPN"",""type"":""REL""},{""columnName"":""PRODUCT_INSTANCE_ID"",""sequenceNumber"":156,""name"":""FK_SPN"",""type"":""REL""},{""columnName"":""CUSTOMER_BKEY"",""sequenceNumber"":157,""name"":""FK_SPN"",""type"":""REL""},{""columnName"":""CUSTOMER_ID"",""sequenceNumber"":158,""name"":""FK_SPN"",""type"":""REL""},{""columnName"":""CUSTOMER_NAME"",""sequenceNumber"":159,""name"":""FK_SPN"",""type"":""REL""},{""columnName"":""PRODUCT_SYSTEM"",""sequenceNumber"":160,""name"":""FK_SPN"",""type"":""REL""},{""columnName"":""PRODUCT_TYPE_ID"",""sequenceNumber"":161,""name"":""FK_SPN"",""type"":""REL""},{""columnName"":""ASSET_CLASSIFICATION_ID"",""sequenceNumber"":162,""name"":""FK_SPN"",""type"":""REL""},{""columnName"":""CLASSIFICATION_DATE"",""sequenceNumber"":163,""name"":""FK_SPN"",""type"":""REL""},{""columnName"":""RECLASS_ASSET_ID"",""sequenceNumber"":164,""name"":""FK_SPN"",""type"":""REL""},{""columnName"":""CROSS_NPA_DATE"",""sequenceNumber"":165,""name"":""FK_SPN"",""type"":""REL""},{""columnName"":""COBO_CROSS_NPA_DATE"",""sequenceNumber"":166,""name"":""FK_SPN"",""type"":""REL""},{""columnName"":""COBO_RECLASS_ASSET_ID"",""sequenceNumber"":167,""name"":""FK_SPN"",""type"":""REL""},{""columnName"":""CAUSAL_ACCOUNT"",""sequenceNumber"":168,""name"":""FK_SPN"",""type"":""REL""},{""columnName"":""NPA_STD_PRODUCT_TYPE_ID"",""sequenceNumber"":169,""name"":""FK_SPN"",""type"":""REL""},{""columnName"":""NPA_DATE"",""sequenceNumber"":170,""name"":""FK_SPN"",""type"":""REL""},{""columnName"":""NPA_EVENT_ID"",""sequenceNumber"":171,""name"":""FK_SPN"",""type"":""REL""},{""columnName"":""NPA_ID"",""sequenceNumber"":172,""name"":""FK_SPN"",""type"":""REL""},{""columnName"":""NPA_REASON"",""sequenceNumber"":173,""name"":""FK_SPN"",""type"":""REL""},{""columnName"":""OUTSTANDING_AMT"",""sequenceNumber"":174,""name"":""FK_SPN"",""type"":""REL""},{""columnName"":""OUTSTANDING_AMT_ACY"",""sequenceNumber"":175,""name"":""FK_SPN"",""type"":""REL""},{""columnName"":""OUTSTANDING_CHARGE_AMT"",""sequenceNumber"":176,""name"":""FK_SPN"",""type"":""REL""},{""columnName"":""OUTSTANDING_INTEREST_AMT"",""sequenceNumber"":177,""name"":""FK_SPN"",""type"":""REL""},{""columnName"":""OUTSTANDING_PRINC_AMT"",""sequenceNumber"":178,""name"":""FK_SPN"",""type"":""REL""},{""columnName"":""GROSS_NPA"",""sequenceNumber"":179,""name"":""FK_SPN"",""type"":""REL""},{""columnName"":""NET_NPA"",""sequenceNumber"":180,""name"":""FK_SPN"",""type"":""REL""},{""columnName"":""DPD"",""sequenceNumber"":181,""name"":""FK_SPN"",""type"":""REL""},{""columnName"":""SERVICE_OUTLET_ID"",""sequenceNumber"":182,""name"":""FK_SPN"",""type"":""REL""},{""columnName"":""CUSTOMER_TYPE_ID"",""sequenceNumber"":183,""name"":""FK_SPN"",""type"":""REL""},{""columnName"":""DEPARTMENT_ID"",""sequenceNumber"":184,""name"":""FK_SPN"",""type"":""REL""},{""columnName"":""FINANCIAL_TAG_ID"",""sequenceNumber"":185,""name"":""FK_SPN"",""type"":""REL""},{""columnName"":""BUSINESS_GROUP"",""sequenceNumber"":186,""name"":""FK_SPN"",""type"":""REL""},{""columnName"":""CURRENCY_ID"",""sequenceNumber"":187,""name"":""FK_SPN"",""type"":""REL""},{""columnName"":""ACY_TO_LCY_RATE"",""sequenceNumber"":188,""name"":""FK_SPN"",""type"":""REL""},{""columnName"":""MARK_TO_MARKET_AMT"",""sequenceNumber"":189,""name"":""FK_SPN"",""type"":""REL""},{""columnName"":""COLLATERAL_AMT"",""sequenceNumber"":190,""name"":""FK_SPN"",""type"":""REL""},{""columnName"":""IS_ACTIVE"",""sequenceNumber"":191,""name"":""FK_SPN"",""type"":""REL""},{""columnName"":""IS_ADDITIONAL_FINANCE"",""sequenceNumber"":192,""name"":""FK_SPN"",""type"":""REL""},{""columnName"":""IS_IBC_ADMITTED"",""sequenceNumber"":193,""name"":""FK_SPN"",""type"":""REL""},{""columnName"":""IS_IBC_FILING"",""sequenceNumber"":194,""name"":""FK_SPN"",""type"":""REL""},{""columnName"":""IS_RESTRUCTURE_ASSIGNED"",""sequenceNumber"":195,""name"":""FK_SPN"",""type"":""REL""},{""columnName"":""IS_RE_RESTRUCTURE"",""sequenceNumber"":196,""name"":""FK_SPN"",""type"":""REL""},{""columnName"":""IS_SECURED"",""sequenceNumber"":197,""name"":""FK_SPN"",""type"":""REL""},{""columnName"":""FRAUD_CODE"",""sequenceNumber"":198,""name"":""FK_SPN"",""type"":""REL""},{""columnName"":""SCHEME_ID"",""sequenceNumber"":199,""name"":""FK_SPN"",""type"":""REL""},{""columnName"":""PRODUCT_STATUS_ID"",""sequenceNumber"":200,""name"":""FK_SPN"",""type"":""REL""},{""columnName"":""PRIORITY_SECTOR_ID"",""sequenceNumber"":201,""name"":""FK_SPN"",""type"":""REL""},{""columnName"":""MAX_DPD"",""sequenceNumber"":202,""name"":""FK_SPN"",""type"":""REL""},{""columnName"":""STOCK_STATEMENT_DPD"",""sequenceNumber"":203,""name"":""FK_SPN"",""type"":""REL""},{""columnName"":""RUN_ID"",""sequenceNumber"":204,""name"":""FK_SPN"",""type"":""REL""},{""columnName"":""SYSTEM_IDENTIFIER"",""sequenceNumber"":205,""name"":""FK_SPN"",""type"":""REL""},{""columnName"":""PROV_PERCENT"",""sequenceNumber"":206,""name"":""FK_SPN"",""type"":""REL""},{""columnName"":""RECOVERED_AMT"",""sequenceNumber"":207,""name"":""FK_SPN"",""type"":""REL""},{""columnName"":""RECOVERED_INT_AMT"",""sequenceNumber"":208,""name"":""FK_SPN"",""type"":""REL""},{""columnName"":""RECOVERED_PRIN_AMT"",""sequenceNumber"":209,""name"":""FK_SPN"",""type"":""REL""},{""columnName"":""REMARKS"",""sequenceNumber"":210,""name"":""FK_SPN"",""type"":""REL""},{""columnName"":""RESTRUCTURED_DATE"",""sequenceNumber"":211,""name"":""FK_SPN"",""type"":""REL""},{""columnName"":""RESTRUCTURED_IND"",""sequenceNumber"":212,""name"":""FK_SPN"",""type"":""REL""},{""columnName"":""REVIEW_PERIOD_END_DATE"",""sequenceNumber"":213,""name"":""FK_SPN"",""type"":""REL""},{""columnName"":""REVIEW_PERIOD_START_DATE"",""sequenceNumber"":214,""name"":""FK_SPN"",""type"":""REL""},{""columnName"":""SYS_CALC_PROVISION_AMT"",""sequenceNumber"":215,""name"":""FK_SPN"",""type"":""REL""},{""columnName"":""SPECIFIC_PROVISION_AMT"",""sequenceNumber"":216,""name"":""FK_SPN"",""type"":""REL""},{""columnName"":""UNIFIED_CUSTOMER_DETAILS"",""sequenceNumber"":217,""name"":""FK_SPN"",""type"":""REL""},{""columnName"":""UNIFIED_CUSTOMER_ID"",""sequenceNumber"":218,""name"":""FK_SPN"",""type"":""REL""},{""columnName"":""UNIFIED_DATA_SOURCE_ID"",""sequenceNumber"":219,""name"":""FK_SPN"",""type"":""REL""},{""columnName"":""USER_BUSINESS_SEGMENT"",""sequenceNumber"":220,""name"":""FK_SPN"",""type"":""REL""},{""columnName"":""PERIOD_ID"",""sequenceNumber"":221,""name"":""FK_COLLATERAL"",""type"":""REL""},{""columnName"":""COLLATERAL_ID"",""sequenceNumber"":222,""name"":""FK_COLLATERAL"",""type"":""REL""},{""columnName"":""DATA_SOURCE_ID"",""sequenceNumber"":223,""name"":""FK_COLLATERAL"",""type"":""REL""},{""columnName"":""LOAD_EXECUTION_ID"",""sequenceNumber"":224,""name"":""FK_COLLATERAL"",""type"":""REL""},{""columnName"":""FINANCIAL_TAG_ID"",""sequenceNumber"":1,""name"":""FINANCIAL_TAG_ID"",""type"":""ENT""},{""columnName"":""BUSINESS_GROUP"",""sequenceNumber"":2,""name"":""BUSINESS_GROUP"",""type"":""ENT""},{""columnName"":""CURRENCY_ID"",""sequenceNumber"":3,""name"":""CURRENCY_ID"",""type"":""ENT""},{""columnName"":""ACY_TO_LCY_RATE"",""sequenceNumber"":4,""name"":""ACY_TO_LCY_RATE"",""type"":""ENT""},{""columnName"":""MARK_TO_MARKET_AMT"",""sequenceNumber"":5,""name"":""MARK_TO_MARKET_AMT"",""type"":""ENT""},{""columnName"":""COLLATERAL_AMT"",""sequenceNumber"":6,""name"":""COLLATERAL_AMT"",""type"":""ENT""},{""columnName"":""IS_ACTIVE"",""sequenceNumber"":7,""name"":""IS_ACTIVE"",""type"":""ENT""},{""columnName"":""IS_ADDITIONAL_FINANCE"",""sequenceNumber"":8,""name"":""IS_ADDITIONAL_FINANCE"",""type"":""ENT""},{""columnName"":""IS_IBC_ADMITTED"",""sequenceNumber"":9,""name"":""IS_IBC_ADMITTED"",""type"":""ENT""},{""columnName"":""IS_IBC_FILING"",""sequenceNumber"":10,""name"":""IS_IBC_FILING"",""type"":""ENT""},{""columnName"":""IS_RESTRUCTURE_ASSIGNED"",""sequenceNumber"":11,""name"":""IS_RESTRUCTURE_ASSIGNED"",""type"":""ENT""},{""columnName"":""IS_RE_RESTRUCTURE"",""sequenceNumber"":12,""name"":""IS_RE_RESTRUCTURE"",""type"":""ENT""},{""columnName"":""IS_SECURED"",""sequenceNumber"":13,""name"":""IS_SECURED"",""type"":""ENT""},{""columnName"":""FRAUD_CODE"",""sequenceNumber"":14,""name"":""FRAUD_CODE"",""type"":""ENT""},{""columnName"":""SCHEME_ID"",""sequenceNumber"":15,""name"":""SCHEME_ID"",""type"":""ENT""},{""columnName"":""PRODUCT_STATUS_ID"",""sequenceNumber"":16,""name"":""PRODUCT_STATUS_ID"",""type"":""ENT""},{""columnName"":""PRIORITY_SECTOR_ID"",""sequenceNumber"":17,""name"":""PRIORITY_SECTOR_ID"",""type"":""ENT""},{""columnName"":""MAX_DPD"",""sequenceNumber"":18,""name"":""MAX_DPD"",""type"":""ENT""},{""columnName"":""STOCK_STATEMENT_DPD"",""sequenceNumber"":19,""name"":""STOCK_STATEMENT_DPD"",""type"":""ENT""},{""columnName"":""RUN_ID"",""sequenceNumber"":20,""name"":""RUN_ID"",""type"":""ENT""},{""columnName"":""SYSTEM_IDENTIFIER"",""sequenceNumber"":21,""name"":""SYSTEM_IDENTIFIER"",""type"":""ENT""},{""columnName"":""PROV_PERCENT"",""sequenceNumber"":22,""name"":""PROV_PERCENT"",""type"":""ENT""},{""columnName"":""RECOVERED_AMT"",""sequenceNumber"":23,""name"":""RECOVERED_AMT"",""type"":""ENT""},{""columnName"":""RECOVERED_INT_AMT"",""sequenceNumber"":24,""name"":""RECOVERED_INT_AMT"",""type"":""ENT""},{""columnName"":""RECOVERED_PRIN_AMT"",""sequenceNumber"":25,""name"":""RECOVERED_PRIN_AMT"",""type"":""ENT""},{""columnName"":""REMARKS"",""sequenceNumber"":26,""name"":""REMARKS"",""type"":""ENT""},{""columnName"":""RESTRUCTURED_DATE"",""sequenceNumber"":27,""name"":""RESTRUCTURED_DATE"",""type"":""ENT""},{""columnName"":""RESTRUCTURED_IND"",""sequenceNumber"":28,""name"":""RESTRUCTURED_IND"",""type"":""ENT""},{""columnName"":""REVIEW_PERIOD_END_DATE"",""sequenceNumber"":29,""name"":""REVIEW_PERIOD_END_DATE"",""type"":""ENT""},{""columnName"":""REVIEW_PERIOD_START_DATE"",""sequenceNumber"":30,""name"":""REVIEW_PERIOD_START_DATE"",""type"":""ENT""},{""columnName"":""SYS_CALC_PROVISION_AMT"",""sequenceNumber"":31,""name"":""SYS_CALC_PROVISION_AMT"",""type"":""ENT""},{""columnName"":""SPECIFIC_PROVISION_AMT"",""sequenceNumber"":32,""name"":""SPECIFIC_PROVISION_AMT"",""type"":""ENT""},{""columnName"":""UNIFIED_CUSTOMER_DETAILS"",""sequenceNumber"":33,""name"":""UNIFIED_CUSTOMER_DETAILS"",""type"":""ENT""},{""columnName"":""UNIFIED_CUSTOMER_ID"",""sequenceNumber"":34,""name"":""UNIFIED_CUSTOMER_ID"",""type"":""ENT""},{""columnName"":""UNIFIED_DATA_SOURCE_ID"",""sequenceNumber"":35,""name"":""UNIFIED_DATA_SOURCE_ID"",""type"":""ENT""},{""columnName"":""USER_BUSINESS_SEGMENT"",""sequenceNumber"":36,""name"":""USER_BUSINESS_SEGMENT"",""type"":""ENT""},{""columnName"":""USER_NAME"",""sequenceNumber"":37,""name"":""USER_NAME"",""type"":""ENT""},{""columnName"":""USER_NPA_TAG"",""sequenceNumber"":38,""name"":""USER_NPA_TAG"",""type"":""ENT""},{""columnName"":""VERSION_ID"",""sequenceNumber"":39,""name"":""VERSION_ID"",""type"":""ENT""},{""columnName"":""WRITE_OFF_AMT"",""sequenceNumber"":40,""name"":""WRITE_OFF_AMT"",""type"":""ENT""},{""columnName"":""IS_WRITTEN_OFF"",""sequenceNumber"":41,""name"":""IS_WRITTEN_OFF"",""type"":""ENT""},{""columnName"":""WRITE_OFF_INT_AMT"",""sequenceNumber"":42,""name"":""WRITE_OFF_INT_AMT"",""type"":""ENT""},{""columnName"":""WRITE_OFF_PRIN_AMT"",""sequenceNumber"":43,""name"":""WRITE_OFF_PRIN_AMT"",""type"":""ENT""},{""columnName"":""WRITTEN_OFF_DATE"",""sequenceNumber"":44,""name"":""WRITTEN_OFF_DATE"",""type"":""ENT""},{""columnName"":""INTERNAL_RATING_ID"",""sequenceNumber"":45,""name"":""INTERNAL_RATING_ID"",""type"":""ENT""},{""columnName"":""IS_RATING_DOWNGRADED"",""sequenceNumber"":46,""name"":""IS_RATING_DOWNGRADED"",""type"":""ENT""},{""columnName"":""CUSTOMER_CATEGORY_ID"",""sequenceNumber"":47,""name"":""CUSTOMER_CATEGORY_ID"",""type"":""ENT""},{""columnName"":""CUST_PORTFOLIO_VALUE"",""sequenceNumber"":48,""name"":""CUST_PORTFOLIO_VALUE"",""type"":""ENT""},{""columnName"":""FAIR_VALUE"",""sequenceNumber"":49,""name"":""FAIR_VALUE"",""type"":""ENT""},{""columnName"":""INTOS_ON_NPA_DATE"",""sequenceNumber"":50,""name"":""INTOS_ON_NPA_DATE"",""type"":""ENT""},{""columnName"":""PRINOS_ON_NPA_DATE"",""sequenceNumber"":51,""name"":""PRINOS_ON_NPA_DATE"",""type"":""ENT""},{""columnName"":""OVERDUE_INTEREST_AMT"",""sequenceNumber"":52,""name"":""OVERDUE_INTEREST_AMT"",""type"":""ENT""},{""columnName"":""PRI_RESTRUCTR_ASSET_CLASS_ID"",""sequenceNumber"":53,""name"":""PRI_RESTRUCTR_ASSET_CLASS_ID"",""type"":""ENT""},{""columnName"":""ACCT_OPEN_DATE"",""sequenceNumber"":54,""name"":""ACCT_OPEN_DATE"",""type"":""ENT""},{""columnName"":""NO_OF_PAST_DUE_INSTALLMENTS"",""sequenceNumber"":55,""name"":""NO_OF_PAST_DUE_INSTALLMENTS"",""type"":""ENT""},{""columnName"":""DELIQUENCY_STRING"",""sequenceNumber"":56,""name"":""DELIQUENCY_STRING"",""type"":""ENT""},{""columnName"":""FREE_TEXT_1"",""sequenceNumber"":57,""name"":""FREE_TEXT_1"",""type"":""ENT""},{""columnName"":""FREE_TEXT_2"",""sequenceNumber"":58,""name"":""FREE_TEXT_2"",""type"":""ENT""},{""columnName"":""FREE_TEXT_3"",""sequenceNumber"":59,""name"":""FREE_TEXT_3"",""type"":""ENT""},{""columnName"":""FREE_TEXT_4"",""sequenceNumber"":60,""name"":""FREE_TEXT_4"",""type"":""ENT""},{""columnName"":""FREE_TEXT_5"",""sequenceNumber"":61,""name"":""FREE_TEXT_5"",""type"":""ENT""},{""columnName"":""UNIFIED_CUSTOMER_ID"",""sequenceNumber"":225,""name"":""FK_COLLATERAL"",""type"":""REL""},{""columnName"":""CUSTOMER_ID"",""sequenceNumber"":226,""name"":""FK_COLLATERAL"",""type"":""REL""},{""columnName"":""CURRENCY_ID"",""sequenceNumber"":227,""name"":""FK_COLLATERAL"",""type"":""REL""},{""columnName"":""SERVICE_OUTLET_ID"",""sequenceNumber"":228,""name"":""FK_COLLATERAL"",""type"":""REL""},{""columnName"":""COLLATERAL_STATUS_ID"",""sequenceNumber"":229,""name"":""FK_COLLATERAL"",""type"":""REL""},{""columnName"":""COLLATERAL_TYPE_ID"",""sequenceNumber"":230,""name"":""FK_COLLATERAL"",""type"":""REL""},{""columnName"":""COLLATERAL_AMT"",""sequenceNumber"":231,""name"":""FK_COLLATERAL"",""type"":""REL""},{""columnName"":""EROSION_PERCENT"",""sequenceNumber"":232,""name"":""FK_COLLATERAL"",""type"":""REL""},{""columnName"":""REVALUED_AMT"",""sequenceNumber"":233,""name"":""FK_COLLATERAL"",""type"":""REL""},{""columnName"":""COLLATERAL_COVER_VALUE"",""sequenceNumber"":234,""name"":""FK_COLLATERAL"",""type"":""REL""},{""columnName"":""EFFECTIVE_COLLATERAL_AMT"",""sequenceNumber"":235,""name"":""FK_COLLATERAL"",""type"":""REL""},{""columnName"":""HC_VALUE"",""sequenceNumber"":236,""name"":""FK_COLLATERAL"",""type"":""REL""},{""columnName"":""ACY_TO_LCY_RATE"",""sequenceNumber"":237,""name"":""FK_COLLATERAL"",""type"":""REL""},{""columnName"":""ACY_TO_RCY_RATE"",""sequenceNumber"":238,""name"":""FK_COLLATERAL"",""type"":""REL""},{""columnName"":""COLLATERAL_FACE_VALUE_AMT"",""sequenceNumber"":239,""name"":""FK_COLLATERAL"",""type"":""REL""},{""columnName"":""MATURITY_VALUE_AMT"",""sequenceNumber"":240,""name"":""FK_COLLATERAL"",""type"":""REL""},{""columnName"":""INSURED_AMT"",""sequenceNumber"":241,""name"":""FK_COLLATERAL"",""type"":""REL""},{""columnName"":""MARKET_VALUE"",""sequenceNumber"":242,""name"":""FK_COLLATERAL"",""type"":""REL""},{""columnName"":""COLLATERAL_VALUE_DATE"",""sequenceNumber"":243,""name"":""FK_COLLATERAL"",""type"":""REL""},{""columnName"":""COLLATERAL_EXPIRY_DATE"",""sequenceNumber"":244,""name"":""FK_COLLATERAL"",""type"":""REL""},{""columnName"":""COLLATERAL_REVIEW_DATE"",""sequenceNumber"":245,""name"":""FK_COLLATERAL"",""type"":""REL""},{""columnName"":""REVALUED_DATE"",""sequenceNumber"":246,""name"":""FK_COLLATERAL"",""type"":""REL""},{""columnName"":""RENEWAL_DATE"",""sequenceNumber"":247,""name"":""FK_COLLATERAL"",""type"":""REL""},{""columnName"":""COLLATERAL_START_DATE"",""sequenceNumber"":248,""name"":""FK_COLLATERAL"",""type"":""REL""},{""columnName"":""NEXT_REVALUATION_DATE"",""sequenceNumber"":249,""name"":""FK_COLLATERAL"",""type"":""REL""},{""columnName"":""LAST_REVIEW_DATE"",""sequenceNumber"":250,""name"":""FK_COLLATERAL"",""type"":""REL""},{""columnName"":""ACTUAL_COLLATERAL_BKEY"",""sequenceNumber"":251,""name"":""FK_COLLATERAL"",""type"":""REL""},{""columnName"":""REVALUATION_FREQUENCY"",""sequenceNumber"":252,""name"":""FK_COLLATERAL"",""type"":""REL""},{""columnName"":""COLLATERAL_RATING_ID"",""sequenceNumber"":253,""name"":""FK_COLLATERAL"",""type"":""REL""},{""columnName"":""RATING_AGENCY_ID"",""sequenceNumber"":254,""name"":""FK_COLLATERAL"",""type"":""REL""},{""columnName"":""TANGIBLE_IND"",""sequenceNumber"":255,""name"":""FK_COLLATERAL"",""type"":""REL""},{""columnName"":""FREE_TEXT_1"",""sequenceNumber"":256,""name"":""FK_COLLATERAL"",""type"":""REL""},{""columnName"":""FREE_TEXT_2"",""sequenceNumber"":257,""name"":""FK_COLLATERAL"",""type"":""REL""},{""columnName"":""FREE_TEXT_3"",""sequenceNumber"":258,""name"":""FK_COLLATERAL"",""type"":""REL""},{""columnName"":""FREE_TEXT_4"",""sequenceNumber"":259,""name"":""FK_COLLATERAL"",""type"":""REL""},{""columnName"":""FREE_TEXT_5"",""sequenceNumber"":260,""name"":""FK_COLLATERAL"",""type"":""REL""},{""columnName"":""FREE_DATE_1"",""sequenceNumber"":261,""name"":""FK_COLLATERAL"",""type"":""REL""},{""columnName"":""FREE_DATE_2"",""sequenceNumber"":262,""name"":""FK_COLLATERAL"",""type"":""REL""},{""columnName"":""FREE_DATE_3"",""sequenceNumber"":263,""name"":""FK_COLLATERAL"",""type"":""REL""},{""columnName"":""FREE_DATE_4"",""sequenceNumber"":264,""name"":""FK_COLLATERAL"",""type"":""REL""},{""columnName"":""FREE_DATE_5"",""sequenceNumber"":265,""name"":""FK_COLLATERAL"",""type"":""REL""},{""columnName"":""FREE_AMT_1"",""sequenceNumber"":266,""name"":""FK_COLLATERAL"",""type"":""REL""},{""columnName"":""FREE_AMT_2"",""sequenceNumber"":267,""name"":""FK_COLLATERAL"",""type"":""REL""},{""columnName"":""FREE_AMT_3"",""sequenceNumber"":268,""name"":""FK_COLLATERAL"",""type"":""REL""},{""columnName"":""FREE_AMT_4"",""sequenceNumber"":269,""name"":""FK_COLLATERAL"",""type"":""REL""},{""columnName"":""FREE_AMT_5"",""sequenceNumber"":270,""name"":""FK_COLLATERAL"",""type"":""REL""},{""columnName"":""WRITTEN_OFF_DATE"",""sequenceNumber"":271,""name"":""FK_FPM"",""type"":""REL""},{""columnName"":""SETTLEMENT_DATE"",""sequenceNumber"":272,""name"":""FK_FPM"",""type"":""REL""},{""columnName"":""SETTLEMENT_AMT"",""sequenceNumber"":273,""name"":""FK_FPM"",""type"":""REL""},{""columnName"":""FREE_TEXT_1"",""sequenceNumber"":274,""name"":""FK_FPM"",""type"":""REL""},{""columnName"":""FREE_TEXT_2"",""sequenceNumber"":275,""name"":""FK_FPM"",""type"":""REL""},{""columnName"":""FREE_TEXT_3"",""sequenceNumber"":276,""name"":""FK_FPM"",""type"":""REL""},{""columnName"":""FREE_TEXT_4"",""sequenceNumber"":277,""name"":""FK_FPM"",""type"":""REL""},{""columnName"":""FREE_TEXT_5"",""sequenceNumber"":278,""name"":""FK_FPM"",""type"":""REL""},{""columnName"":""FREE_DATE_1"",""sequenceNumber"":279,""name"":""FK_FPM"",""type"":""REL""},{""columnName"":""MAX_DPD"",""sequenceNumber"":280,""name"":""FK_FPM"",""type"":""REL""},{""columnName"":""FREE_AMT_4"",""sequenceNumber"":281,""name"":""FK_FPM"",""type"":""REL""},{""columnName"":""FREE_AMT_5"",""sequenceNumber"":282,""name"":""FK_FPM"",""type"":""REL""},{""columnName"":""STAGE_CLASSIFICATION_ID"",""sequenceNumber"":283,""name"":""FK_FPM"",""type"":""REL""},{""columnName"":""STAGE_CLASSIFICATION_DATE"",""sequenceNumber"":284,""name"":""FK_FPM"",""type"":""REL""},{""columnName"":""STAGE_RECLASS_ID"",""sequenceNumber"":285,""name"":""FK_FPM"",""type"":""REL""},{""columnName"":""BORROWER_STAGE_CLASSIFICATION_DATE"",""sequenceNumber"":286,""name"":""FK_FPM"",""type"":""REL""},{""columnName"":""STAGE_AGEING"",""sequenceNumber"":287,""name"":""FK_FPM"",""type"":""REL""},{""columnName"":""ECL_CAUSAL_ACCOUNT"",""sequenceNumber"":288,""name"":""FK_FPM"",""type"":""REL""},{""columnName"":""STAGE_CLASSIFICATION_REASON"",""sequenceNumber"":289,""name"":""FK_FPM"",""type"":""REL""},{""columnName"":""CROSS_STAGE_DATE"",""sequenceNumber"":290,""name"":""FK_FPM"",""type"":""REL""},{""columnName"":""IS_STAGE_PERSIST"",""sequenceNumber"":291,""name"":""FK_FPM"",""type"":""REL""},{""columnName"":""INTEREST_DPD"",""sequenceNumber"":292,""name"":""FK_FPM"",""type"":""REL""},{""columnName"":""FREE_AMT_1"",""sequenceNumber"":293,""name"":""FK_FPM"",""type"":""REL""},{""columnName"":""IS_RE_RESTRUCTURE"",""sequenceNumber"":294,""name"":""FK_FPM"",""type"":""REL""},{""columnName"":""IS_RESTRUCTURE_ASSIGNED"",""sequenceNumber"":295,""name"":""FK_FPM"",""type"":""REL""},{""columnName"":""IS_SECURED"",""sequenceNumber"":296,""name"":""FK_FPM"",""type"":""REL""},{""columnName"":""PAYLATER_DPD"",""sequenceNumber"":297,""name"":""FK_FPM"",""type"":""REL""},{""columnName"":""STOCK_STATEMENT_DPD"",""sequenceNumber"":298,""name"":""FK_FPM"",""type"":""REL""},{""columnName"":""CUST_PORTFOLIO_VALUE"",""sequenceNumber"":299,""name"":""FK_FPM"",""type"":""REL""},{""columnName"":""NPA_STD_PRODUCT_TYPE_ID"",""sequenceNumber"":300,""name"":""FK_FPM"",""type"":""REL""},{""columnName"":""NPA_DATE"",""sequenceNumber"":301,""name"":""FK_FPM"",""type"":""REL""},{""columnName"":""NPA_EVENT_ID"",""sequenceNumber"":302,""name"":""FK_FPM"",""type"":""REL""},{""columnName"":""NPA_EXCLUSION_FLAG"",""sequenceNumber"":303,""name"":""FK_FPM"",""type"":""REL""},{""columnName"":""NPA_ID"",""sequenceNumber"":304,""name"":""FK_FPM"",""type"":""REL""},{""columnName"":""NPA_EXCLUSION_REASON"",""sequenceNumber"":305,""name"":""FK_FPM"",""type"":""REL""},{""columnName"":""OUTSTANDING_AMT"",""sequenceNumber"":306,""name"":""FK_FPM"",""type"":""REL""},{""columnName"":""OUTSTANDING_INTEREST_AMT"",""sequenceNumber"":307,""name"":""FK_FPM"",""type"":""REL""},{""columnName"":""OUTSTANDING_PRINC_AMT"",""sequenceNumber"":308,""name"":""FK_FPM"",""type"":""REL""},{""columnName"":""OUTSTANDING_CHARGES_AMT"",""sequenceNumber"":309,""name"":""FK_FPM"",""type"":""REL""},{""columnName"":""APPROVED_AMT"",""sequenceNumber"":310,""name"":""FK_FPM"",""type"":""REL""},{""columnName"":""GROSS_NPA"",""sequenceNumber"":311,""name"":""FK_FPM"",""type"":""REL""},{""columnName"":""NET_NPA"",""sequenceNumber"":312,""name"":""FK_FPM"",""type"":""REL""},{""columnName"":""OVERDUE_AMT"",""sequenceNumber"":313,""name"":""FK_FPM"",""type"":""REL""},{""columnName"":""OVERDUE_INTEREST_AMT"",""sequenceNumber"":314,""name"":""FK_FPM"",""type"":""REL""},{""columnName"":""OVERDUE_OTHER_AMT"",""sequenceNumber"":315,""name"":""FK_FPM"",""type"":""REL""},{""columnName"":""OVERDUE_PRINCIPAL_AMT"",""sequenceNumber"":316,""name"":""FK_FPM"",""type"":""REL""},{""columnName"":""OUTSTANDING_AMT_ACY"",""sequenceNumber"":317,""name"":""FK_FPM"",""type"":""REL""},{""columnName"":""MARK_TO_MARKET_AMT"",""sequenceNumber"":318,""name"":""FK_FPM"",""type"":""REL""},{""columnName"":""ASSET_CLASS_DAYS"",""sequenceNumber"":319,""name"":""FK_FPM"",""type"":""REL""},{""columnName"":""ASSET_CLASS_ID"",""sequenceNumber"":320,""name"":""FK_FPM"",""type"":""REL""},{""columnName"":""CLASSIFICATION_DATE"",""sequenceNumber"":321,""name"":""FK_FPM"",""type"":""REL""},{""columnName"":""RECLASS_ASSET_ID"",""sequenceNumber"":322,""name"":""FK_FPM"",""type"":""REL""},{""columnName"":""FREE_DATE_4"",""sequenceNumber"":323,""name"":""FK_FPM"",""type"":""REL""},{""columnName"":""FREE_DATE_5"",""sequenceNumber"":324,""name"":""FK_FPM"",""type"":""REL""},{""columnName"":""PRODUCT_STATUS_ID"",""sequenceNumber"":325,""name"":""FK_FPM"",""type"":""REL""},{""columnName"":""CUSTOMER_TYPE_ID"",""sequenceNumber"":326,""name"":""FK_FPM"",""type"":""REL""},{""columnName"":""BUSINESS_GROUP"",""sequenceNumber"":327,""name"":""FK_FPM"",""type"":""REL""},{""columnName"":""SERVICE_OUTLET_ID"",""sequenceNumber"":328,""name"":""FK_FPM"",""type"":""REL""},{""columnName"":""SCHEME_ID"",""sequenceNumber"":329,""name"":""FK_FPM"",""type"":""REL""},{""columnName"":""PRINCIPAL_DPD"",""sequenceNumber"":330,""name"":""FK_FPM"",""type"":""REL""},{""columnName"":""SOURCE_PROVISION_PRINCIPAL_AMT"",""sequenceNumber"":331,""name"":""FK_FPM"",""type"":""REL""},{""columnName"":""SOURCE_PROV_PERCENT_SECURED"",""sequenceNumber"":332,""name"":""FK_FPM"",""type"":""REL""},{""columnName"":""SOURCE_PROV_PERCENT_UNSECURED"",""sequenceNumber"":333,""name"":""FK_FPM"",""type"":""REL""},{""columnName"":""NO_OF_PAST_DUE_INSTALLMENTS"",""sequenceNumber"":334,""name"":""FK_FPM"",""type"":""REL""},{""columnName"":""PROVISION_TYPE_ID"",""sequenceNumber"":335,""name"":""FK_FPM"",""type"":""REL""},{""columnName"":""PRINCIPAL_COA_ID"",""sequenceNumber"":336,""name"":""FK_FPM"",""type"":""REL""},{""columnName"":""INTEREST_COA_ID"",""sequenceNumber"":337,""name"":""FK_FPM"",""type"":""REL""},{""columnName"":""INTEREST_CREDIT_YTD"",""sequenceNumber"":338,""name"":""FK_FPM"",""type"":""REL""},{""columnName"":""AGGREGATE_EXPOSURE_AMT"",""sequenceNumber"":339,""name"":""FK_FPM"",""type"":""REL""},{""columnName"":""PAST_DUE_INTEREST_COA_ID"",""sequenceNumber"":340,""name"":""FK_FPM"",""type"":""REL""},{""columnName"":""PAST_DUE_PRINCIPAL_COA_ID"",""sequenceNumber"":341,""name"":""FK_FPM"",""type"":""REL""},{""columnName"":""PRI_RESTRUCTR_ASSET_CLASS_ID"",""sequenceNumber"":342,""name"":""FK_FPM"",""type"":""REL""},{""columnName"":""RECOVERED_INT_AMT"",""sequenceNumber"":343,""name"":""FK_FPM"",""type"":""REL""},{""columnName"":""RECOVERED_PRIN_AMT"",""sequenceNumber"":344,""name"":""FK_FPM"",""type"":""REL""},{""columnName"":""REMARKS"",""sequenceNumber"":345,""name"":""FK_FPM"",""type"":""REL""},{""columnName"":""REPAYMENT_START_DATE"",""sequenceNumber"":346,""name"":""FK_FPM"",""type"":""REL""},{""columnName"":""RESTRUCTURE_ACCT_UPGRADE_DATE"",""sequenceNumber"":347,""name"":""FK_FPM"",""type"":""REL""},{""columnName"":""RESTRUCTURED_DATE"",""sequenceNumber"":348,""name"":""FK_FPM"",""type"":""REL""},{""columnName"":""RESTRUCTURED_IND"",""sequenceNumber"":349,""name"":""FK_FPM"",""type"":""REL""},{""columnName"":""REVIEW_PERIOD_END_DATE"",""sequenceNumber"":350,""name"":""FK_FPM"",""type"":""REL""},{""columnName"":""REVIEW_PERIOD_START_DATE"",""sequenceNumber"":351,""name"":""FK_FPM"",""type"":""REL""},{""columnName"":""DATE_LAST_CREDIT_MONITORED"",""sequenceNumber"":352,""name"":""FK_FPM"",""type"":""REL""},{""columnName"":""STOCK_STMT_SUBMISSION_DATE"",""sequenceNumber"":353,""name"":""FK_FPM"",""type"":""REL""},{""columnName"":""DELIQUENCY_STRING"",""sequenceNumber"":354,""name"":""FK_FPM"",""type"":""REL""},{""columnName"":""AGRI_TYPE_ID"",""sequenceNumber"":355,""name"":""FK_FPM"",""type"":""REL""},{""columnName"":""COUNTRY_ID"",""sequenceNumber"":356,""name"":""FK_FPM"",""type"":""REL""},{""columnName"":""PRIORITY_SECTOR_ID"",""sequenceNumber"":357,""name"":""FK_FPM"",""type"":""REL""},{""columnName"":""CRA_RATING_1_ID"",""sequenceNumber"":358,""name"":""FK_FPM"",""type"":""REL""},{""columnName"":""CRA_RATING_2_ID"",""sequenceNumber"":359,""name"":""FK_FPM"",""type"":""REL""},{""columnName"":""LOAD_EXECUTION_ID"",""sequenceNumber"":360,""name"":""FK_FPM"",""type"":""REL""},{""columnName"":""SYSTEM_IDENTIFIER"",""sequenceNumber"":361,""name"":""FK_FPM"",""type"":""REL""},{""columnName"":""INTERNAL_RATING_ID"",""sequenceNumber"":362,""name"":""FK_FPM"",""type"":""REL""},{""columnName"":""CUSTOMER_CATEGORY_ID"",""sequenceNumber"":363,""name"":""FK_FPM"",""type"":""REL""},{""columnName"":""NEXT_INSTALLMENT_INTEREST_AMT"",""sequenceNumber"":364,""name"":""FK_FPM"",""type"":""REL""},{""columnName"":""NEXT_INSTALLMENT_PRINCIPAL_AMT"",""sequenceNumber"":365,""name"":""FK_FPM"",""type"":""REL""},{""columnName"":""FAIR_VALUE"",""sequenceNumber"":366,""name"":""FK_FPM"",""type"":""REL""},{""columnName"":""FREE_DATE_2"",""sequenceNumber"":367,""name"":""FK_FPM"",""type"":""REL""},{""columnName"":""FREE_DATE_3"",""sequenceNumber"":368,""name"":""FK_FPM"",""type"":""REL""},{""columnName"":""LAST_CUST_PORTFOLIO_VALUE"",""sequenceNumber"":369,""name"":""FK_FPM"",""type"":""REL""},{""columnName"":""INTERST_ON_ARREARS"",""sequenceNumber"":370,""name"":""FK_FPM"",""type"":""REL""},{""columnName"":""DRAWING_POWER_AMT"",""sequenceNumber"":371,""name"":""FK_FPM"",""type"":""REL""},{""columnName"":""INTOS_ON_NPA_DATE"",""sequenceNumber"":372,""name"":""FK_FPM"",""type"":""REL""},{""columnName"":""PRINOS_ON_NPA_DATE"",""sequenceNumber"":373,""name"":""FK_FPM"",""type"":""REL""},{""columnName"":""DUE_DATE"",""sequenceNumber"":374,""name"":""FK_FPM"",""type"":""REL""},{""columnName"":""LAST_CREDIT_DATE"",""sequenceNumber"":375,""name"":""FK_FPM"",""type"":""REL""},{""columnName"":""PRINCIPAL_OVERDUE_DATE"",""sequenceNumber"":376,""name"":""FK_FPM"",""type"":""REL""},{""columnName"":""LAST_OVER_DRAWING_DATE"",""sequenceNumber"":377,""name"":""FK_FPM"",""type"":""REL""},{""columnName"":""LAST_REVIEW_DATE"",""sequenceNumber"":378,""name"":""FK_FPM"",""type"":""REL""},{""columnName"":""LAST_UNDER_DRAWING_DATE"",""sequenceNumber"":379,""name"":""FK_FPM"",""type"":""REL""},{""columnName"":""LIMIT_AMT"",""sequenceNumber"":380,""name"":""FK_FPM"",""type"":""REL""},{""columnName"":""LIMIT_CURRENCY_ID"",""sequenceNumber"":381,""name"":""FK_FPM"",""type"":""REL""},{""columnName"":""LIMIT_END_DATE"",""sequenceNumber"":382,""name"":""FK_FPM"",""type"":""REL""},{""columnName"":""IS_SHORT_TERM"",""sequenceNumber"":383,""name"":""FK_FPM"",""type"":""REL""},{""columnName"":""IS_STICKY"",""sequenceNumber"":384,""name"":""FK_FPM"",""type"":""REL""},{""columnName"":""IS_SECURITIZED"",""sequenceNumber"":385,""name"":""FK_FPM"",""type"":""REL""},{""columnName"":""IS_SETTLED"",""sequenceNumber"":386,""name"":""FK_FPM"",""type"":""REL""},{""columnName"":""IS_WRITTEN_OFF"",""sequenceNumber"":387,""name"":""FK_FPM"",""type"":""REL""},{""columnName"":""IS_RATING_DOWNGRADED"",""sequenceNumber"":388,""name"":""FK_FPM"",""type"":""REL""},{""columnName"":""ACCT_OPEN_DATE"",""sequenceNumber"":389,""name"":""FK_FPM"",""type"":""REL""},{""columnName"":""LOAN_START_DATE"",""sequenceNumber"":390,""name"":""FK_FPM"",""type"":""REL""},{""columnName"":""MATURITY_DATE"",""sequenceNumber"":391,""name"":""FK_FPM"",""type"":""REL""},{""columnName"":""CURRENCY_ID"",""sequenceNumber"":392,""name"":""FK_FPM"",""type"":""REL""},{""columnName"":""ACY_TO_LCY_RATE"",""sequenceNumber"":393,""name"":""FK_FPM"",""type"":""REL""},{""columnName"":""DEPARTMENT_ID"",""sequenceNumber"":394,""name"":""FK_FPM"",""type"":""REL""},{""columnName"":""FREE_AMT_2"",""sequenceNumber"":395,""name"":""FK_FPM"",""type"":""REL""},{""columnName"":""FREE_AMT_3"",""sequenceNumber"":396,""name"":""FK_FPM"",""type"":""REL""},{""columnName"":""COLLATERAL_AMT"",""sequenceNumber"":397,""name"":""FK_FPM"",""type"":""REL""},{""columnName"":""COLLATERAL_CURRENCY_ID"",""sequenceNumber"":398,""name"":""FK_FPM"",""type"":""REL""},{""columnName"":""COLLATERAL_STATUS_ID"",""sequenceNumber"":399,""name"":""FK_FPM"",""type"":""REL""},{""columnName"":""COLLATERAL_TYPE_ID"",""sequenceNumber"":400,""name"":""FK_FPM"",""type"":""REL""},{""columnName"":""FRAUD_CODE"",""sequenceNumber"":401,""name"":""FK_FPM"",""type"":""REL""},{""columnName"":""IS_ADDITIONAL_FINANCE"",""sequenceNumber"":402,""name"":""FK_FPM"",""type"":""REL""},{""columnName"":""IS_FUND_BASED"",""sequenceNumber"":403,""name"":""FK_FPM"",""type"":""REL""},{""columnName"":""IS_IBC_ADMITTED"",""sequenceNumber"":404,""name"":""FK_FPM"",""type"":""REL""},{""columnName"":""IS_IBC_FILING"",""sequenceNumber"":405,""name"":""FK_FPM"",""type"":""REL""},{""columnName"":""IS_MSME"",""sequenceNumber"":406,""name"":""FK_FPM"",""type"":""REL""},{""columnName"":""SOURCE_PROVISION_INTEREST_AMT"",""sequenceNumber"":407,""name"":""FK_FPM"",""type"":""REL""},{""columnName"":""PERIOD_ID"",""sequenceNumber"":408,""name"":""FK_FPM"",""type"":""REL""},{""columnName"":""DATA_SOURCE_ID"",""sequenceNumber"":409,""name"":""FK_FPM"",""type"":""REL""},{""columnName"":""PRODUCT_INSTANCE_BKEY"",""sequenceNumber"":410,""name"":""FK_FPM"",""type"":""REL""},{""columnName"":""PRODUCT_INSTANCE_ID"",""sequenceNumber"":411,""name"":""FK_FPM"",""type"":""REL""},{""columnName"":""CUSTOMER_BKEY"",""sequenceNumber"":412,""name"":""FK_FPM"",""type"":""REL""},{""columnName"":""CUSTOMER_ID"",""sequenceNumber"":413,""name"":""FK_FPM"",""type"":""REL""},{""columnName"":""CUSTOMER_NAME"",""sequenceNumber"":414,""name"":""FK_FPM"",""type"":""REL""},{""columnName"":""PRODUCT_SYSTEM"",""sequenceNumber"":415,""name"":""FK_FPM"",""type"":""REL""},{""columnName"":""PRODUCT_TYPE_ID"",""sequenceNumber"":416,""name"":""FK_FPM"",""type"":""REL""},{""columnName"":""LIMIT_DPD"",""sequenceNumber"":417,""name"":""FK_FPM"",""type"":""REL""},{""columnName"":""BILL_DPD"",""sequenceNumber"":418,""name"":""FK_FPM"",""type"":""REL""},{""columnName"":""OUT_OF_ORDER_DPD"",""sequenceNumber"":419,""name"":""FK_FPM"",""type"":""REL""},{""columnName"":""OVERDRAWN_DPD"",""sequenceNumber"":420,""name"":""FK_FPM"",""type"":""REL""},{""columnName"":""MONITORING_PERIOD_END_DATE"",""sequenceNumber"":421,""name"":""FK_FPM"",""type"":""REL""},{""columnName"":""MONITORING_PERIOD_START_DATE"",""sequenceNumber"":422,""name"":""FK_FPM"",""type"":""REL""},{""columnName"":""SPECIFIED_PERIOD_END_DATE"",""sequenceNumber"":423,""name"":""FK_FPM"",""type"":""REL""},{""columnName"":""SPECIFIED_PERIOD_START_DATE"",""sequenceNumber"":424,""name"":""FK_FPM"",""type"":""REL""},{""columnName"":""NEXT_INSTALLMENT_DATE"",""sequenceNumber"":425,""name"":""FK_FPM"",""type"":""REL""},{""columnName"":""PREVIOUS_INSTALLMENT_DATE"",""sequenceNumber"":426,""name"":""FK_FPM"",""type"":""REL""},{""columnName"":""ORIGINAL_DCCO_DATE"",""sequenceNumber"":427,""name"":""FK_FPM"",""type"":""REL""},{""columnName"":""REVISED_DCCO_DATE"",""sequenceNumber"":428,""name"":""FK_FPM"",""type"":""REL""},{""columnName"":""TOTAL_ARREARS_CREDIT"",""sequenceNumber"":429,""name"":""FK_FPM"",""type"":""REL""},{""columnName"":""TOTAL_CREDIT_YTD"",""sequenceNumber"":430,""name"":""FK_FPM"",""type"":""REL""},{""columnName"":""USER_NAME"",""sequenceNumber"":431,""name"":""FK_FPM"",""type"":""REL""},{""columnName"":""WRITE_OFF_AMT"",""sequenceNumber"":432,""name"":""FK_FPM"",""type"":""REL""},{""columnName"":""WRITE_OFF_INT_AMT"",""sequenceNumber"":433,""name"":""FK_FPM"",""type"":""REL""},{""columnName"":""WRITE_OFF_PRIN_AMT"",""sequenceNumber"":434,""name"":""FK_FPM"",""type"":""REL""},{""columnName"":""LIMIT_REFERENCE_BKEY"",""sequenceNumber"":435,""name"":""FK_FPM"",""type"":""REL""},{""columnName"":""LIMIT_RENEWAL_DATE"",""sequenceNumber"":436,""name"":""FK_FPM"",""type"":""REL""},{""columnName"":""LIMIT_START_DATE"",""sequenceNumber"":437,""name"":""FK_FPM"",""type"":""REL""},{""columnName"":""LINKED_LIMIT_AMT"",""sequenceNumber"":438,""name"":""FK_FPM"",""type"":""REL""},{""columnName"":""LINKED_LIMIT_UTILIZED_AMT"",""sequenceNumber"":439,""name"":""FK_FPM"",""type"":""REL""},{""columnName"":""FINANCIAL_TAG_ID"",""sequenceNumber"":440,""name"":""FK_FPM"",""type"":""REL""},{""columnName"":""SOURCE_NPA_FLAG"",""sequenceNumber"":441,""name"":""FK_FPM"",""type"":""REL""},{""columnName"":""SOURCE_NPA_DATE"",""sequenceNumber"":442,""name"":""FK_FPM"",""type"":""REL""},{""columnName"":""SOURCE_ASSET_CLASS_CODE"",""sequenceNumber"":443,""name"":""FK_FPM"",""type"":""REL""},{""columnName"":""PRODUCT_TYPE_ID"",""sequenceNumber"":444,""name"":""fK_PRODUCT_TYPE"",""type"":""REL""},{""columnName"":""PRODUCT_TYPE_BKEY"",""sequenceNumber"":445,""name"":""fK_PRODUCT_TYPE"",""type"":""REL""},{""columnName"":""PRODUCT_TYPE_DESC"",""sequenceNumber"":446,""name"":""fK_PRODUCT_TYPE"",""type"":""REL""},{""columnName"":""LEVEL_DESC"",""sequenceNumber"":447,""name"":""fK_PRODUCT_TYPE"",""type"":""REL""},{""columnName"":""LEVEL_NUMBER"",""sequenceNumber"":448,""name"":""fK_PRODUCT_TYPE"",""type"":""REL""},{""columnName"":""DATA_SOURCE_ID"",""sequenceNumber"":449,""name"":""fK_PRODUCT_TYPE"",""type"":""REL""},{""columnName"":""PRODUCT_TYPE_DESC_ALT_LANG"",""sequenceNumber"":450,""name"":""fK_PRODUCT_TYPE"",""type"":""REL""},{""columnName"":""PARENT_PRODUCT_TYPE_ID"",""sequenceNumber"":451,""name"":""fK_PRODUCT_TYPE"",""type"":""REL""},{""columnName"":""PRODUCT_SYSTEM"",""sequenceNumber"":452,""name"":""fK_PRODUCT_TYPE"",""type"":""REL""},{""columnName"":""PRODUCT_TYPE_MNEMONIC"",""sequenceNumber"":453,""name"":""fK_PRODUCT_TYPE"",""type"":""REL""},{""columnName"":""IS_ACTIVE"",""sequenceNumber"":454,""name"":""fK_PRODUCT_TYPE"",""type"":""REL""},{""columnName"":""LOAD_EXECUTION_ID"",""sequenceNumber"":455,""name"":""fK_PRODUCT_TYPE"",""type"":""REL""},{""columnName"":""DENOMINATION"",""sequenceNumber"":456,""name"":""fK_PRODUCT_TYPE"",""type"":""REL""},{""columnName"":""DEBIT_BALANCE_COA_ID"",""sequenceNumber"":457,""name"":""fK_PRODUCT_TYPE"",""type"":""REL""},{""columnName"":""CREDIT_BALANCE_COA_ID"",""sequenceNumber"":458,""name"":""fK_PRODUCT_TYPE"",""type"":""REL""},{""columnName"":""DEBIT_ACCRUED_INT_COA_ID"",""sequenceNumber"":459,""name"":""fK_PRODUCT_TYPE"",""type"":""REL""},{""columnName"":""CREDIT_ACCRUED_INT_COA_ID"",""sequenceNumber"":460,""name"":""fK_PRODUCT_TYPE"",""type"":""REL""},{""columnName"":""INTEREST_INCOME_COA_ID"",""sequenceNumber"":461,""name"":""fK_PRODUCT_TYPE"",""type"":""REL""},{""columnName"":""INTEREST_EXPENSE_COA_ID"",""sequenceNumber"":462,""name"":""fK_PRODUCT_TYPE"",""type"":""REL""},{""columnName"":""MATURED_BALANCE_COA_ID"",""sequenceNumber"":463,""name"":""fK_PRODUCT_TYPE"",""type"":""REL""},{""columnName"":""SYSTEM_ENTRY_TIME"",""sequenceNumber"":464,""name"":""fK_PRODUCT_TYPE"",""type"":""REL""},{""columnName"":""MIS_CODE_1_ID"",""sequenceNumber"":465,""name"":""fK_PRODUCT_TYPE"",""type"":""REL""},{""columnName"":""MIS_CODE_2_ID"",""sequenceNumber"":466,""name"":""fK_PRODUCT_TYPE"",""type"":""REL""},{""columnName"":""MIS_CODE_3_ID"",""sequenceNumber"":467,""name"":""fK_PRODUCT_TYPE"",""type"":""REL""},{""columnName"":""MIS_CODE_4_ID"",""sequenceNumber"":468,""name"":""fK_PRODUCT_TYPE"",""type"":""REL""},{""columnName"":""MIS_CODE_5_ID"",""sequenceNumber"":469,""name"":""fK_PRODUCT_TYPE"",""type"":""REL""},{""columnName"":""MIS_CODE_6_ID"",""sequenceNumber"":470,""name"":""fK_PRODUCT_TYPE"",""type"":""REL""},{""columnName"":""MIS_CODE_7_ID"",""sequenceNumber"":471,""name"":""fK_PRODUCT_TYPE"",""type"":""REL""},{""columnName"":""MIS_CODE_8_ID"",""sequenceNumber"":472,""name"":""fK_PRODUCT_TYPE"",""type"":""REL""},{""columnName"":""MIS_CODE_9_ID"",""sequenceNumber"":473,""name"":""fK_PRODUCT_TYPE"",""type"":""REL""},{""columnName"":""MIS_CODE_10_ID"",""sequenceNumber"":474,""name"":""fK_PRODUCT_TYPE"",""type"":""REL""},{""columnName"":""PRODUCT_TYPE_UCID"",""sequenceNumber"":475,""name"":""fK_PRODUCT_TYPE"",""type"":""REL""},{""columnName"":""PRODUCT_TYPE_EFFECTIVE_DATE"",""sequenceNumber"":476,""name"":""fK_PRODUCT_TYPE"",""type"":""REL""},{""columnName"":""PRODUCT_TYPE_END_DATE"",""sequenceNumber"":477,""name"":""fK_PRODUCT_TYPE"",""type"":""REL""},{""columnName"":""PRODUCT_SYSTEM_CODE"",""sequenceNumber"":478,""name"":""fK_PRODUCT_TYPE"",""type"":""REL""},{""columnName"":""SIGNIFICANT_PRODUCT_GROUP"",""sequenceNumber"":479,""name"":""fK_PRODUCT_TYPE"",""type"":""REL""},{""columnName"":""CUSTOMER_TYPE_ID"",""sequenceNumber"":480,""name"":""FK_CUSTOMER_TYPE"",""type"":""REL""},{""columnName"":""PARENT_CUSTOMER_TYPE_ID"",""sequenceNumber"":481,""name"":""FK_CUSTOMER_TYPE"",""type"":""REL""},{""columnName"":""CUSTOMER_TYPE_BKEY"",""sequenceNumber"":482,""name"":""FK_CUSTOMER_TYPE"",""type"":""REL""},{""columnName"":""CUSTOMER_TYPE_UCID"",""sequenceNumber"":483,""name"":""FK_CUSTOMER_TYPE"",""type"":""REL""},{""columnName"":""CUSTOMER_TYPE_DESC"",""sequenceNumber"":484,""name"":""FK_CUSTOMER_TYPE"",""type"":""REL""},{""columnName"":""CUSTOMER_TYPE_DESC_ALT_LANG"",""sequenceNumber"":485,""name"":""FK_CUSTOMER_TYPE"",""type"":""REL""},{""columnName"":""IS_ACTIVE"",""sequenceNumber"":486,""name"":""FK_CUSTOMER_TYPE"",""type"":""REL""},{""columnName"":""DATA_SOURCE_ID"",""sequenceNumber"":487,""name"":""FK_CUSTOMER_TYPE"",""type"":""REL""},{""columnName"":""LOAD_EXECUTION_ID"",""sequenceNumber"":488,""name"":""FK_CUSTOMER_TYPE"",""type"":""REL""},{""columnName"":""LEVEL_NUMBER"",""sequenceNumber"":489,""name"":""FK_CUSTOMER_TYPE"",""type"":""REL""},{""columnName"":""LEVEL_DESCRIPTION"",""sequenceNumber"":490,""name"":""FK_CUSTOMER_TYPE"",""type"":""REL""},{""columnName"":""NPA_ACTION_ID"",""sequenceNumber"":491,""name"":""FK_NPA_ACTION"",""type"":""REL""},{""columnName"":""NPA_ACTION_CODE"",""sequenceNumber"":492,""name"":""FK_NPA_ACTION"",""type"":""REL""},{""columnName"":""NPA_ACTION_DESC"",""sequenceNumber"":493,""name"":""FK_NPA_ACTION"",""type"":""REL""},{""columnName"":""NPA_ACTION_DETAILS"",""sequenceNumber"":494,""name"":""FK_NPA_ACTION"",""type"":""REL""},{""columnName"":""SYSTEM_ENTRY_TIME"",""sequenceNumber"":495,""name"":""FK_NPA_ACTION"",""type"":""REL""},{""columnName"":""PRIORITY"",""sequenceNumber"":496,""name"":""FK_NPA_ACTION"",""type"":""REL""},{""columnName"":""DATA_SOURCE_ID"",""sequenceNumber"":497,""name"":""FK_NPA_ACTION"",""type"":""REL""},{""columnName"":""NPA_ID"",""sequenceNumber"":498,""name"":""FK_NPA_CODE"",""type"":""REL""},{""columnName"":""NPA_CODE"",""sequenceNumber"":499,""name"":""FK_NPA_CODE"",""type"":""REL""},{""columnName"":""NPA_CODE_DESC"",""sequenceNumber"":500,""name"":""FK_NPA_CODE"",""type"":""REL""},{""columnName"":""SYSTEM_ENTRY_TIME"",""sequenceNumber"":501,""name"":""FK_NPA_CODE"",""type"":""REL""},{""columnName"":""CUSTOMER_ID"",""sequenceNumber"":502,""name"":""FK_FPM_AGG"",""type"":""REL""},{""columnName"":""PERIOD_ID"",""sequenceNumber"":503,""name"":""FK_FPM_AGG"",""type"":""REL""},{""columnName"":""UNIFIED_CUSTOMER_ID"",""sequenceNumber"":504,""name"":""FK_FPM_AGG"",""type"":""REL""},{""columnName"":""LIMIT_DPD"",""sequenceNumber"":505,""name"":""FK_FPM_AGG"",""type"":""REL""},{""columnName"":""OVERDRAWN_DPD"",""sequenceNumber"":506,""name"":""FK_FPM_AGG"",""type"":""REL""},{""columnName"":""PRINCIPAL_DPD"",""sequenceNumber"":507,""name"":""FK_FPM_AGG"",""type"":""REL""},{""columnName"":""BILL_DPD"",""sequenceNumber"":508,""name"":""FK_FPM_AGG"",""type"":""REL""},{""columnName"":""DP_DPD"",""sequenceNumber"":509,""name"":""FK_FPM_AGG"",""type"":""REL""},{""columnName"":""INTEREST_DPD"",""sequenceNumber"":510,""name"":""FK_FPM_AGG"",""type"":""REL""},{""columnName"":""PAYLATER_DPD"",""sequenceNumber"":511,""name"":""FK_FPM_AGG"",""type"":""REL""},{""columnName"":""OUT_OF_ORDER_DPD"",""sequenceNumber"":512,""name"":""FK_FPM_AGG"",""type"":""REL""},{""columnName"":""DFS_DPD"",""sequenceNumber"":513,""name"":""FK_FPM_AGG"",""type"":""REL""},{""columnName"":""FREE_DPD_1"",""sequenceNumber"":514,""name"":""FK_FPM_AGG"",""type"":""REL""},{""columnName"":""FREE_DPD_2"",""sequenceNumber"":515,""name"":""FK_FPM_AGG"",""type"":""REL""},{""columnName"":""FREE_DPD_3"",""sequenceNumber"":516,""name"":""FK_FPM_AGG"",""type"":""REL""},{""columnName"":""FREE_DPD_4"",""sequenceNumber"":517,""name"":""FK_FPM_AGG"",""type"":""REL""},{""columnName"":""FREE_DPD_5"",""sequenceNumber"":518,""name"":""FK_FPM_AGG"",""type"":""REL""},{""columnName"":""FREE_DPD_6"",""sequenceNumber"":519,""name"":""FK_FPM_AGG"",""type"":""REL""},{""columnName"":""FREE_DPD_7"",""sequenceNumber"":520,""name"":""FK_FPM_AGG"",""type"":""REL""},{""columnName"":""FREE_DPD_8"",""sequenceNumber"":521,""name"":""FK_FPM_AGG"",""type"":""REL""},{""columnName"":""FREE_DPD_9"",""sequenceNumber"":522,""name"":""FK_FPM_AGG"",""type"":""REL""},{""columnName"":""FREE_DPD_10"",""sequenceNumber"":523,""name"":""FK_FPM_AGG"",""type"":""REL""},{""columnName"":""MAX_DPD"",""sequenceNumber"":524,""name"":""FK_FPM_AGG"",""type"":""REL""},{""columnName"":""TOTAL_OUTSTANDING_AMT"",""sequenceNumber"":525,""name"":""FK_FPM_AGG"",""type"":""REL""},{""columnName"":""MAX_MIS_DPD_1"",""sequenceNumber"":526,""name"":""FK_FPM_AGG"",""type"":""REL""},{""columnName"":""MAX_MIS_DPD_10"",""sequenceNumber"":527,""name"":""FK_FPM_AGG"",""type"":""REL""},{""columnName"":""MAX_MIS_DPD_2"",""sequenceNumber"":528,""name"":""FK_FPM_AGG"",""type"":""REL""},{""columnName"":""MAX_MIS_DPD_3"",""sequenceNumber"":529,""name"":""FK_FPM_AGG"",""type"":""REL""},{""columnName"":""MAX_MIS_DPD_4"",""sequenceNumber"":530,""name"":""FK_FPM_AGG"",""type"":""REL""},{""columnName"":""MAX_MIS_DPD_5"",""sequenceNumber"":531,""name"":""FK_FPM_AGG"",""type"":""REL""},{""columnName"":""MAX_MIS_DPD_6"",""sequenceNumber"":532,""name"":""FK_FPM_AGG"",""type"":""REL""},{""columnName"":""MAX_MIS_DPD_7"",""sequenceNumber"":533,""name"":""FK_FPM_AGG"",""type"":""REL""},{""columnName"":""MAX_MIS_DPD_8"",""sequenceNumber"":534,""name"":""FK_FPM_AGG"",""type"":""REL""},{""columnName"":""MAX_MIS_DPD_9"",""sequenceNumber"":535,""name"":""FK_FPM_AGG"",""type"":""REL""},{""columnName"":""COLLATERAL_AMOUNT"",""sequenceNumber"":536,""name"":""FK_FPM_AGG"",""type"":""REL""},{""columnName"":""COLLATERAL_TO_OUTSTNDING_RATIO"",""sequenceNumber"":537,""name"":""FK_FPM_AGG"",""type"":""REL""},{""columnName"":""RESTRUCTURE_MONITORING_PERIOD"",""sequenceNumber"":538,""name"":""var"",""type"":""TEMP""},{""columnName"":""PREV_DAY_ASSET_CLASS_ID"",""sequenceNumber"":539,""name"":""var"",""type"":""TEMP""},{""columnName"":""ASSET_CLASS_DAYS"",""sequenceNumber"":540,""name"":""var"",""type"":""TEMP""},{""columnName"":""cOLLATERAL_AMT_CHECK"",""sequenceNumber"":541,""name"":""var"",""type"":""TEMP""},{""columnName"":""COLLATERAL_OUTSTANDING_RATIO"",""sequenceNumber"":542,""name"":""var"",""type"":""TEMP""},{""columnName"":""COLLATERAL_AMT_CHECK"",""sequenceNumber"":543,""name"":""var"",""type"":""TEMP""},{""columnName"":""BUSINESS_DATE"",""sequenceNumber"":544,""name"":""var"",""type"":""TEMP""},{""columnName"":""PREV_DAY_ASSET_CLASS"",""sequenceNumber"":545,""name"":""var"",""type"":""TEMP""}]}",
FCT_ECL_PRODUCT,STAGE_CLASSIFICATION_ID,Physical,Decision Table,"IF((""FCT_ECL_PRODUCT"".""FRAUD_CODE"")IN[""Yes""]) THEN(""3#@@#Stage 3- Fraud"") ELSEIF((""FCT_ECL_PRODUCT"".""var"".""Bureau score"") < 600) THEN(""3#@@#Stage 3- Bureau Score Drops Below 600"") ELSEIF((""FCT_ECL_PRODUCT"".""var"".""Internal_Rating_Down_2notches"")IN[""Y""]) THEN(""2#@@#Stage 2- Internal Rating Down Up To 2 Notches"") ELSEIF((""FCT_ECL_PRODUCT"".""var"".""LTV_More_Than_90"")IN[""Y""]) THEN(""2#@@#Stage 2- LTV More Than 90"") ELSEIF((""FCT_ECL_PRODUCT"".""var"".""Bureau score"") < 670) THEN(""2#@@#Stage 2- Bureau Score Drops Below 670 "") ELSEIF((""FCT_ECL_PRODUCT"".""var"".""Relative_Increase_in_PD"") > 1.3) THEN(""2#@@#Stage 2- Relative Increase in PD"") ELSEIF((""FCT_ECL_PRODUCT"".""var"".""Bureau score"") >= 670) THEN(""1#@@#Stage 1- Bureau Score"") ELSEIF(AND((""FCT_ECL_PRODUCT"".""var"".""Chque_Amount"") > 100000,(""FCT_ECL_PRODUCT"".""var"".""Rejection_Reason"")CONTAINS[""Insufficient Balance""],(""FCT_ECL_PRODUCT"".""var"".""No_of_Rejected_Cheques"") >= 2)) THEN(""2#@@#Stage 2- High Value Cheque Bounce"") ELSEIF((""FCT_ECL_PRODUCT"".""DPD"") BETWEEN [0,29]) THEN(""1#@@#Stage 1- DPD"") ELSEIF((""FCT_ECL_PRODUCT"".""DPD"") BETWEEN [30,89]) THEN(""2#@@#Stage 2- DPD"") ELSEIF((""FCT_ECL_PRODUCT"".""DPD"") >= 90) THEN(""3#@@#Stage 3- DPD"") ELSEIF(AND((""FCT_ECL_PRODUCT"".""IS_RATING_DOWNGRADED"")IN[""Y""],(""FCT_ECL_PRODUCT"".""var"".""Downgrade_in_Internal_Rating"") BETWEEN [2,4])) THEN(""2#@@#Stage 2- Downgrade in Internal Rating"") ELSEIF(AND((""FCT_ECL_PRODUCT"".""IS_RATING_DOWNGRADED"")IN[""Y""],(""FCT_ECL_PRODUCT"".""var"".""Downgrade_in_Internal_Rating"") >= 5)) THEN(""3#@@#Stage 3- Downgrade in Internal Grade"") ELSE(""-1#@@#Default"")",20-07-2026,ACTIVE,number,"{""decisionTableDetails"":[{""derivedValue"":""Stage 3"",""sequenceNumber"":1,""conditionName"":""Stage 3- Fraud"",""conditionalLinksInfo"":[{""columnName"":""FRAUD_CODE"",""operator"":""IN"",""rangeFrom"":"""",""rangeTo"":"""",""value"":""Yes"",""name"":""FRAUD_CODE"",""type"":""ENT"",""isFilterSet"":""""}]},{""derivedValue"":""Stage 3"",""sequenceNumber"":2,""conditionName"":""Stage 3- Bureau Score Drops Below 600"",""conditionalLinksInfo"":[{""columnName"":""Bureau score"",""operator"":""<"",""rangeFrom"":"""",""rangeTo"":"""",""value"":""600"",""name"":""var"",""type"":""TEMP"",""isFilterSet"":""""}]},{""derivedValue"":""Stage 2"",""sequenceNumber"":3,""conditionName"":""Stage 2- Internal Rating Down Up To 2 Notches"",""conditionalLinksInfo"":[{""columnName"":""Internal_Rating_Down_2notches"",""operator"":""IN"",""rangeFrom"":"""",""rangeTo"":"""",""value"":""Y"",""name"":""var"",""type"":""TEMP"",""isFilterSet"":""""}]},{""derivedValue"":""Stage 2"",""sequenceNumber"":4,""conditionName"":""Stage 2- LTV More Than 90"",""conditionalLinksInfo"":[{""columnName"":""LTV_More_Than_90"",""operator"":""IN"",""rangeFrom"":"""",""rangeTo"":"""",""value"":""Y"",""name"":""var"",""type"":""TEMP"",""isFilterSet"":""""}]},{""derivedValue"":""Stage 2"",""sequenceNumber"":5,""conditionName"":""Stage 2- Bureau Score Drops Below 670 "",""conditionalLinksInfo"":[{""columnName"":""Bureau score"",""operator"":""<"",""rangeFrom"":"""",""rangeTo"":"""",""value"":""670"",""name"":""var"",""type"":""TEMP"",""isFilterSet"":""""}]},{""derivedValue"":""Stage 2"",""sequenceNumber"":6,""conditionName"":""Stage 2- Relative Increase in PD"",""conditionalLinksInfo"":[{""columnName"":""Relative_Increase_in_PD"",""operator"":"">"",""rangeFrom"":"""",""rangeTo"":"""",""value"":""1.3"",""name"":""var"",""type"":""TEMP"",""isFilterSet"":""""}]},{""derivedValue"":""Stage 1"",""sequenceNumber"":7,""conditionName"":""Stage 1- Bureau Score"",""conditionalLinksInfo"":[{""columnName"":""Bureau score"",""operator"":"">="",""rangeFrom"":"""",""rangeTo"":"""",""value"":""670"",""name"":""var"",""type"":""TEMP"",""isFilterSet"":""""}]},{""derivedValue"":""Stage 2"",""sequenceNumber"":8,""conditionName"":""Stage 2- High Value Cheque Bounce"",""conditionalLinksInfo"":[{""columnName"":""Chque_Amount"",""operator"":"">"",""rangeFrom"":"""",""rangeTo"":"""",""value"":""100000"",""name"":""var"",""type"":""TEMP"",""isFilterSet"":""""},{""columnName"":""Rejection_Reason"",""operator"":""CONTAINS"",""rangeFrom"":"""",""rangeTo"":"""",""value"":""Insufficient Balance"",""name"":""var"",""type"":""TEMP"",""isFilterSet"":""""},{""columnName"":""No_of_Rejected_Cheques"",""operator"":"">="",""rangeFrom"":"""",""rangeTo"":"""",""value"":""2"",""name"":""var"",""type"":""TEMP"",""isFilterSet"":""""}]},{""derivedValue"":""Stage 1"",""sequenceNumber"":9,""conditionName"":""Stage 1- DPD"",""conditionalLinksInfo"":[{""columnName"":""DPD"",""operator"":""BETWEEN"",""rangeFrom"":""0"",""rangeTo"":""29"",""value"":"""",""name"":""DPD"",""type"":""ENT"",""isFilterSet"":""""}]},{""derivedValue"":""Stage 2"",""sequenceNumber"":10,""conditionName"":""Stage 2- DPD"",""conditionalLinksInfo"":[{""columnName"":""DPD"",""operator"":""BETWEEN"",""rangeFrom"":""30"",""rangeTo"":""89"",""value"":"""",""name"":""DPD"",""type"":""ENT"",""isFilterSet"":""""}]},{""derivedValue"":""Stage 3"",""sequenceNumber"":11,""conditionName"":""Stage 3- DPD"",""conditionalLinksInfo"":[{""columnName"":""DPD"",""operator"":"">="",""rangeFrom"":"""",""rangeTo"":"""",""value"":""90"",""name"":""DPD"",""type"":""ENT"",""isFilterSet"":""""}]},{""derivedValue"":""Stage 2"",""sequenceNumber"":12,""conditionName"":""Stage 2- Downgrade in Internal Rating"",""conditionalLinksInfo"":[{""columnName"":""IS_RATING_DOWNGRADED"",""operator"":""IN"",""rangeFrom"":"""",""rangeTo"":"""",""value"":""Y"",""name"":""IS_RATING_DOWNGRADED"",""type"":""ENT"",""isFilterSet"":""""},{""columnName"":""Downgrade_in_Internal_Rating"",""operator"":""BETWEEN"",""rangeFrom"":""2"",""rangeTo"":""4"",""value"":"""",""name"":""var"",""type"":""TEMP"",""isFilterSet"":""""}]},{""derivedValue"":""Stage 3"",""sequenceNumber"":13,""conditionName"":""Stage 3- Downgrade in Internal Grade"",""conditionalLinksInfo"":[{""columnName"":""IS_RATING_DOWNGRADED"",""operator"":""IN"",""rangeFrom"":"""",""rangeTo"":"""",""value"":""Y"",""name"":""IS_RATING_DOWNGRADED"",""type"":""ENT"",""isFilterSet"":""""},{""columnName"":""Downgrade_in_Internal_Rating"",""operator"":"">="",""rangeFrom"":"""",""rangeTo"":"""",""value"":""5"",""name"":""var"",""type"":""TEMP"",""isFilterSet"":""""}]},{""derivedValue"":""NA           "",""sequenceNumber"":14,""conditionName"":""Default"",""conditionalLinksInfo"":[]}],""decisionTableSelectedColumns"":[{""columnName"":""STOCK_STATEMENT_DPD"",""sequenceNumber"":1,""name"":""STOCK_STATEMENT_DPD"",""type"":""ENT""},{""columnName"":""SYSTEM_IDENTIFIER"",""sequenceNumber"":2,""name"":""SYSTEM_IDENTIFIER"",""type"":""ENT""},{""columnName"":""USER_BUSINESS_SEGMENT"",""sequenceNumber"":3,""name"":""USER_BUSINESS_SEGMENT"",""type"":""ENT""},{""columnName"":""USER_NAME"",""sequenceNumber"":4,""name"":""USER_NAME"",""type"":""ENT""},{""columnName"":""VERSION_ID"",""sequenceNumber"":5,""name"":""VERSION_ID"",""type"":""ENT""},{""columnName"":""WRITE_OFF_AMT"",""sequenceNumber"":6,""name"":""WRITE_OFF_AMT"",""type"":""ENT""},{""columnName"":""WRITTEN_OFF_DATE"",""sequenceNumber"":7,""name"":""WRITTEN_OFF_DATE"",""type"":""ENT""},{""columnName"":""PERIOD_ID"",""sequenceNumber"":8,""name"":""PERIOD_ID"",""type"":""ENT""},{""columnName"":""DATA_SOURCE_ID"",""sequenceNumber"":9,""name"":""DATA_SOURCE_ID"",""type"":""ENT""},{""columnName"":""PRODUCT_INSTANCE_BKEY"",""sequenceNumber"":10,""name"":""PRODUCT_INSTANCE_BKEY"",""type"":""ENT""},{""columnName"":""PRODUCT_INSTANCE_ID"",""sequenceNumber"":11,""name"":""PRODUCT_INSTANCE_ID"",""type"":""ENT""},{""columnName"":""CUSTOMER_BKEY"",""sequenceNumber"":12,""name"":""CUSTOMER_BKEY"",""type"":""ENT""},{""columnName"":""CUSTOMER_ID"",""sequenceNumber"":13,""name"":""CUSTOMER_ID"",""type"":""ENT""},{""columnName"":""CUSTOMER_NAME"",""sequenceNumber"":14,""name"":""CUSTOMER_NAME"",""type"":""ENT""},{""columnName"":""UNIFIED_CUSTOMER_DETAILS"",""sequenceNumber"":15,""name"":""UNIFIED_CUSTOMER_DETAILS"",""type"":""ENT""},{""columnName"":""UNIFIED_CUSTOMER_ID"",""sequenceNumber"":16,""name"":""UNIFIED_CUSTOMER_ID"",""type"":""ENT""},{""columnName"":""UNIFIED_DATA_SOURCE_ID"",""sequenceNumber"":17,""name"":""UNIFIED_DATA_SOURCE_ID"",""type"":""ENT""},{""columnName"":""PRODUCT_SYSTEM"",""sequenceNumber"":18,""name"":""PRODUCT_SYSTEM"",""type"":""ENT""},{""columnName"":""PRODUCT_TYPE_ID"",""sequenceNumber"":19,""name"":""PRODUCT_TYPE_ID"",""type"":""ENT""},{""columnName"":""CUSTOMER_CATEGORY_ID"",""sequenceNumber"":20,""name"":""CUSTOMER_CATEGORY_ID"",""type"":""ENT""},{""columnName"":""OUTSTANDING_AMT"",""sequenceNumber"":21,""name"":""OUTSTANDING_AMT"",""type"":""ENT""},{""columnName"":""OUTSTANDING_AMT_ACY"",""sequenceNumber"":22,""name"":""OUTSTANDING_AMT_ACY"",""type"":""ENT""},{""columnName"":""OUTSTANDING_PRINC_AMT"",""sequenceNumber"":23,""name"":""OUTSTANDING_PRINC_AMT"",""type"":""ENT""},{""columnName"":""OVERDUE_INTEREST_AMT"",""sequenceNumber"":24,""name"":""OVERDUE_INTEREST_AMT"",""type"":""ENT""},{""columnName"":""STAGE_ID"",""sequenceNumber"":25,""name"":""STAGE_ID"",""type"":""ENT""},{""columnName"":""STD_PRODUCT_TYPE_ID"",""sequenceNumber"":26,""name"":""STD_PRODUCT_TYPE_ID"",""type"":""ENT""},{""columnName"":""CURRENCY_ID"",""sequenceNumber"":27,""name"":""CURRENCY_ID"",""type"":""ENT""},{""columnName"":""RUN_ID"",""sequenceNumber"":28,""name"":""RUN_ID"",""type"":""ENT""},{""columnName"":""SCHEME_ID"",""sequenceNumber"":29,""name"":""SCHEME_ID"",""type"":""ENT""},{""columnName"":""COBO_RECLASS_STAGE_CLASSIFICATION_ID"",""sequenceNumber"":30,""name"":""COBO_RECLASS_STAGE_CLASSIFICATION_ID"",""type"":""ENT""},{""columnName"":""COLLATERAL_AMT"",""sequenceNumber"":31,""name"":""COLLATERAL_AMT"",""type"":""ENT""},{""columnName"":""COOLING_PERIOD_START_DATE"",""sequenceNumber"":32,""name"":""COOLING_PERIOD_START_DATE"",""type"":""ENT""},{""columnName"":""COOLING_PERIOD_END_DATE"",""sequenceNumber"":33,""name"":""COOLING_PERIOD_END_DATE"",""type"":""ENT""},{""columnName"":""CROSS_STAGE_CLASSIFICATION_DATE"",""sequenceNumber"":34,""name"":""CROSS_STAGE_CLASSIFICATION_DATE"",""type"":""ENT""},{""columnName"":""CUST_PORTFOLIO_VALUE"",""sequenceNumber"":35,""name"":""CUST_PORTFOLIO_VALUE"",""type"":""ENT""},{""columnName"":""CUSTOMER_TYPE_ID"",""sequenceNumber"":36,""name"":""CUSTOMER_TYPE_ID"",""type"":""ENT""},{""columnName"":""DELIQUENCY_STRING"",""sequenceNumber"":37,""name"":""DELIQUENCY_STRING"",""type"":""ENT""},{""columnName"":""DEPARTMENT_ID"",""sequenceNumber"":38,""name"":""DEPARTMENT_ID"",""type"":""ENT""},{""columnName"":""DPD"",""sequenceNumber"":39,""name"":""DPD"",""type"":""ENT""},{""columnName"":""ECL_CAUSAL_ACCOUNT"",""sequenceNumber"":40,""name"":""ECL_CAUSAL_ACCOUNT"",""type"":""ENT""},{""columnName"":""FAIR_VALUE"",""sequenceNumber"":41,""name"":""FAIR_VALUE"",""type"":""ENT""},{""columnName"":""FINANCIAL_TAG_ID"",""sequenceNumber"":42,""name"":""FINANCIAL_TAG_ID"",""type"":""ENT""},{""columnName"":""FRAUD_CODE"",""sequenceNumber"":43,""name"":""FRAUD_CODE"",""type"":""ENT""},{""columnName"":""FREE_AMT_1"",""sequenceNumber"":44,""name"":""FREE_AMT_1"",""type"":""ENT""},{""columnName"":""FREE_AMT_2"",""sequenceNumber"":45,""name"":""FREE_AMT_2"",""type"":""ENT""},{""columnName"":""FREE_AMT_3"",""sequenceNumber"":46,""name"":""FREE_AMT_3"",""type"":""ENT""},{""columnName"":""FREE_AMT_4"",""sequenceNumber"":47,""name"":""FREE_AMT_4"",""type"":""ENT""},{""columnName"":""FREE_AMT_5"",""sequenceNumber"":48,""name"":""FREE_AMT_5"",""type"":""ENT""},{""columnName"":""FREE_DATE_1"",""sequenceNumber"":49,""name"":""FREE_DATE_1"",""type"":""ENT""},{""columnName"":""FREE_DATE_2"",""sequenceNumber"":50,""name"":""FREE_DATE_2"",""type"":""ENT""},{""columnName"":""FREE_DATE_3"",""sequenceNumber"":51,""name"":""FREE_DATE_3"",""type"":""ENT""},{""columnName"":""FREE_DATE_4"",""sequenceNumber"":52,""name"":""FREE_DATE_4"",""type"":""ENT""},{""columnName"":""FREE_DATE_5"",""sequenceNumber"":53,""name"":""FREE_DATE_5"",""type"":""ENT""},{""columnName"":""FREE_TEXT_1"",""sequenceNumber"":54,""name"":""FREE_TEXT_1"",""type"":""ENT""},{""columnName"":""FREE_TEXT_2"",""sequenceNumber"":55,""name"":""FREE_TEXT_2"",""type"":""ENT""},{""columnName"":""FREE_TEXT_3"",""sequenceNumber"":56,""name"":""FREE_TEXT_3"",""type"":""ENT""},{""columnName"":""FREE_TEXT_4"",""sequenceNumber"":57,""name"":""FREE_TEXT_4"",""type"":""ENT""},{""columnName"":""FREE_TEXT_5"",""sequenceNumber"":58,""name"":""FREE_TEXT_5"",""type"":""ENT""},{""columnName"":""INTERNAL_RATING_ID"",""sequenceNumber"":59,""name"":""INTERNAL_RATING_ID"",""type"":""ENT""},{""columnName"":""EXTERNAL_RATING_ID_1"",""sequenceNumber"":60,""name"":""EXTERNAL_RATING_ID_1"",""type"":""ENT""},{""columnName"":""EXTERNAL_RATING_ID_2"",""sequenceNumber"":61,""name"":""EXTERNAL_RATING_ID_2"",""type"":""ENT""},{""columnName"":""IS_ACTIVE"",""sequenceNumber"":62,""name"":""IS_ACTIVE"",""type"":""ENT""},{""columnName"":""IS_ADDITIONAL_FINANCE"",""sequenceNumber"":63,""name"":""IS_ADDITIONAL_FINANCE"",""type"":""ENT""},{""columnName"":""IS_IBC_ADMITTED"",""sequenceNumber"":64,""name"":""IS_IBC_ADMITTED"",""type"":""ENT""},{""columnName"":""IS_IBC_FILING"",""sequenceNumber"":65,""name"":""IS_IBC_FILING"",""type"":""ENT""},{""columnName"":""IS_RATING_DOWNGRADED"",""sequenceNumber"":66,""name"":""IS_RATING_DOWNGRADED"",""type"":""ENT""},{""columnName"":""IS_RE_RESTRUCTURE"",""sequenceNumber"":67,""name"":""IS_RE_RESTRUCTURE"",""type"":""ENT""},{""columnName"":""IS_RESTRUCTURE_ASSIGNED"",""sequenceNumber"":68,""name"":""IS_RESTRUCTURE_ASSIGNED"",""type"":""ENT""},{""columnName"":""IS_SECURED"",""sequenceNumber"":69,""name"":""IS_SECURED"",""type"":""ENT""},{""columnName"":""IS_STAGE_PERSIST"",""sequenceNumber"":70,""name"":""IS_STAGE_PERSIST"",""type"":""ENT""},{""columnName"":""IS_WRITTEN_OFF"",""sequenceNumber"":71,""name"":""IS_WRITTEN_OFF"",""type"":""ENT""},{""columnName"":""MARK_TO_MARKET_AMT"",""sequenceNumber"":72,""name"":""MARK_TO_MARKET_AMT"",""type"":""ENT""},{""columnName"":""MAX_DPD"",""sequenceNumber"":73,""name"":""MAX_DPD"",""type"":""ENT""},{""columnName"":""STAGE_EVENT_ID"",""sequenceNumber"":74,""name"":""STAGE_EVENT_ID"",""type"":""ENT""},{""columnName"":""PRI_RESTRUCTR_STAGE_CLASSIFICATION_ID"",""sequenceNumber"":75,""name"":""PRI_RESTRUCTR_STAGE_CLASSIFICATION_ID"",""type"":""ENT""},{""columnName"":""PRIORITY_SECTOR_ID"",""sequenceNumber"":76,""name"":""PRIORITY_SECTOR_ID"",""type"":""ENT""},{""columnName"":""PRODUCT_STATUS_ID"",""sequenceNumber"":77,""name"":""PRODUCT_STATUS_ID"",""type"":""ENT""},{""columnName"":""REMARKS"",""sequenceNumber"":78,""name"":""REMARKS"",""type"":""ENT""},{""columnName"":""RESTRUCTURED_DATE"",""sequenceNumber"":79,""name"":""RESTRUCTURED_DATE"",""type"":""ENT""},{""columnName"":""RESTRUCTURED_IND"",""sequenceNumber"":80,""name"":""RESTRUCTURED_IND"",""type"":""ENT""},{""columnName"":""SERVICE_OUTLET_ID"",""sequenceNumber"":81,""name"":""SERVICE_OUTLET_ID"",""type"":""ENT""},{""columnName"":""SOURCE_STAGE_CLASSIFICATION_CODE"",""sequenceNumber"":82,""name"":""SOURCE_STAGE_CLASSIFICATION_CODE"",""type"":""ENT""},{""columnName"":""SOURCE_STAGE_CLASSIFICATION_DATE"",""sequenceNumber"":83,""name"":""SOURCE_STAGE_CLASSIFICATION_DATE"",""type"":""ENT""},{""columnName"":""STAGE_AGEING"",""sequenceNumber"":84,""name"":""STAGE_AGEING"",""type"":""ENT""},{""columnName"":""STAGE_CLASSIFICATION_DATE"",""sequenceNumber"":85,""name"":""STAGE_CLASSIFICATION_DATE"",""type"":""ENT""},{""columnName"":""STAGE_CLASSIFICATION_ID"",""sequenceNumber"":86,""name"":""STAGE_CLASSIFICATION_ID"",""type"":""ENT""},{""columnName"":""STAGE_CLASSIFICATION_REASON"",""sequenceNumber"":87,""name"":""STAGE_CLASSIFICATION_REASON"",""type"":""ENT""},{""columnName"":""STAGE_RECLASS_ID"",""sequenceNumber"":88,""name"":""STAGE_RECLASS_ID"",""type"":""ENT""},{""columnName"":""STAGE_CLASSIFICATION_ID"",""sequenceNumber"":89,""name"":""Stage Classification"",""type"":""REL""},{""columnName"":""STAGE_CLASSIFICATION_CODE"",""sequenceNumber"":90,""name"":""Stage Classification"",""type"":""REL""},{""columnName"":""STAGE_CLASSIFICATION_DESC"",""sequenceNumber"":91,""name"":""Stage Classification"",""type"":""REL""},{""columnName"":""IS_ACTIVE"",""sequenceNumber"":92,""name"":""Stage Classification"",""type"":""REL""},{""columnName"":""ECL_PRIORITY"",""sequenceNumber"":93,""name"":""Stage Classification"",""type"":""REL""},{""columnName"":""COOLING_PERIOD_DAYS"",""sequenceNumber"":94,""name"":""Stage Classification"",""type"":""REL""},{""columnName"":""GROSS_NPA"",""sequenceNumber"":95,""name"":""Internal Rating "",""type"":""REL""},{""columnName"":""NET_NPA"",""sequenceNumber"":96,""name"":""Internal Rating "",""type"":""REL""},{""columnName"":""OVERDUE_AMT"",""sequenceNumber"":97,""name"":""Internal Rating "",""type"":""REL""},{""columnName"":""OVERDUE_INTEREST_AMT"",""sequenceNumber"":98,""name"":""Internal Rating "",""type"":""REL""},{""columnName"":""OVERDUE_OTHER_AMT"",""sequenceNumber"":99,""name"":""Internal Rating "",""type"":""REL""},{""columnName"":""OVERDUE_PRINCIPAL_AMT"",""sequenceNumber"":100,""name"":""Internal Rating "",""type"":""REL""},{""columnName"":""OUTSTANDING_AMT_ACY"",""sequenceNumber"":101,""name"":""Internal Rating "",""type"":""REL""},{""columnName"":""MARK_TO_MARKET_AMT"",""sequenceNumber"":102,""name"":""Internal Rating "",""type"":""REL""},{""columnName"":""PRODUCT_STATUS_ID"",""sequenceNumber"":103,""name"":""Internal Rating "",""type"":""REL""},{""columnName"":""CUSTOMER_TYPE_ID"",""sequenceNumber"":104,""name"":""Internal Rating "",""type"":""REL""},{""columnName"":""BUSINESS_GROUP"",""sequenceNumber"":105,""name"":""Internal Rating "",""type"":""REL""},{""columnName"":""SERVICE_OUTLET_ID"",""sequenceNumber"":106,""name"":""Internal Rating "",""type"":""REL""},{""columnName"":""SCHEME_ID"",""sequenceNumber"":107,""name"":""Internal Rating "",""type"":""REL""},{""columnName"":""PRINCIPAL_DPD"",""sequenceNumber"":108,""name"":""Internal Rating "",""type"":""REL""},{""columnName"":""INTEREST_DPD"",""sequenceNumber"":109,""name"":""Internal Rating "",""type"":""REL""},{""columnName"":""LIMIT_DPD"",""sequenceNumber"":110,""name"":""Internal Rating "",""type"":""REL""},{""columnName"":""BILL_DPD"",""sequenceNumber"":111,""name"":""Internal Rating "",""type"":""REL""},{""columnName"":""OUT_OF_ORDER_DPD"",""sequenceNumber"":112,""name"":""Internal Rating "",""type"":""REL""},{""columnName"":""OVERDRAWN_DPD"",""sequenceNumber"":113,""name"":""Internal Rating "",""type"":""REL""},{""columnName"":""PAYLATER_DPD"",""sequenceNumber"":114,""name"":""Internal Rating "",""type"":""REL""},{""columnName"":""STOCK_STATEMENT_DPD"",""sequenceNumber"":115,""name"":""Internal Rating "",""type"":""REL""},{""columnName"":""MAX_DPD"",""sequenceNumber"":116,""name"":""Internal Rating "",""type"":""REL""},{""columnName"":""COLLATERAL_AMT"",""sequenceNumber"":117,""name"":""Internal Rating "",""type"":""REL""},{""columnName"":""COLLATERAL_CURRENCY_ID"",""sequenceNumber"":118,""name"":""Internal Rating "",""type"":""REL""},{""columnName"":""COLLATERAL_STATUS_ID"",""sequenceNumber"":119,""name"":""Internal Rating "",""type"":""REL""},{""columnName"":""COLLATERAL_TYPE_ID"",""sequenceNumber"":120,""name"":""Internal Rating "",""type"":""REL""},{""columnName"":""FRAUD_CODE"",""sequenceNumber"":121,""name"":""Internal Rating "",""type"":""REL""},{""columnName"":""IS_ADDITIONAL_FINANCE"",""sequenceNumber"":122,""name"":""Internal Rating "",""type"":""REL""},{""columnName"":""IS_FUND_BASED"",""sequenceNumber"":123,""name"":""Internal Rating "",""type"":""REL""},{""columnName"":""IS_IBC_ADMITTED"",""sequenceNumber"":124,""name"":""Internal Rating "",""type"":""REL""},{""columnName"":""IS_IBC_FILING"",""sequenceNumber"":125,""name"":""Internal Rating "",""type"":""REL""},{""columnName"":""IS_MSME"",""sequenceNumber"":126,""name"":""Internal Rating "",""type"":""REL""},{""columnName"":""IS_RE_RESTRUCTURE"",""sequenceNumber"":127,""name"":""Internal Rating "",""type"":""REL""},{""columnName"":""IS_RESTRUCTURE_ASSIGNED"",""sequenceNumber"":128,""name"":""Internal Rating "",""type"":""REL""},{""columnName"":""IS_SECURED"",""sequenceNumber"":129,""name"":""Internal Rating "",""type"":""REL""},{""columnName"":""IS_SHORT_TERM"",""sequenceNumber"":130,""name"":""Internal Rating "",""type"":""REL""},{""columnName"":""IS_STICKY"",""sequenceNumber"":131,""name"":""Internal Rating "",""type"":""REL""},{""columnName"":""IS_SECURITIZED"",""sequenceNumber"":132,""name"":""Internal Rating "",""type"":""REL""},{""columnName"":""IS_SETTLED"",""sequenceNumber"":133,""name"":""Internal Rating "",""type"":""REL""},{""columnName"":""IS_WRITTEN_OFF"",""sequenceNumber"":134,""name"":""Internal Rating "",""type"":""REL""},{""columnName"":""IS_RATING_DOWNGRADED"",""sequenceNumber"":135,""name"":""Internal Rating "",""type"":""REL""},{""columnName"":""ACCT_OPEN_DATE"",""sequenceNumber"":136,""name"":""Internal Rating "",""type"":""REL""},{""columnName"":""LOAN_START_DATE"",""sequenceNumber"":137,""name"":""Internal Rating "",""type"":""REL""},{""columnName"":""MATURITY_DATE"",""sequenceNumber"":138,""name"":""Internal Rating "",""type"":""REL""},{""columnName"":""CURRENCY_ID"",""sequenceNumber"":139,""name"":""Internal Rating "",""type"":""REL""},{""columnName"":""ACY_TO_LCY_RATE"",""sequenceNumber"":140,""name"":""Internal Rating "",""type"":""REL""},{""columnName"":""FREE_TEXT_2"",""sequenceNumber"":141,""name"":""Internal Rating "",""type"":""REL""},{""columnName"":""FREE_TEXT_3"",""sequenceNumber"":142,""name"":""Internal Rating "",""type"":""REL""},{""columnName"":""FREE_TEXT_4"",""sequenceNumber"":143,""name"":""Internal Rating "",""type"":""REL""},{""columnName"":""FREE_TEXT_5"",""sequenceNumber"":144,""name"":""Internal Rating "",""type"":""REL""},{""columnName"":""FREE_DATE_1"",""sequenceNumber"":145,""name"":""Internal Rating "",""type"":""REL""},{""columnName"":""FREE_DATE_2"",""sequenceNumber"":146,""name"":""Internal Rating "",""type"":""REL""},{""columnName"":""SOURCE_PROVISION_INTEREST_AMT"",""sequenceNumber"":147,""name"":""Internal Rating "",""type"":""REL""},{""columnName"":""SOURCE_PROVISION_PRINCIPAL_AMT"",""sequenceNumber"":148,""name"":""Internal Rating "",""type"":""REL""},{""columnName"":""SOURCE_PROV_PERCENT_SECURED"",""sequenceNumber"":149,""name"":""Internal Rating "",""type"":""REL""},{""columnName"":""PRODUCT_TYPE_ID"",""sequenceNumber"":150,""name"":""Internal Rating "",""type"":""REL""},{""columnName"":""ASSET_CLASS_DAYS"",""sequenceNumber"":151,""name"":""Internal Rating "",""type"":""REL""},{""columnName"":""ASSET_CLASS_ID"",""sequenceNumber"":152,""name"":""Internal Rating "",""type"":""REL""},{""columnName"":""CLASSIFICATION_DATE"",""sequenceNumber"":153,""name"":""Internal Rating "",""type"":""REL""},{""columnName"":""RECLASS_ASSET_ID"",""sequenceNumber"":154,""name"":""Internal Rating "",""type"":""REL""},{""columnName"":""NPA_STD_PRODUCT_TYPE_ID"",""sequenceNumber"":155,""name"":""Internal Rating "",""type"":""REL""},{""columnName"":""NPA_DATE"",""sequenceNumber"":156,""name"":""Internal Rating "",""type"":""REL""},{""columnName"":""NPA_EVENT_ID"",""sequenceNumber"":157,""name"":""Internal Rating "",""type"":""REL""},{""columnName"":""NPA_EXCLUSION_FLAG"",""sequenceNumber"":158,""name"":""Internal Rating "",""type"":""REL""},{""columnName"":""NPA_ID"",""sequenceNumber"":159,""name"":""Internal Rating "",""type"":""REL""},{""columnName"":""NPA_EXCLUSION_REASON"",""sequenceNumber"":160,""name"":""Internal Rating "",""type"":""REL""},{""columnName"":""OUTSTANDING_AMT"",""sequenceNumber"":161,""name"":""Internal Rating "",""type"":""REL""},{""columnName"":""OUTSTANDING_INTEREST_AMT"",""sequenceNumber"":162,""name"":""Internal Rating "",""type"":""REL""},{""columnName"":""OUTSTANDING_PRINC_AMT"",""sequenceNumber"":163,""name"":""Internal Rating "",""type"":""REL""},{""columnName"":""OUTSTANDING_CHARGES_AMT"",""sequenceNumber"":164,""name"":""Internal Rating "",""type"":""REL""},{""columnName"":""DEPARTMENT_ID"",""sequenceNumber"":165,""name"":""Internal Rating "",""type"":""REL""},{""columnName"":""AGRI_TYPE_ID"",""sequenceNumber"":166,""name"":""Internal Rating "",""type"":""REL""},{""columnName"":""COUNTRY_ID"",""sequenceNumber"":167,""name"":""Internal Rating "",""type"":""REL""},{""columnName"":""PRIORITY_SECTOR_ID"",""sequenceNumber"":168,""name"":""Internal Rating "",""type"":""REL""},{""columnName"":""CRA_RATING_1_ID"",""sequenceNumber"":169,""name"":""Internal Rating "",""type"":""REL""},{""columnName"":""CRA_RATING_2_ID"",""sequenceNumber"":170,""name"":""Internal Rating "",""type"":""REL""},{""columnName"":""FREE_DATE_3"",""sequenceNumber"":171,""name"":""Internal Rating "",""type"":""REL""},{""columnName"":""FREE_DATE_4"",""sequenceNumber"":172,""name"":""Internal Rating "",""type"":""REL""},{""columnName"":""FREE_DATE_5"",""sequenceNumber"":173,""name"":""Internal Rating "",""type"":""REL""},{""columnName"":""FREE_AMT_1"",""sequenceNumber"":174,""name"":""Internal Rating "",""type"":""REL""},{""columnName"":""FREE_AMT_2"",""sequenceNumber"":175,""name"":""Internal Rating "",""type"":""REL""},{""columnName"":""FREE_AMT_3"",""sequenceNumber"":176,""name"":""Internal Rating "",""type"":""REL""},{""columnName"":""FREE_AMT_4"",""sequenceNumber"":177,""name"":""Internal Rating "",""type"":""REL""},{""columnName"":""FREE_AMT_5"",""sequenceNumber"":178,""name"":""Internal Rating "",""type"":""REL""},{""columnName"":""STAGE_CLASSIFICATION_ID"",""sequenceNumber"":179,""name"":""Internal Rating "",""type"":""REL""},{""columnName"":""STAGE_CLASSIFICATION_DATE"",""sequenceNumber"":180,""name"":""Internal Rating "",""type"":""REL""},{""columnName"":""STAGE_RECLASS_ID"",""sequenceNumber"":181,""name"":""Internal Rating "",""type"":""REL""},{""columnName"":""BORROWER_STAGE_CLASSIFICATION_DATE"",""sequenceNumber"":182,""name"":""Internal Rating "",""type"":""REL""},{""columnName"":""STAGE_AGEING"",""sequenceNumber"":183,""name"":""Internal Rating "",""type"":""REL""},{""columnName"":""ECL_CAUSAL_ACCOUNT"",""sequenceNumber"":184,""name"":""Internal Rating "",""type"":""REL""},{""columnName"":""STAGE_CLASSIFICATION_REASON"",""sequenceNumber"":185,""name"":""Internal Rating "",""type"":""REL""},{""columnName"":""CROSS_STAGE_DATE"",""sequenceNumber"":186,""name"":""Internal Rating "",""type"":""REL""},{""columnName"":""IS_STAGE_PERSIST"",""sequenceNumber"":187,""name"":""Internal Rating "",""type"":""REL""},{""columnName"":""LIMIT_START_DATE"",""sequenceNumber"":188,""name"":""Internal Rating "",""type"":""REL""},{""columnName"":""LINKED_LIMIT_AMT"",""sequenceNumber"":189,""name"":""Internal Rating "",""type"":""REL""},{""columnName"":""LINKED_LIMIT_UTILIZED_AMT"",""sequenceNumber"":190,""name"":""Internal Rating "",""type"":""REL""},{""columnName"":""FINANCIAL_TAG_ID"",""sequenceNumber"":191,""name"":""Internal Rating "",""type"":""REL""},{""columnName"":""SOURCE_NPA_FLAG"",""sequenceNumber"":192,""name"":""Internal Rating "",""type"":""REL""},{""columnName"":""SOURCE_NPA_DATE"",""sequenceNumber"":193,""name"":""Internal Rating "",""type"":""REL""},{""columnName"":""SOURCE_ASSET_CLASS_CODE"",""sequenceNumber"":194,""name"":""Internal Rating "",""type"":""REL""},{""columnName"":""LOAD_EXECUTION_ID"",""sequenceNumber"":195,""name"":""Internal Rating "",""type"":""REL""},{""columnName"":""SYSTEM_IDENTIFIER"",""sequenceNumber"":196,""name"":""Internal Rating "",""type"":""REL""},{""columnName"":""INTERNAL_RATING_ID"",""sequenceNumber"":197,""name"":""Internal Rating "",""type"":""REL""},{""columnName"":""CUSTOMER_CATEGORY_ID"",""sequenceNumber"":198,""name"":""Internal Rating "",""type"":""REL""},{""columnName"":""SOURCE_PROV_PERCENT_UNSECURED"",""sequenceNumber"":199,""name"":""Internal Rating "",""type"":""REL""},{""columnName"":""NO_OF_PAST_DUE_INSTALLMENTS"",""sequenceNumber"":200,""name"":""Internal Rating "",""type"":""REL""},{""columnName"":""PROVISION_TYPE_ID"",""sequenceNumber"":201,""name"":""Internal Rating "",""type"":""REL""},{""columnName"":""PRINCIPAL_COA_ID"",""sequenceNumber"":202,""name"":""Internal Rating "",""type"":""REL""},{""columnName"":""INTEREST_COA_ID"",""sequenceNumber"":203,""name"":""Internal Rating "",""type"":""REL""},{""columnName"":""INTEREST_CREDIT_YTD"",""sequenceNumber"":204,""name"":""Internal Rating "",""type"":""REL""},{""columnName"":""AGGREGATE_EXPOSURE_AMT"",""sequenceNumber"":205,""name"":""Internal Rating "",""type"":""REL""},{""columnName"":""PAST_DUE_INTEREST_COA_ID"",""sequenceNumber"":206,""name"":""Internal Rating "",""type"":""REL""},{""columnName"":""PAST_DUE_PRINCIPAL_COA_ID"",""sequenceNumber"":207,""name"":""Internal Rating "",""type"":""REL""},{""columnName"":""PRI_RESTRUCTR_ASSET_CLASS_ID"",""sequenceNumber"":208,""name"":""Internal Rating "",""type"":""REL""},{""columnName"":""RECOVERED_INT_AMT"",""sequenceNumber"":209,""name"":""Internal Rating "",""type"":""REL""},{""columnName"":""RECOVERED_PRIN_AMT"",""sequenceNumber"":210,""name"":""Internal Rating "",""type"":""REL""},{""columnName"":""REMARKS"",""sequenceNumber"":211,""name"":""Internal Rating "",""type"":""REL""},{""columnName"":""REPAYMENT_START_DATE"",""sequenceNumber"":212,""name"":""Internal Rating "",""type"":""REL""},{""columnName"":""RESTRUCTURE_ACCT_UPGRADE_DATE"",""sequenceNumber"":213,""name"":""Internal Rating "",""type"":""REL""},{""columnName"":""RESTRUCTURED_DATE"",""sequenceNumber"":214,""name"":""Internal Rating "",""type"":""REL""},{""columnName"":""RESTRUCTURED_IND"",""sequenceNumber"":215,""name"":""Internal Rating "",""type"":""REL""},{""columnName"":""REVIEW_PERIOD_END_DATE"",""sequenceNumber"":216,""name"":""Internal Rating "",""type"":""REL""},{""columnName"":""REVIEW_PERIOD_START_DATE"",""sequenceNumber"":217,""name"":""Internal Rating "",""type"":""REL""},{""columnName"":""DATE_LAST_CREDIT_MONITORED"",""sequenceNumber"":218,""name"":""Internal Rating "",""type"":""REL""},{""columnName"":""STOCK_STMT_SUBMISSION_DATE"",""sequenceNumber"":219,""name"":""Internal Rating "",""type"":""REL""},{""columnName"":""DELIQUENCY_STRING"",""sequenceNumber"":220,""name"":""Internal Rating "",""type"":""REL""},{""columnName"":""MONITORING_PERIOD_END_DATE"",""sequenceNumber"":221,""name"":""Internal Rating "",""type"":""REL""},{""columnName"":""MONITORING_PERIOD_START_DATE"",""sequenceNumber"":222,""name"":""Internal Rating "",""type"":""REL""},{""columnName"":""SPECIFIED_PERIOD_END_DATE"",""sequenceNumber"":223,""name"":""Internal Rating "",""type"":""REL""},{""columnName"":""SPECIFIED_PERIOD_START_DATE"",""sequenceNumber"":224,""name"":""Internal Rating "",""type"":""REL""},{""columnName"":""NEXT_INSTALLMENT_DATE"",""sequenceNumber"":225,""name"":""Internal Rating "",""type"":""REL""},{""columnName"":""PREVIOUS_INSTALLMENT_DATE"",""sequenceNumber"":226,""name"":""Internal Rating "",""type"":""REL""},{""columnName"":""ORIGINAL_DCCO_DATE"",""sequenceNumber"":227,""name"":""Internal Rating "",""type"":""REL""},{""columnName"":""REVISED_DCCO_DATE"",""sequenceNumber"":228,""name"":""Internal Rating "",""type"":""REL""},{""columnName"":""TOTAL_ARREARS_CREDIT"",""sequenceNumber"":229,""name"":""Internal Rating "",""type"":""REL""},{""columnName"":""TOTAL_CREDIT_YTD"",""sequenceNumber"":230,""name"":""Internal Rating "",""type"":""REL""},{""columnName"":""USER_NAME"",""sequenceNumber"":231,""name"":""Internal Rating "",""type"":""REL""},{""columnName"":""WRITE_OFF_AMT"",""sequenceNumber"":232,""name"":""Internal Rating "",""type"":""REL""},{""columnName"":""WRITE_OFF_INT_AMT"",""sequenceNumber"":233,""name"":""Internal Rating "",""type"":""REL""},{""columnName"":""WRITE_OFF_PRIN_AMT"",""sequenceNumber"":234,""name"":""Internal Rating "",""type"":""REL""},{""columnName"":""WRITTEN_OFF_DATE"",""sequenceNumber"":235,""name"":""Internal Rating "",""type"":""REL""},{""columnName"":""SETTLEMENT_DATE"",""sequenceNumber"":236,""name"":""Internal Rating "",""type"":""REL""},{""columnName"":""SETTLEMENT_AMT"",""sequenceNumber"":237,""name"":""Internal Rating "",""type"":""REL""},{""columnName"":""FREE_TEXT_1"",""sequenceNumber"":238,""name"":""Internal Rating "",""type"":""REL""},{""columnName"":""PERIOD_ID"",""sequenceNumber"":239,""name"":""Internal Rating "",""type"":""REL""},{""columnName"":""DATA_SOURCE_ID"",""sequenceNumber"":240,""name"":""Internal Rating "",""type"":""REL""},{""columnName"":""PRODUCT_INSTANCE_BKEY"",""sequenceNumber"":241,""name"":""Internal Rating "",""type"":""REL""},{""columnName"":""PRODUCT_INSTANCE_ID"",""sequenceNumber"":242,""name"":""Internal Rating "",""type"":""REL""},{""columnName"":""CUSTOMER_BKEY"",""sequenceNumber"":243,""name"":""Internal Rating "",""type"":""REL""},{""columnName"":""CUSTOMER_ID"",""sequenceNumber"":244,""name"":""Internal Rating "",""type"":""REL""},{""columnName"":""CUSTOMER_NAME"",""sequenceNumber"":245,""name"":""Internal Rating "",""type"":""REL""},{""columnName"":""PRODUCT_SYSTEM"",""sequenceNumber"":246,""name"":""Internal Rating "",""type"":""REL""},{""columnName"":""NEXT_INSTALLMENT_INTEREST_AMT"",""sequenceNumber"":247,""name"":""Internal Rating "",""type"":""REL""},{""columnName"":""NEXT_INSTALLMENT_PRINCIPAL_AMT"",""sequenceNumber"":248,""name"":""Internal Rating "",""type"":""REL""},{""columnName"":""FAIR_VALUE"",""sequenceNumber"":249,""name"":""Internal Rating "",""type"":""REL""},{""columnName"":""CUST_PORTFOLIO_VALUE"",""sequenceNumber"":250,""name"":""Internal Rating "",""type"":""REL""},{""columnName"":""LAST_CUST_PORTFOLIO_VALUE"",""sequenceNumber"":251,""name"":""Internal Rating "",""type"":""REL""},{""columnName"":""INTERST_ON_ARREARS"",""sequenceNumber"":252,""name"":""Internal Rating "",""type"":""REL""},{""columnName"":""DRAWING_POWER_AMT"",""sequenceNumber"":253,""name"":""Internal Rating "",""type"":""REL""},{""columnName"":""INTOS_ON_NPA_DATE"",""sequenceNumber"":254,""name"":""Internal Rating "",""type"":""REL""},{""columnName"":""PRINOS_ON_NPA_DATE"",""sequenceNumber"":255,""name"":""Internal Rating "",""type"":""REL""},{""columnName"":""DUE_DATE"",""sequenceNumber"":256,""name"":""Internal Rating "",""type"":""REL""},{""columnName"":""LAST_CREDIT_DATE"",""sequenceNumber"":257,""name"":""Internal Rating "",""type"":""REL""},{""columnName"":""PRINCIPAL_OVERDUE_DATE"",""sequenceNumber"":258,""name"":""Internal Rating "",""type"":""REL""},{""columnName"":""LAST_OVER_DRAWING_DATE"",""sequenceNumber"":259,""name"":""Internal Rating "",""type"":""REL""},{""columnName"":""LAST_REVIEW_DATE"",""sequenceNumber"":260,""name"":""Internal Rating "",""type"":""REL""},{""columnName"":""LAST_UNDER_DRAWING_DATE"",""sequenceNumber"":261,""name"":""Internal Rating "",""type"":""REL""},{""columnName"":""LIMIT_AMT"",""sequenceNumber"":262,""name"":""Internal Rating "",""type"":""REL""},{""columnName"":""LIMIT_CURRENCY_ID"",""sequenceNumber"":263,""name"":""Internal Rating "",""type"":""REL""},{""columnName"":""LIMIT_END_DATE"",""sequenceNumber"":264,""name"":""Internal Rating "",""type"":""REL""},{""columnName"":""LIMIT_REFERENCE_BKEY"",""sequenceNumber"":265,""name"":""Internal Rating "",""type"":""REL""},{""columnName"":""LIMIT_RENEWAL_DATE"",""sequenceNumber"":266,""name"":""Internal Rating "",""type"":""REL""},{""columnName"":""APPROVED_AMT"",""sequenceNumber"":267,""name"":""Internal Rating "",""type"":""REL""},{""columnName"":""Internal_Rating_Down_2notches"",""sequenceNumber"":268,""name"":""var"",""type"":""TEMP""},{""columnName"":""Internal_Rating_Down_2orMore"",""sequenceNumber"":269,""name"":""var"",""type"":""TEMP""},{""columnName"":""LTV_More_Than_90"",""sequenceNumber"":270,""name"":""var"",""type"":""TEMP""},{""columnName"":""Bureau score"",""sequenceNumber"":271,""name"":""var"",""type"":""TEMP""},{""columnName"":""Increase_in_PD"",""sequenceNumber"":272,""name"":""var"",""type"":""TEMP""},{""columnName"":""Relative_Increase_in_PD"",""sequenceNumber"":273,""name"":""var"",""type"":""TEMP""},{""columnName"":""Chque_Amount"",""sequenceNumber"":274,""name"":""var"",""type"":""TEMP""},{""columnName"":""Rejection_Reason"",""sequenceNumber"":275,""name"":""var"",""type"":""TEMP""},{""columnName"":""No_of_Rejected_Cheques"",""sequenceNumber"":276,""name"":""var"",""type"":""TEMP""},{""columnName"":""Downgrade_in_Internal_Rating"",""sequenceNumber"":277,""name"":""var"",""type"":""TEMP""},{""columnName"":""Previous_internal_rating"",""sequenceNumber"":278,""name"":""var"",""type"":""TEMP""}]}",
FCT_ECL_PRODUCT,Relative_Increase_in_PD,Temporary,Formula Expression,"IF(TODATE(""FCT_ECL_PRODUCT"".""IS_RATING_DOWNGRADED"")==TODATE(""FCT_ECL_PRODUCT"".""Internal Rating "".""PERIOD_ID""))THEN(""1.2"")ELSE(""1.4"")",20-07-2026,ACTIVE,number,,
FCT_ECL_PRODUCT,Downgrade_in_Internal_Rating,Temporary,Formula Expression,"IF(ISNOTEMPTY(""FCT_ECL_PRODUCT"".""INTERNAL_RATING_ID""))THEN(""FCT_ECL_PRODUCT"".""INTERNAL_RATING_ID"")ELSE(""0"")",20-07-2026,ACTIVE,number,,
FCT_ECL_PRODUCT,Chque_Amount,Temporary,Formula Expression,"IF(ISNOTEMPTY(""FCT_ECL_PRODUCT"".""FREE_AMT_1""))THEN(""FCT_ECL_PRODUCT"".""FREE_AMT_1"")ELSE(""0"")",20-07-2026,ACTIVE,number,,
FCT_ECL_PRODUCT,Rejection_Reason,Temporary,Formula Expression,"IF(ISNOTEMPTY(""FCT_ECL_PRODUCT"".""FREE_TEXT_1""))THEN(""FCT_ECL_PRODUCT"".""FREE_TEXT_1"")ELSE(""0"")",20-07-2026,ACTIVE,string,,
FCT_ECL_PRODUCT,Increase_in_PD,Temporary,Formula Expression,"IF(ISEMPTY(""FCT_ECL_PRODUCT"".""IS_RATING_DOWNGRADED""))THEN(""Y"")ELSE(""N"")",20-07-2026,ACTIVE,string,,
FCT_ECL_PRODUCT,No_of_Rejected_Cheques,Temporary,Formula Expression,"IF(ISNOTEMPTY(""FCT_ECL_PRODUCT"".""FREE_AMT_2""))THEN(""FCT_ECL_PRODUCT"".""FREE_AMT_2"")ELSE(""0"")",20-07-2026,ACTIVE,number,,
